player_id,player_name,team,position,games_played,toi_seconds,goals,assists,points,shots,hits,blocks,plus_minus,pim,fow,fol,fo_pct,GF,xG_For,Shots_For,HDC_For,Blocks_For,Hits_For,Corsi_For,OZ_Shots_For,NZ_Shots_For,DZ_Shots_For,Rush_Shots_For,ENtoS_For,EXtoEN_For,Giveaways_For,Takeaways_For,Lateral_Move_For,Longitudinal_Move_For,GameScore_For,GA,xG_Against,Shots_Against,HDC_Against,Blocks_Against,Hits_Against,Corsi_Against,OZ_Shots_Against,NZ_Shots_Against,DZ_Shots_Against,Rush_Shots_Against,ENtoS_Against,EXtoEN_Against,Giveaways_Against,Takeaways_Against,Lateral_Move_Against,Longitudinal_Move_Against,GameScore_Against,Corsi_Pct,xG_Pct
8470613,B. Burns,COL,D,54,1171.72,0.17,0.31,0.48,2.13,0.2,1.13,0.5,0.33,0.0,0.0,0.0,3.85,0.13,2.13,0.17,1.13,0.2,4.83,2.0,0.02,0.11,0.0,0.76,0.06,1.24,0.24,15.84,17.34,0.4,2.52,2.34,26.98,5.67,15.06,20.59,53.78,25.5,0.94,0.54,0.0,10.67,1.17,0.0,0.0,20.69,27.24,0.0,8.49,5.53
8470621,C. Perry,LAK,F,43,850.05,0.26,0.4,0.65,1.77,0.42,0.3,0.12,0.98,0.0,0.0,0.0,2.72,0.16,1.81,0.49,0.3,0.42,3.42,1.72,0.07,0.02,0.0,0.63,0.02,0.81,0.12,8.23,14.81,0.52,2.6,2.42,27.47,5.91,15.4,19.02,54.56,25.74,1.12,0.6,0.0,10.42,1.05,0.0,0.0,21.55,32.06,0.0,6.04,6.41
8471214,A. Ovechkin,WSH,F,57,1079.04,0.39,0.44,0.82,2.77,1.67,0.18,0.07,0.28,0.0,0.0,0.0,3.21,0.21,2.77,0.61,0.18,1.67,6.19,2.68,0.02,0.07,0.0,1.05,0.02,0.88,0.11,13.74,14.09,0.73,3.0,2.56,28.72,6.39,16.91,18.89,57.72,27.35,0.79,0.58,0.0,11.47,1.07,0.0,0.0,19.85,28.67,0.0,10.05,8.01
8471215,E. Malkin,PIT,F,39,1053.33,0.33,0.77,1.1,2.54,0.38,0.36,0.38,0.72,0.0,0.0,0.0,3.36,0.23,2.56,0.74,0.36,0.38,4.0,2.49,0.08,0.0,0.0,0.67,0.03,1.62,0.46,8.34,15.46,0.81,2.69,2.17,28.31,5.38,16.56,22.13,57.0,27.18,0.74,0.38,0.0,11.08,1.08,0.0,0.0,20.28,28.91,0.0,6.81,10.02
8471675,S. Crosby,PIT,F,54,1176.13,0.5,0.57,1.07,2.28,0.87,0.43,0.0,0.63,0.0,0.0,0.0,3.39,0.24,2.39,0.85,0.43,0.87,3.78,2.24,0.09,0.06,0.0,0.72,0.0,1.11,0.39,10.46,20.71,0.86,3.0,2.15,27.78,5.52,16.46,21.09,56.43,26.7,0.74,0.33,0.0,11.06,1.07,0.0,0.0,20.92,28.91,0.0,6.43,10.23
8471685,A. Kopitar,LAK,F,39,1106.08,0.15,0.38,0.54,1.28,0.56,0.92,0.28,0.21,0.0,0.0,0.0,2.72,0.1,1.31,0.28,0.92,0.56,2.87,1.31,0.0,0.0,0.0,0.62,0.03,0.9,0.28,4.95,7.84,0.43,2.74,2.36,27.51,5.95,15.44,20.23,54.69,25.87,1.03,0.62,0.0,10.38,0.97,0.0,0.0,21.48,32.26,0.0,5.15,4.43
8471724,K. Letang,PIT,D,50,1325.76,0.06,0.44,0.5,1.62,1.34,1.28,0.06,0.44,0.0,0.0,0.0,3.3,0.13,1.64,0.1,1.28,1.34,3.88,1.4,0.06,0.18,0.0,0.68,0.0,1.46,0.34,11.83,13.2,0.39,3.02,2.17,27.96,5.54,16.54,21.02,56.64,26.86,0.78,0.32,0.0,10.9,1.08,0.0,0.0,20.72,28.41,0.0,6.5,5.79
8471734,J. Quick,NYR,G,50,1276.1,0.0,0.0,0.0,0.0,0.0,0.0,0.0,0.0,0.0,0.0,0.0,2.6,0.0,0.0,0.0,0.0,0.0,0.0,0.0,0.0,0.0,0.0,0.0,0.0,0.0,0.0,0.0,0.0,1.33,3.28,2.47,9.72,0.0,0.0,0.0,0.0,0.0,0.0,0.0,0.0,0.0,0.0,0.0,0.0,0.0,0.0,0.0,0.0,0.0
8471817,R. Reaves,SJS,F,46,478.24,0.07,0.0,0.07,0.5,3.09,0.33,-0.26,0.7,0.0,0.0,0.0,3.24,0.05,0.5,0.13,0.33,3.09,1.11,0.46,0.04,0.0,0.0,0.33,0.04,0.37,0.15,4.73,6.45,0.14,3.57,2.23,30.67,5.89,16.76,17.39,58.52,29.2,0.76,0.72,0.0,11.57,1.09,0.0,0.0,19.17,23.62,0.0,1.94,2.4
8473419,B. Marchand,FLA,F,45,1101.33,0.56,0.56,1.11,2.82,0.76,0.36,-0.27,0.76,0.0,0.0,0.0,3.2,0.21,2.84,0.76,0.36,0.76,5.22,2.71,0.09,0.04,0.0,1.2,0.02,1.11,0.29,12.03,23.69,0.92,3.2,2.32,26.53,6.38,13.71,19.96,51.29,24.84,1.07,0.62,0.0,10.16,1.18,0.0,0.0,20.58,26.46,0.0,9.52,8.24
8473422,N. Foligno,CHI,F,32,774.66,0.06,0.25,0.31,0.81,2.38,0.78,0.06,0.72,0.0,0.0,0.0,2.81,0.07,0.84,0.19,0.78,2.38,1.38,0.78,0.06,0.0,0.0,0.28,0.03,0.59,0.06,8.52,18.53,0.3,3.03,2.53,30.41,6.78,13.81,22.03,56.88,28.78,1.06,0.56,0.0,12.28,1.16,0.0,0.0,18.36,28.2,0.0,2.64,3.08
8473503,J. Reimer,OTT,G,9,1966.56,0.0,0.0,0.0,0.0,0.0,0.0,0.0,0.0,0.0,0.0,0.0,4.0,0.0,0.0,0.0,0.0,0.0,0.0,0.0,0.0,0.0,0.0,0.0,0.0,0.0,0.0,0.0,0.0,0.4,3.22,2.07,13.22,0.0,0.0,0.0,0.0,0.0,0.0,0.0,0.0,0.0,0.0,0.0,0.0,0.0,0.0,0.0,0.0,0.0
8473507,J. Petry,FLA,D,53,883.68,0.0,0.15,0.15,0.77,0.96,1.0,-0.11,0.42,0.0,0.0,0.0,3.02,0.07,0.77,0.04,1.0,0.96,2.32,0.72,0.04,0.02,0.0,0.49,0.02,0.77,0.02,9.95,11.45,0.12,3.26,2.3,25.74,6.23,13.75,20.68,50.75,24.02,1.0,0.72,0.0,10.26,1.3,0.0,0.0,20.84,28.1,0.0,4.29,2.96
8473512,C. Giroux,OTT,F,55,1031.56,0.2,0.51,0.71,1.71,0.91,0.4,0.29,0.36,0.0,0.0,0.0,3.38,0.15,1.71,0.4,0.4,0.91,3.04,1.42,0.24,0.05,0.0,0.53,0.0,0.69,0.24,9.61,15.41,0.6,3.25,1.88,24.84,5.0,14.93,23.16,48.56,23.62,0.56,0.65,0.0,10.36,0.85,0.0,0.0,19.84,28.25,0.0,5.98,7.24
8473533,J. Staal,CAR,F,52,959.12,0.25,0.21,0.46,1.38,1.98,0.54,0.04,0.48,0.0,0.0,0.0,3.52,0.12,1.38,0.38,0.54,1.98,2.77,1.29,0.06,0.04,0.0,0.65,0.04,0.63,0.21,10.52,12.46,0.44,2.9,2.17,25.35,6.04,11.81,23.67,46.58,23.79,0.87,0.69,0.0,9.77,1.27,0.0,0.0,19.55,29.82,0.0,5.99,5.88
8473604,J. Toews,WPG,F,55,907.47,0.13,0.22,0.35,1.35,0.25,0.45,-0.27,0.55,0.0,0.0,0.0,2.89,0.11,1.36,0.24,0.45,0.25,2.38,1.31,0.05,0.0,0.0,0.55,0.02,0.71,0.29,7.76,9.86,0.3,3.09,2.4,28.2,5.96,15.71,18.44,55.58,26.95,0.67,0.58,0.0,11.04,1.07,0.0,0.0,20.74,27.14,0.0,4.19,4.69
8473986,A. Killorn,ANA,F,55,968.22,0.11,0.2,0.31,1.8,0.89,0.44,-0.05,0.62,0.0,0.0,0.0,3.29,0.14,1.8,0.4,0.44,0.89,3.13,1.69,0.04,0.07,0.0,0.65,0.02,0.8,0.29,6.5,5.33,0.31,3.51,2.26,29.13,5.95,16.56,18.58,57.31,27.45,0.73,0.95,0.0,11.91,1.24,0.0,0.0,20.49,25.76,0.0,5.33,6.35
8473994,J. Benn,DAL,F,34,752.26,0.21,0.35,0.56,1.29,1.32,0.32,0.26,0.62,0.0,0.0,0.0,3.32,0.07,1.29,0.32,0.32,1.32,1.82,1.24,0.03,0.03,0.0,0.47,0.03,0.62,0.15,5.04,4.76,0.47,2.65,2.32,26.94,5.79,16.59,25.41,54.59,25.5,0.74,0.71,0.0,11.44,0.94,0.0,0.0,19.97,29.71,0.0,3.14,2.84
8474013,I. Cole,UTA,D,56,1100.27,0.04,0.25,0.29,0.75,0.98,1.96,0.3,0.59,0.0,0.0,0.0,3.2,0.06,0.75,0.05,1.96,0.98,2.07,0.66,0.0,0.09,0.0,0.27,0.05,1.2,0.16,10.91,8.83,0.22,2.79,1.99,25.93,4.64,15.36,21.62,52.41,24.41,1.0,0.52,0.0,10.8,1.38,0.0,0.0,20.38,27.68,0.0,4.0,3.26
8474037,J. van Riemsdyk,DET,F,48,749.21,0.29,0.21,0.5,1.69,0.17,0.48,-0.21,0.25,0.0,0.0,0.0,3.04,0.15,1.73,0.58,0.48,0.17,3.1,1.65,0.06,0.02,0.0,0.58,0.0,0.58,0.15,8.62,15.87,0.45,2.79,2.62,28.21,5.83,18.94,20.9,59.92,26.65,0.85,0.71,0.0,11.71,0.92,0.0,0.0,18.34,23.88,0.0,5.1,5.48
8474090,B. Smith,CBJ,D,15,664.67,0.0,0.13,0.13,0.67,0.8,0.73,-0.07,0.73,0.0,0.0,0.0,3.13,0.04,0.67,0.0,0.73,0.8,1.4,0.67,0.0,0.0,0.0,0.27,0.0,1.0,0.33,4.6,7.8,0.08,3.47,2.24,29.47,5.93,16.0,18.73,57.33,27.67,1.2,0.6,0.0,12.0,1.67,0.0,0.0,21.17,28.86,0.0,2.37,1.86
8474102,D. Perron,OTT,F,49,806.16,0.2,0.31,0.51,1.41,1.31,0.37,0.04,0.45,0.0,0.0,0.0,3.33,0.12,1.41,0.41,0.37,1.31,2.41,1.37,0.02,0.02,0.0,0.53,0.04,0.59,0.18,6.02,7.89,0.45,3.35,1.87,25.29,5.06,14.92,23.47,48.86,24.04,0.61,0.63,0.0,10.49,0.86,0.0,0.0,20.22,29.43,0.0,4.79,6.3
8474141,P. Kane,DET,F,42,1023.0,0.19,0.57,0.76,2.43,0.21,0.43,0.05,0.24,0.0,0.0,0.0,3.02,0.16,2.48,0.4,0.43,0.21,4.36,2.4,0.07,0.0,0.0,0.74,0.02,1.02,0.07,13.07,22.74,0.6,2.93,2.54,27.9,5.95,18.5,21.57,58.4,26.43,0.74,0.74,0.0,11.4,0.93,0.0,0.0,18.58,23.76,0.0,7.25,6.02
8474149,E. Dadonov,NJD,F,16,652.88,0.0,0.0,0.0,0.94,0.38,0.69,-0.19,0.12,0.0,0.0,0.0,2.56,0.09,0.94,0.25,0.69,0.38,1.94,0.75,0.12,0.06,0.0,0.38,0.0,0.62,0.12,10.84,6.81,0.03,3.31,2.07,26.56,5.25,14.19,20.06,54.12,25.5,0.75,0.31,0.0,10.19,1.12,0.0,0.0,22.12,24.43,0.0,3.36,3.66
8474150,M. Backlund,CGY,F,55,1058.53,0.22,0.38,0.6,2.42,0.36,0.33,0.24,0.22,0.0,0.0,0.0,2.51,0.15,2.42,0.47,0.33,0.36,4.24,2.11,0.24,0.07,0.0,0.95,0.05,0.89,0.42,13.18,16.15,0.55,3.02,2.53,29.02,6.02,16.11,19.33,56.56,27.16,1.11,0.75,0.0,11.65,1.0,0.0,0.0,20.31,25.06,0.0,7.11,5.94
8474151,R. McDonagh,TBL,D,20,1185.65,0.2,0.25,0.45,1.05,0.45,1.7,0.05,0.0,0.0,0.0,0.0,3.35,0.1,1.05,0.2,1.7,0.45,2.5,0.9,0.05,0.1,0.0,0.65,0.15,1.05,0.4,4.92,6.42,0.38,2.7,1.94,28.05,4.6,14.65,23.25,52.3,26.15,0.85,1.05,0.0,11.25,0.75,0.0,0.0,21.72,26.79,0.0,4.81,5.4
8474189,L. Eller,OTT,F,41,725.27,0.05,0.15,0.2,0.88,0.78,0.56,-0.02,0.15,0.0,0.0,0.0,3.46,0.09,0.88,0.17,0.56,0.78,1.95,0.83,0.05,0.0,0.0,0.34,0.0,0.54,0.1,4.59,6.96,0.18,3.29,1.88,25.0,5.02,15.46,23.93,49.15,23.83,0.61,0.56,0.0,10.39,0.9,0.0,0.0,19.14,28.65,0.0,3.86,4.72
8474563,D. Doughty,LAK,D,46,1379.67,0.07,0.24,0.3,1.46,0.52,1.13,0.07,0.61,0.0,0.0,0.0,2.72,0.1,1.46,0.07,1.13,0.52,3.59,1.39,0.0,0.07,0.0,0.63,0.0,1.22,0.28,14.26,14.79,0.24,2.87,2.39,27.87,6.22,15.39,19.63,54.26,26.28,1.13,0.46,0.0,10.52,1.2,0.0,0.0,19.96,32.08,0.0,6.33,4.29
8474564,S. Stamkos,NSH,F,55,1054.36,0.49,0.25,0.75,2.4,1.11,0.38,-0.27,0.55,0.0,0.0,0.0,2.95,0.21,2.42,0.75,0.38,1.11,4.49,2.35,0.04,0.04,0.0,0.91,0.04,0.84,0.38,11.24,21.21,0.69,3.42,2.04,29.4,5.49,12.98,19.95,52.35,28.18,0.73,0.49,0.0,10.75,1.09,0.0,0.0,20.66,26.12,0.0,7.96,9.51
8474567,Z. Bogosian,MIN,D,24,896.04,0.04,0.12,0.17,0.83,0.83,0.96,0.33,0.25,0.0,0.0,0.0,3.42,0.06,0.83,0.08,0.96,0.83,1.75,0.79,0.0,0.04,0.0,0.38,0.0,0.5,0.21,11.02,10.29,0.2,2.71,2.59,30.0,5.67,17.75,19.83,60.12,28.12,1.21,0.67,0.0,11.46,0.92,0.0,0.0,20.29,35.05,0.0,2.9,2.37
8474568,L. Schenn,WPG,D,41,827.07,0.02,0.12,0.15,0.73,3.2,1.22,-0.22,0.66,0.0,0.0,0.0,2.93,0.06,0.73,0.02,1.22,3.2,1.93,0.63,0.02,0.07,0.0,0.37,0.07,0.9,0.15,10.84,12.85,0.18,2.95,2.43,27.88,5.78,15.98,18.24,55.9,26.85,0.54,0.49,0.0,10.98,1.15,0.0,0.0,21.19,26.77,0.0,3.35,2.53
8474574,T. Myers,VAN,D,56,1212.21,0.02,0.12,0.14,1.27,1.14,1.61,-0.43,0.71,0.0,0.0,0.0,2.62,0.08,1.27,0.02,1.61,1.14,2.89,1.23,0.02,0.02,0.0,0.52,0.0,1.05,0.36,10.12,14.23,0.18,3.66,2.69,30.25,7.04,15.41,18.86,58.05,28.93,0.68,0.64,0.0,12.04,1.05,0.0,0.0,18.92,28.4,0.0,4.87,3.14
8474578,E. Karlsson,PIT,D,49,1423.08,0.08,0.61,0.69,2.1,0.2,0.88,0.04,0.29,0.0,0.0,0.0,3.33,0.19,2.1,0.14,0.88,0.2,5.8,1.98,0.02,0.1,0.0,0.86,0.02,1.33,0.49,13.7,17.62,0.55,3.04,2.14,27.76,5.45,16.57,21.1,56.33,26.73,0.73,0.29,0.0,11.2,0.98,0.0,0.0,20.85,28.51,0.0,9.48,8.41
8474586,J. Eberle,SEA,F,52,1127.06,0.37,0.35,0.71,2.23,0.73,0.52,0.17,0.31,0.0,0.0,0.0,2.92,0.22,2.29,0.83,0.52,0.73,4.04,2.25,0.02,0.02,0.0,0.69,0.02,0.75,0.23,9.16,19.5,0.64,2.94,2.42,29.31,5.58,18.0,20.5,61.1,27.98,0.77,0.56,0.0,12.5,1.33,0.0,0.0,20.06,28.81,0.0,6.46,8.94
8474590,J. Carlson,WSH,D,53,1387.09,0.19,0.66,0.85,2.06,0.38,1.47,0.25,0.49,0.0,0.0,0.0,3.19,0.16,2.08,0.34,1.47,0.38,4.62,1.87,0.08,0.13,0.0,0.83,0.0,1.51,0.66,15.57,16.18,0.68,3.08,2.53,28.26,6.38,16.87,19.15,57.19,26.89,0.79,0.58,0.0,11.28,1.11,0.0,0.0,19.53,28.37,0.0,7.9,6.49
8474593,J. Markstrom,NJD,G,50,1975.28,0.0,0.0,0.0,0.0,0.0,0.0,0.0,0.0,0.0,0.0,0.0,2.5,0.0,0.0,0.0,0.0,0.0,0.0,0.0,0.0,0.0,0.0,0.0,0.0,0.0,0.0,0.0,0.0,0.41,3.22,2.19,14.98,0.0,0.0,0.0,0.0,0.0,0.0,0.0,0.0,0.0,0.0,0.0,0.0,0.0,0.0,0.0,0.0,0.0
8474596,J. Allen,NJD,G,55,1733.85,0.0,0.0,0.0,0.0,0.0,0.0,0.0,0.0,0.0,0.0,0.0,2.64,0.0,0.0,0.0,0.0,0.0,0.0,0.0,0.0,0.0,0.0,0.0,0.0,0.0,0.0,0.0,0.0,0.91,3.07,2.18,13.71,0.0,0.0,0.0,0.0,0.0,0.0,0.0,0.0,0.0,0.0,0.0,0.0,0.0,0.0,0.0,0.0,0.0
8474600,R. Josi,NSH,D,43,1446.6,0.23,0.63,0.86,2.7,0.35,1.58,-0.19,0.51,0.0,0.0,0.0,3.07,0.2,2.7,0.35,1.58,0.35,5.81,2.58,0.05,0.07,0.0,1.14,0.07,1.16,0.42,17.15,18.45,0.77,3.33,2.08,30.0,5.47,13.51,20.23,53.56,28.67,0.81,0.51,0.0,11.16,1.09,0.0,0.0,21.05,27.34,0.0,10.3,9.62
8474612,T. Hamonic,DET,D,24,868.71,0.0,0.08,0.08,0.79,1.08,1.67,-0.42,0.92,0.0,0.0,0.0,2.62,0.05,0.79,0.0,1.67,1.08,1.62,0.62,0.08,0.08,0.0,0.25,0.08,0.79,0.21,14.54,11.02,0.13,3.17,2.47,27.04,6.04,17.54,20.62,55.29,25.5,1.08,0.46,0.0,10.71,1.25,0.0,0.0,17.71,25.18,0.0,3.11,1.95
8474641,A. Henrique,EDM,F,43,829.98,0.05,0.19,0.23,1.47,0.56,1.33,-0.21,0.28,0.0,0.0,0.0,3.37,0.14,1.47,0.3,1.33,0.56,2.79,1.37,0.07,0.02,0.0,0.6,0.0,0.67,0.23,7.93,10.88,0.28,3.37,2.23,27.63,5.26,16.35,20.05,55.35,26.33,0.72,0.58,0.0,10.7,0.91,0.0,0.0,20.47,26.02,0.0,4.91,5.96
8474679,G. Nyquist,WPG,F,34,777.35,0.0,0.26,0.26,1.24,0.59,0.47,-0.12,0.12,0.0,0.0,0.0,2.97,0.11,1.24,0.18,0.47,0.59,2.47,1.21,0.03,0.0,0.0,0.41,0.03,0.5,0.29,6.29,5.96,0.27,3.06,2.33,27.91,5.71,16.32,19.32,55.56,26.74,0.71,0.47,0.0,11.24,1.21,0.0,0.0,21.47,26.14,0.0,4.38,4.73
8474716,J. Spurgeon,MIN,D,57,1203.42,0.09,0.19,0.28,1.19,1.16,1.88,-0.05,0.25,0.0,0.0,0.0,3.33,0.09,1.19,0.12,1.88,1.16,2.75,1.05,0.07,0.07,0.0,0.42,0.02,0.77,0.21,12.4,13.28,0.32,2.88,2.64,30.26,6.07,17.47,19.07,60.25,28.91,0.86,0.49,0.0,11.63,0.89,0.0,0.0,20.41,29.63,0.0,4.56,3.48
8475149,M. Johansson,MIN,F,52,952.06,0.25,0.46,0.71,1.5,0.44,0.23,0.35,0.15,0.0,0.0,0.0,3.19,0.12,1.52,0.52,0.23,0.44,2.69,1.4,0.06,0.06,0.0,0.69,0.02,0.77,0.31,4.84,9.72,0.56,2.9,2.67,30.46,6.12,17.35,18.87,60.38,29.08,0.88,0.5,0.0,11.63,0.85,0.0,0.0,20.33,30.42,0.0,4.33,4.53
8475151,K. Palmieri,NYI,F,25,1132.6,0.24,0.48,0.72,2.84,0.76,0.36,-0.08,0.32,0.0,0.0,0.0,3.0,0.27,2.88,0.72,0.36,0.76,5.04,2.8,0.0,0.08,0.0,1.0,0.0,0.72,0.32,9.82,13.18,0.69,2.92,2.25,27.68,6.24,16.6,19.56,55.08,26.48,0.68,0.52,0.0,11.76,0.88,0.0,0.0,18.62,27.71,0.0,8.67,10.99
8475158,R. O'Reilly,NSH,F,55,1208.98,0.36,0.6,0.96,1.82,0.18,0.75,0.13,0.18,0.0,0.0,0.0,2.95,0.21,1.87,0.71,0.75,0.18,3.02,1.82,0.02,0.04,0.0,0.58,0.02,0.65,0.67,10.45,17.2,0.84,3.42,2.04,29.4,5.49,12.98,19.95,52.35,28.18,0.73,0.49,0.0,10.75,1.09,0.0,0.0,20.66,26.12,0.0,5.68,9.32
8475166,J. Tavares,TOR,F,56,1076.36,0.34,0.48,0.82,2.46,0.93,0.23,-0.3,0.36,0.0,0.0,0.0,3.27,0.22,2.48,0.7,0.23,0.93,4.64,2.43,0.04,0.02,0.0,0.86,0.04,0.93,0.39,11.37,16.3,0.71,3.43,2.64,31.64,6.71,17.09,17.91,61.23,30.29,0.8,0.55,0.0,11.14,0.93,0.0,0.0,20.92,30.02,0.0,7.23,8.05
8475167,V. Hedman,TBL,D,19,1231.26,0.0,0.63,0.63,1.42,0.42,1.53,-0.05,0.32,0.0,0.0,0.0,3.05,0.12,1.42,0.0,1.53,0.42,4.32,1.32,0.11,0.0,0.0,0.58,0.0,1.47,0.26,17.12,10.61,0.44,2.68,2.06,28.53,4.74,14.84,22.89,53.53,26.42,1.05,1.05,0.0,10.63,0.84,0.0,0.0,21.51,26.88,0.0,7.26,5.58
8475168,M. Duchene,DAL,F,31,948.84,0.29,0.29,0.58,1.52,0.29,0.39,-0.13,0.19,0.0,0.0,0.0,3.29,0.14,1.61,0.58,0.39,0.29,2.77,1.52,0.1,0.0,0.0,0.68,0.06,0.94,0.19,8.59,20.85,0.44,3.03,2.31,27.52,5.77,17.16,26.03,55.58,25.65,1.0,0.87,0.0,11.65,0.94,0.0,0.0,19.9,29.9,0.0,4.82,5.94
8475169,E. Kane,VAN,F,55,1010.51,0.16,0.29,0.45,2.45,1.69,0.38,-0.33,1.38,0.0,0.0,0.0,2.65,0.19,2.47,0.36,0.38,1.69,5.22,2.36,0.05,0.05,0.0,1.04,0.07,1.02,0.2,13.97,16.66,0.44,3.65,2.7,30.47,7.04,15.47,18.75,58.35,29.15,0.69,0.64,0.0,12.07,1.05,0.0,0.0,18.75,28.55,0.0,8.55,7.26
8475170,B. Schenn,STL,F,56,1005.73,0.21,0.21,0.43,1.43,2.21,0.45,-0.45,0.88,0.0,0.0,0.0,2.55,0.15,1.43,0.5,0.45,2.21,2.79,1.43,0.0,0.0,0.0,0.66,0.11,0.71,0.27,8.41,10.51,0.41,3.54,2.12,27.84,5.61,15.84,17.66,54.73,26.16,1.05,0.62,0.0,10.62,1.11,0.0,0.0,21.35,28.9,0.0,4.94,6.83
8475171,O. Ekman-Larsson,TOR,D,56,1243.62,0.14,0.45,0.59,1.45,1.23,0.86,0.02,0.57,0.0,0.0,0.0,3.27,0.11,1.45,0.16,0.86,1.23,3.34,1.34,0.05,0.05,0.0,0.62,0.02,1.48,0.2,8.99,13.3,0.4,3.43,2.64,31.64,6.71,17.09,17.91,61.23,30.29,0.8,0.55,0.0,11.14,0.93,0.0,0.0,20.92,30.02,0.0,5.3,4.16
8475172,N. Kadri,CGY,F,55,1168.95,0.18,0.49,0.67,2.78,0.62,0.35,-0.45,0.4,0.0,0.0,0.0,2.51,0.25,2.82,0.6,0.35,0.62,5.73,2.73,0.05,0.04,0.0,1.02,0.05,1.05,0.27,12.58,16.03,0.59,3.02,2.53,29.02,6.02,16.11,19.33,56.56,27.16,1.11,0.75,0.0,11.65,1.0,0.0,0.0,20.31,25.06,0.0,9.46,9.58
8475179,D. Kulikov,FLA,D,2,646.5,0.0,0.0,0.0,0.5,0.5,0.0,-0.5,0.0,0.0,0.0,0.0,2.5,0.01,0.5,0.0,0.0,0.5,0.5,0.5,0.0,0.0,0.0,0.5,0.0,1.0,0.0,0.0,0.0,-0.1,1.5,1.84,19.5,4.0,12.0,22.0,42.5,18.5,0.5,0.5,0.0,8.5,0.5,0.0,0.0,26.96,39.13,0.0,1.0,0.55
8475181,N. Leddy,SJS,D,19,1050.26,0.0,0.21,0.21,0.32,0.21,1.37,-0.47,0.32,0.0,0.0,0.0,3.11,0.03,0.32,0.0,1.37,0.21,1.0,0.32,0.0,0.0,0.0,0.16,0.0,0.68,0.21,6.68,4.63,0.16,4.11,2.12,29.79,5.95,16.21,14.79,57.68,28.05,1.05,0.68,0.0,11.05,1.32,0.0,0.0,19.71,25.53,0.0,1.78,1.26
8475184,C. Kreider,ANA,F,49,1015.1,0.39,0.22,0.61,1.96,0.92,0.35,-0.08,0.41,0.0,0.0,0.0,3.22,0.24,1.96,0.76,0.35,0.92,4.0,1.92,0.02,0.02,0.0,1.02,0.06,0.9,0.22,11.8,13.99,0.52,3.61,2.19,28.86,5.9,16.2,18.39,56.22,27.2,0.69,0.96,0.0,11.61,1.16,0.0,0.0,20.78,25.12,0.0,6.87,10.39
8475188,B. McNabb,VGK,D,38,1247.53,0.05,0.03,0.08,0.87,1.66,2.58,-0.13,0.47,0.0,0.0,0.0,3.13,0.09,0.87,0.11,2.58,1.66,2.74,0.71,0.08,0.08,0.0,0.53,0.03,0.76,0.34,14.86,10.98,0.21,3.13,2.51,25.74,5.74,17.03,21.21,55.11,24.55,0.71,0.47,0.0,12.03,0.84,0.0,0.0,22.67,29.83,0.0,4.9,3.43
8475191,R. Smith,VGK,F,51,825.94,0.18,0.14,0.31,1.14,0.37,0.2,-0.24,0.04,0.0,0.0,0.0,3.31,0.08,1.16,0.22,0.2,0.37,2.14,1.08,0.06,0.02,0.0,0.63,0.0,0.98,0.2,6.77,8.75,0.21,3.24,2.44,25.04,5.84,16.2,22.12,53.51,23.67,0.84,0.53,0.0,11.63,0.96,0.0,0.0,22.01,29.12,0.0,3.9,3.51
8475200,D. Orlov,SJS,D,54,1284.8,0.02,0.41,0.43,0.94,1.43,1.0,-0.17,0.59,0.0,0.0,0.0,3.13,0.08,0.94,0.02,1.0,1.43,2.54,0.87,0.02,0.06,0.0,0.39,0.06,1.09,0.28,11.88,13.08,0.32,3.5,2.24,30.59,5.85,16.89,17.0,59.11,29.17,0.74,0.69,0.0,11.61,1.13,0.0,0.0,19.15,24.81,0.0,4.28,3.6
8475208,B. Dumoulin,LAK,D,54,1107.59,0.02,0.2,0.22,0.94,0.46,1.22,0.07,0.26,0.0,0.0,0.0,2.65,0.06,0.94,0.04,1.22,0.46,2.37,0.81,0.04,0.09,0.0,0.35,0.04,1.15,0.28,7.13,7.84,0.16,2.83,2.39,27.81,6.19,15.17,19.89,54.26,26.2,1.11,0.5,0.0,10.41,1.13,0.0,0.0,21.04,33.04,0.0,4.27,2.75
8475218,M. Ekholm,EDM,D,56,1254.77,0.11,0.38,0.48,1.77,0.93,1.59,0.32,0.39,0.0,0.0,0.0,3.45,0.15,1.77,0.18,1.59,0.93,3.95,1.52,0.14,0.11,0.0,0.8,0.05,1.29,0.38,12.43,15.35,0.42,3.3,2.16,27.27,5.29,15.86,19.57,54.7,26.0,0.71,0.55,0.0,10.79,0.84,0.0,0.0,20.77,26.84,0.0,6.89,6.91
8475220,M. Foligno,MIN,F,46,781.59,0.13,0.11,0.24,1.17,3.15,0.83,-0.24,1.17,0.0,0.0,0.0,3.35,0.09,1.17,0.26,0.83,3.15,2.17,0.96,0.17,0.04,0.0,0.3,0.02,0.5,0.15,7.22,7.08,0.32,2.93,2.62,30.57,6.02,17.28,18.93,60.57,29.28,0.83,0.46,0.0,11.54,0.85,0.0,0.0,20.29,28.91,0.0,3.52,3.47
8475231,C. Cizikas,NYI,F,55,695.58,0.11,0.15,0.25,0.84,1.98,0.71,0.0,0.18,0.0,0.0,0.0,2.89,0.1,0.84,0.29,0.71,1.98,1.76,0.75,0.07,0.02,0.0,0.47,0.07,0.67,0.15,9.66,8.91,0.25,2.84,2.32,28.38,5.91,16.47,19.35,57.36,27.07,0.96,0.35,0.0,11.95,0.82,0.0,0.0,19.13,27.82,0.0,3.08,4.09
8475235,N. Deslauriers,PHI,F,20,503.75,0.0,0.0,0.0,0.6,3.65,0.35,-0.15,1.2,0.0,0.0,0.0,3.05,0.03,0.6,0.05,0.35,3.65,1.1,0.6,0.0,0.0,0.0,0.15,0.0,0.4,0.15,1.7,1.5,0.11,3.15,2.4,25.55,5.65,15.75,21.0,54.05,24.6,0.65,0.3,0.0,10.3,1.3,0.0,0.0,19.91,30.1,0.0,2.04,1.11
8475279,B. Chiarot,DET,D,57,1263.42,0.09,0.12,0.21,1.23,2.04,2.09,-0.04,0.88,0.0,0.0,0.0,3.04,0.09,1.23,0.09,2.09,2.04,3.02,1.11,0.05,0.07,0.0,0.67,0.05,1.0,0.35,11.86,12.53,0.29,3.0,2.55,27.98,5.93,18.25,21.11,58.47,26.53,0.81,0.65,0.0,11.51,0.88,0.0,0.0,18.69,25.02,0.0,5.05,3.41
8475287,E. Haula,NSH,F,55,989.42,0.15,0.35,0.49,1.56,1.24,0.62,-0.29,0.58,0.0,0.0,0.0,2.95,0.16,1.58,0.45,0.62,1.24,3.29,1.51,0.04,0.04,0.0,0.78,0.04,0.69,0.22,10.73,14.95,0.45,3.42,2.04,29.4,5.49,12.98,19.95,52.35,28.18,0.73,0.49,0.0,10.75,1.09,0.0,0.0,20.66,26.12,0.0,6.2,7.57
8475311,D. Kuemper,LAK,G,45,2695.31,0.0,0.0,0.0,0.0,0.0,0.0,0.0,0.0,0.0,0.0,0.0,2.67,0.0,0.0,0.0,0.0,0.0,0.0,0.0,0.0,0.0,0.0,0.0,0.0,0.0,0.0,0.0,0.0,0.47,2.78,2.38,19.53,0.0,0.0,0.0,0.0,0.0,0.0,0.0,0.0,0.0,0.0,0.0,0.0,0.0,0.0,0.0,0.0,0.0
8475314,A. Lee,NYI,F,56,926.95,0.2,0.34,0.54,2.43,0.88,0.48,0.09,0.52,0.0,0.0,0.0,2.88,0.29,2.43,0.73,0.48,0.88,4.75,2.36,0.04,0.04,0.0,1.0,0.05,0.52,0.16,9.61,10.89,0.55,2.8,2.3,28.25,5.82,16.5,19.55,57.2,26.93,0.96,0.36,0.0,11.93,0.89,0.0,0.0,19.16,27.67,0.0,7.91,11.81
8475324,N. Jensen,OTT,D,52,1006.65,0.08,0.21,0.29,0.62,0.62,1.08,-0.21,0.42,0.0,0.0,0.0,3.5,0.07,0.62,0.1,1.08,0.62,1.94,0.62,0.0,0.0,0.0,0.46,0.0,0.9,0.21,7.62,8.51,0.21,3.13,1.9,24.83,4.9,15.0,23.6,48.73,23.69,0.56,0.58,0.0,10.31,0.85,0.0,0.0,19.6,28.57,0.0,3.85,3.8
8475343,N. Dowd,WSH,F,49,934.39,0.08,0.24,0.33,0.9,1.84,0.8,-0.08,1.0,0.0,0.0,0.0,2.96,0.07,0.92,0.18,0.8,1.84,1.76,0.86,0.04,0.02,0.0,0.43,0.04,0.67,0.31,3.8,6.18,0.32,3.06,2.56,29.41,6.43,16.78,19.06,58.16,27.9,0.88,0.63,0.0,11.73,1.04,0.0,0.0,20.21,28.94,0.0,3.09,3.06
8475413,J. Dowling,NYR,F,2,431.5,0.0,0.0,0.0,0.5,1.5,0.5,-0.5,0.0,0.0,0.0,0.0,3.5,0.16,0.5,0.5,0.5,1.5,1.5,0.5,0.0,0.0,0.0,0.0,0.0,0.0,0.0,3.0,4.75,0.1,2.0,3.45,32.0,6.0,23.0,28.0,73.5,30.0,1.0,1.0,0.0,12.0,0.0,0.0,0.0,15.17,25.2,0.0,2.15,4.7
8475455,B. Dillon,NJD,D,55,1079.33,0.05,0.16,0.22,0.71,2.55,1.33,-0.22,0.75,0.0,0.0,0.0,2.64,0.04,0.71,0.05,1.33,2.55,1.6,0.67,0.02,0.02,0.0,0.29,0.0,0.56,0.16,7.19,5.64,0.27,3.07,2.18,28.2,5.53,16.11,19.71,55.35,26.82,0.76,0.62,0.0,10.84,1.05,0.0,0.0,20.59,26.74,0.0,2.9,2.03
8475461,A. Agozzino,UTA,F,2,368.0,0.0,0.0,0.0,0.0,2.0,0.5,0.0,0.0,0.0,0.0,0.0,2.0,0.01,0.0,0.0,0.5,2.0,0.5,0.0,0.0,0.0,0.0,0.0,0.0,0.5,0.5,0.0,0.0,0.05,2.0,2.24,25.0,3.5,22.0,20.0,60.5,24.0,1.0,0.0,0.0,9.5,1.0,0.0,0.0,18.56,17.46,0.0,0.8,0.5
8475462,R. Gudas,ANA,D,42,1011.26,0.02,0.21,0.24,1.14,3.45,1.69,-0.07,0.67,0.0,0.0,0.0,3.17,0.08,1.14,0.02,1.69,3.45,3.05,0.98,0.1,0.07,0.0,0.4,0.02,0.83,0.19,19.29,14.95,0.32,3.6,2.29,29.02,5.98,16.81,18.43,57.21,27.33,0.71,0.98,0.0,11.93,1.21,0.0,0.0,20.49,25.99,0.0,5.3,3.52
8475660,C. Talbot,DET,G,57,1412.98,0.0,0.0,0.0,0.0,0.0,0.0,0.0,0.0,0.0,0.0,0.0,3.04,0.0,0.0,0.0,0.0,0.0,0.0,0.0,0.0,0.0,0.0,0.0,0.0,0.0,0.0,0.0,0.0,1.38,3.0,2.55,10.84,0.0,0.0,0.0,0.0,0.0,0.0,0.0,0.0,0.0,0.0,0.0,0.0,0.0,0.0,0.0,0.0,0.0
8475683,S. Bobrovsky,FLA,G,55,2442.55,0.0,0.0,0.0,0.0,0.0,0.0,0.0,0.0,0.0,0.0,0.0,3.05,0.0,0.0,0.0,0.0,0.0,0.0,0.0,0.0,0.0,0.0,0.0,0.0,0.0,0.0,0.0,0.0,0.19,3.29,2.3,16.49,0.0,0.0,0.0,0.0,0.0,0.0,0.0,0.0,0.0,0.0,0.0,0.0,0.0,0.0,0.0,0.0,0.0
8475690,C. Tanev,TOR,D,11,1078.36,0.0,0.18,0.18,0.73,0.18,1.36,0.73,0.0,0.0,0.0,0.0,4.0,0.04,0.73,0.0,1.36,0.18,1.64,0.73,0.0,0.0,0.0,0.27,0.09,0.73,0.45,6.73,6.0,0.19,3.45,2.44,30.45,6.27,16.55,20.18,58.36,28.73,0.73,1.0,0.0,11.18,1.18,0.0,0.0,18.72,27.19,0.0,2.76,1.5
8475692,M. Zuccarello,MIN,F,37,1129.32,0.24,0.62,0.86,1.92,0.3,0.49,-0.08,0.22,0.0,0.0,0.0,3.32,0.14,2.03,0.41,0.49,0.3,4.16,1.81,0.14,0.08,0.0,0.65,0.03,1.03,0.22,11.79,20.91,0.66,2.73,2.65,30.54,5.76,17.11,17.68,60.32,29.32,0.81,0.41,0.0,11.65,0.86,0.0,0.0,20.53,28.56,0.0,6.54,5.46
8475714,C. Jarnkrok,TOR,F,36,691.83,0.17,0.03,0.19,0.92,0.64,0.17,-0.19,0.17,0.0,0.0,0.0,3.08,0.05,0.92,0.22,0.17,0.64,1.33,0.83,0.08,0.0,0.0,0.44,0.0,0.31,0.11,2.96,2.17,0.2,3.47,2.78,32.17,7.25,17.28,17.97,62.03,30.81,0.83,0.53,0.0,11.25,0.78,0.0,0.0,20.18,29.39,0.0,2.25,1.89
8475717,C. Pickard,EDM,G,48,1080.17,0.0,0.0,0.0,0.0,0.0,0.0,0.0,0.0,0.0,0.0,0.0,3.44,0.0,0.0,0.0,0.0,0.0,0.0,0.0,0.0,0.0,0.0,0.0,0.0,0.0,0.0,0.0,0.0,1.12,3.27,2.22,8.54,0.0,0.0,0.0,0.0,0.0,0.0,0.0,0.0,0.0,0.0,0.0,0.0,0.0,0.0,0.0,0.0,0.0
8475722,J. Zucker,BUF,F,36,952.42,0.39,0.39,0.78,2.17,1.03,0.25,-0.22,0.33,0.0,0.0,0.0,3.67,0.22,2.17,0.81,0.25,1.03,3.22,2.14,0.0,0.03,0.0,0.86,0.06,1.03,0.11,10.59,18.69,0.62,3.08,2.17,30.36,5.42,16.39,23.61,58.83,28.72,0.92,0.72,0.0,11.64,1.28,0.0,0.0,20.42,27.74,0.0,5.46,9.26
8475726,T. Toffoli,SJS,F,54,952.72,0.28,0.39,0.67,2.33,0.7,0.5,-0.09,0.19,0.0,0.0,0.0,3.13,0.23,2.35,0.72,0.5,0.7,4.57,2.2,0.15,0.0,0.0,0.85,0.02,0.67,0.26,12.21,16.54,0.62,3.5,2.24,30.59,5.85,16.89,17.0,59.11,29.17,0.74,0.69,0.0,11.61,1.13,0.0,0.0,19.15,24.81,0.0,7.65,10.01
8475745,C. Coyle,CBJ,F,54,1063.44,0.28,0.44,0.72,1.74,1.33,0.63,0.02,0.15,0.0,0.0,0.0,3.19,0.17,1.78,0.67,0.63,1.33,2.93,1.72,0.04,0.02,0.0,0.59,0.09,0.61,0.41,8.67,14.95,0.66,3.28,2.21,30.87,5.78,16.28,17.46,59.35,29.41,0.96,0.5,0.0,10.8,1.13,0.0,0.0,20.62,29.53,0.0,4.75,7.5
8475752,T. Pitlick,MIN,F,30,466.7,0.07,0.0,0.07,0.87,2.4,0.57,-0.13,0.8,0.0,0.0,0.0,3.5,0.05,0.87,0.07,0.57,2.4,1.57,0.77,0.1,0.0,0.0,0.27,0.03,0.23,0.17,3.48,3.97,0.19,2.73,2.58,30.03,5.9,17.97,19.7,61.23,28.77,0.77,0.5,0.0,12.37,1.0,0.0,0.0,19.91,27.78,0.0,2.69,1.88
8475753,J. Faulk,STL,D,56,1350.66,0.2,0.3,0.5,1.93,0.79,1.73,-0.09,0.54,0.0,0.0,0.0,2.55,0.11,1.93,0.21,1.73,0.79,3.73,1.82,0.04,0.07,0.0,0.77,0.05,0.86,0.34,11.88,13.62,0.52,3.54,2.12,27.84,5.61,15.84,17.66,54.73,26.16,1.05,0.62,0.0,10.62,1.11,0.0,0.0,21.35,28.9,0.0,6.57,4.96
8475754,B. Nelson,COL,F,54,1151.7,0.52,0.37,0.89,2.22,0.5,0.78,0.11,0.37,0.0,0.0,0.0,3.85,0.17,2.24,0.78,0.78,0.5,3.43,2.2,0.02,0.02,0.0,0.74,0.07,0.78,0.26,9.42,17.86,0.78,2.52,2.34,26.98,5.67,15.06,20.59,53.78,25.5,0.94,0.54,0.0,10.67,1.17,0.0,0.0,20.69,27.24,0.0,6.09,6.85
8475755,A. Petrovic,DAL,D,50,933.98,0.04,0.14,0.18,1.04,1.64,1.54,0.06,0.94,0.0,0.0,0.0,3.32,0.05,1.04,0.04,1.54,1.64,2.22,1.0,0.02,0.02,0.0,0.44,0.04,0.84,0.18,7.28,9.66,0.22,2.72,2.33,27.28,5.82,16.44,25.24,55.14,25.8,0.78,0.7,0.0,11.42,1.04,0.0,0.0,20.88,29.7,0.0,4.05,2.42
8475760,N. Bjugstad,STL,F,35,698.4,0.17,0.03,0.2,1.54,2.09,0.63,-0.2,0.71,0.0,0.0,0.0,2.6,0.11,1.54,0.34,0.63,2.09,2.57,1.54,0.0,0.0,0.0,0.6,0.0,0.34,0.09,4.33,6.92,0.3,3.57,2.12,27.43,5.6,15.97,16.89,54.74,25.86,0.94,0.63,0.0,10.14,1.17,0.0,0.0,21.37,27.45,0.0,4.63,5.09
8475762,D. Forbort,VAN,D,2,836.0,0.0,0.0,0.0,0.5,1.0,2.0,0.0,1.0,0.0,0.0,0.0,3.0,0.01,0.5,0.0,2.0,1.0,0.5,0.5,0.0,0.0,0.0,0.0,0.0,2.5,0.0,0.0,0.0,-0.21,2.0,3.34,27.5,5.5,17.0,28.5,60.0,25.5,2.0,0.0,0.0,11.0,2.5,0.0,0.0,17.48,28.63,0.0,0.75,0.25
8475763,K. Hayes,PIT,F,23,761.57,0.13,0.09,0.22,1.7,1.17,0.35,-0.22,0.26,0.0,0.0,0.0,2.48,0.13,1.74,0.3,0.35,1.17,2.7,1.7,0.0,0.04,0.0,0.57,0.04,0.74,0.13,3.63,6.04,0.24,3.43,2.16,27.04,6.09,15.48,17.83,54.0,25.96,0.78,0.3,0.0,9.91,0.78,0.0,0.0,22.33,32.55,0.0,4.8,5.73
8475764,C. Fowler,STL,D,56,1285.25,0.02,0.3,0.32,1.29,0.14,0.95,-0.39,0.21,0.0,0.0,0.0,2.55,0.1,1.29,0.04,0.95,0.14,3.21,1.18,0.07,0.04,0.0,0.46,0.0,0.88,0.21,10.83,11.51,0.26,3.54,2.12,27.84,5.61,15.84,17.66,54.73,26.16,1.05,0.62,0.0,10.62,1.11,0.0,0.0,21.35,28.9,0.0,5.7,4.9
8475765,V. Tarasenko,MIN,F,50,898.08,0.28,0.32,0.6,1.96,0.74,0.48,-0.14,0.16,0.0,0.0,0.0,3.32,0.16,1.96,0.5,0.48,0.74,3.74,1.9,0.04,0.02,0.0,0.72,0.0,0.8,0.18,9.04,14.15,0.52,3.08,2.64,29.84,6.36,17.58,19.76,59.54,28.5,0.84,0.5,0.0,11.48,0.86,0.0,0.0,20.65,30.26,0.0,6.08,5.87
8475768,J. Schwartz,SEA,F,35,1000.66,0.26,0.29,0.54,1.91,0.8,0.91,0.2,0.23,0.0,0.0,0.0,2.8,0.2,1.91,0.6,0.91,0.8,3.46,1.83,0.06,0.03,0.0,0.51,0.06,1.06,0.51,9.58,10.02,0.5,2.8,2.25,27.94,5.2,17.31,20.0,58.2,26.71,0.63,0.6,0.0,12.49,1.26,0.0,0.0,21.0,30.5,0.0,5.75,8.68
8475784,J. Skinner,SJS,F,32,740.53,0.19,0.22,0.41,1.75,0.53,0.34,-0.25,0.44,0.0,0.0,0.0,3.34,0.18,1.75,0.34,0.34,0.53,3.59,1.69,0.06,0.0,0.0,0.81,0.03,0.84,0.31,6.96,7.27,0.36,3.53,2.21,31.16,6.0,17.09,17.12,59.69,29.66,0.91,0.59,0.0,11.66,1.16,0.0,0.0,19.75,24.53,0.0,5.99,8.13
8475786,Z. Hyman,EDM,F,37,1208.51,0.59,0.38,0.97,3.14,0.97,0.35,0.32,0.38,0.0,0.0,0.0,3.65,0.4,3.14,1.22,0.35,0.97,5.16,3.08,0.05,0.0,0.0,1.0,0.03,0.46,0.16,9.54,14.19,0.93,3.19,2.16,28.19,5.43,15.49,20.7,55.49,26.95,0.65,0.59,0.0,11.03,0.78,0.0,0.0,20.26,25.02,0.0,8.7,16.71
8475790,E. Gudbranson,CBJ,D,12,1076.67,0.08,0.17,0.25,0.92,1.5,1.25,0.08,0.67,0.0,0.0,0.0,3.83,0.06,0.92,0.08,1.25,1.5,2.92,0.75,0.0,0.17,0.0,0.5,0.08,0.75,0.42,11.23,8.4,0.28,3.0,2.21,31.42,5.67,15.42,17.33,59.0,30.58,0.5,0.33,0.0,9.75,1.0,0.0,0.0,19.82,32.22,0.0,4.88,3.39
8475791,T. Hall,CAR,F,55,843.62,0.22,0.27,0.49,1.62,0.6,0.42,0.02,0.65,0.0,0.0,0.0,3.47,0.16,1.64,0.47,0.42,0.6,3.27,1.62,0.02,0.0,0.0,0.58,0.04,0.85,0.27,8.71,12.11,0.41,2.91,2.17,24.91,6.02,11.84,24.07,46.29,23.36,0.89,0.65,0.0,9.64,1.31,0.0,0.0,19.88,29.78,0.0,6.92,7.18
8475794,T. Seguin,DAL,F,27,999.7,0.26,0.37,0.63,1.15,0.67,0.22,0.37,0.07,0.0,0.0,0.0,3.52,0.1,1.15,0.33,0.22,0.67,2.44,1.11,0.04,0.0,0.0,0.7,0.0,0.78,0.11,8.63,20.98,0.46,2.74,2.27,28.3,5.85,15.96,24.15,55.63,26.93,0.67,0.7,0.0,11.22,1.3,0.0,0.0,21.73,30.43,0.0,4.36,4.15
8475795,D. McIlrath,WSH,D,11,551.36,0.0,0.0,0.0,0.36,2.09,0.55,-0.09,0.91,0.0,0.0,0.0,3.55,0.02,0.36,0.0,0.55,2.09,1.09,0.36,0.0,0.0,0.0,0.36,0.0,0.55,0.0,0.0,0.0,0.03,3.45,2.66,30.27,7.0,17.45,17.0,57.64,28.36,1.18,0.73,0.0,11.27,0.73,0.0,0.0,19.8,28.52,0.0,1.94,0.85
8475798,M. Granlund,ANA,F,37,1135.68,0.32,0.38,0.7,2.08,0.62,0.7,-0.3,0.32,0.0,0.0,0.0,3.16,0.19,2.11,0.54,0.7,0.62,3.73,2.05,0.03,0.03,0.0,0.7,0.05,0.89,0.35,8.59,15.73,0.62,3.7,2.32,29.27,6.35,16.65,17.86,57.05,27.57,0.65,1.05,0.0,11.76,1.22,0.0,0.0,20.15,26.36,0.0,6.3,7.82
8475799,N. Niederreiter,WPG,F,54,834.2,0.15,0.2,0.35,1.33,1.22,0.37,-0.06,0.26,0.0,0.0,0.0,2.85,0.11,1.33,0.26,0.37,1.22,2.31,1.24,0.09,0.0,0.0,0.57,0.0,0.67,0.13,6.61,8.29,0.32,3.04,2.41,28.17,5.94,15.74,18.35,55.69,26.91,0.67,0.59,0.0,10.96,1.07,0.0,0.0,20.74,27.01,0.0,4.03,4.42
8475809,S. Wedgewood,COL,G,50,2158.48,0.0,0.0,0.0,0.0,0.0,0.0,0.0,0.0,0.0,0.0,0.0,3.9,0.0,0.0,0.0,0.0,0.0,0.0,0.0,0.0,0.0,0.0,0.0,0.0,0.0,0.0,0.0,0.0,0.98,2.5,2.36,15.66,0.0,0.0,0.0,0.0,0.0,0.0,0.0,0.0,0.0,0.0,0.0,0.0,0.0,0.0,0.0,0.0,0.0
8475810,B. Rust,PIT,F,47,1206.68,0.38,0.45,0.83,2.66,0.36,1.11,0.0,0.38,0.0,0.0,0.0,3.43,0.3,2.77,0.77,1.11,0.36,4.96,2.64,0.11,0.02,0.0,1.09,0.04,0.91,0.15,9.95,18.39,0.74,3.11,2.2,28.15,5.77,16.3,21.15,56.83,27.09,0.79,0.28,0.0,11.0,1.0,0.0,0.0,21.17,29.6,0.0,8.2,11.7
8475831,P. Grubauer,SEA,G,48,1475.75,0.0,0.0,0.0,0.0,0.0,0.0,0.0,0.0,0.0,0.0,0.0,2.94,0.0,0.0,0.0,0.0,0.0,0.0,0.0,0.0,0.0,0.0,0.0,0.0,0.0,0.0,0.0,0.0,1.47,3.0,2.43,11.81,0.0,0.0,0.0,0.0,0.0,0.0,0.0,0.0,0.0,0.0,0.0,0.0,0.0,0.0,0.0,0.0,0.0
8475842,S. Carrick,NYR,F,56,632.18,0.05,0.11,0.16,0.98,1.43,0.5,-0.05,0.86,0.0,0.0,0.0,2.7,0.08,0.98,0.14,0.5,1.43,1.93,0.75,0.14,0.09,0.0,0.46,0.04,0.41,0.18,3.93,5.15,0.21,3.18,2.49,28.59,6.18,16.39,19.68,57.14,27.29,0.68,0.62,0.0,10.61,0.8,0.0,0.0,20.92,27.56,0.0,3.48,3.23
8475848,B. Gallagher,MTL,F,56,769.71,0.09,0.2,0.29,1.68,1.18,0.21,-0.04,0.43,0.0,0.0,0.0,3.46,0.11,1.68,0.23,0.21,1.18,3.29,1.54,0.07,0.07,0.0,0.59,0.05,0.45,0.16,7.41,9.91,0.32,3.32,2.49,27.41,6.05,17.93,21.45,56.3,26.0,0.8,0.61,0.0,11.8,0.93,0.0,0.0,20.15,28.31,0.0,5.76,4.7
8475852,P. Mrazek,ANA,G,33,937.97,0.0,0.0,0.0,0.0,0.0,0.0,0.0,0.0,0.0,0.0,0.0,3.45,0.0,0.0,0.0,0.0,0.0,0.0,0.0,0.0,0.0,0.0,0.0,0.0,0.0,0.0,0.0,0.0,1.1,3.76,2.17,7.48,0.0,0.0,0.0,0.0,0.0,0.0,0.0,0.0,0.0,0.0,0.0,0.0,0.0,0.0,0.0,0.0,0.0
8475883,F. Andersen,CAR,G,48,1656.23,0.0,0.0,0.0,0.0,0.0,0.0,0.0,0.0,0.0,0.0,0.0,3.48,0.0,0.0,0.0,0.0,0.0,0.0,0.0,0.0,0.0,0.0,0.0,0.0,0.0,0.0,0.0,0.0,0.73,2.94,2.23,11.67,0.0,0.0,0.0,0.0,0.0,0.0,0.0,0.0,0.0,0.0,0.0,0.0,0.0,0.0,0.0,0.0,0.0
8475906,J. Klingberg,SJS,D,40,1273.22,0.25,0.22,0.48,1.68,0.72,1.32,-0.15,0.45,0.0,0.0,0.0,3.1,0.13,1.68,0.25,1.32,0.72,3.95,1.52,0.05,0.1,0.0,0.8,0.0,1.42,0.22,18.78,20.78,0.36,3.3,2.29,31.15,5.62,17.08,17.52,60.08,29.78,0.7,0.68,0.0,12.28,1.15,0.0,0.0,19.15,25.02,0.0,6.72,6.4
8475913,M. Stone,VGK,F,39,1180.54,0.51,0.9,1.41,2.26,0.44,0.79,0.38,0.18,0.0,0.0,0.0,3.59,0.19,2.28,0.69,0.79,0.44,3.64,2.08,0.15,0.05,0.0,0.87,0.0,1.15,0.46,6.54,12.44,1.1,3.33,2.44,24.97,6.03,16.05,22.59,52.85,23.54,0.85,0.59,0.0,12.23,1.08,0.0,0.0,22.19,30.15,0.0,6.38,6.98
8476278,C. Blackwell,DAL,F,46,692.24,0.04,0.11,0.15,0.78,1.52,0.5,-0.11,0.43,0.0,0.0,0.0,3.3,0.07,0.78,0.09,0.5,1.52,1.8,0.67,0.04,0.07,0.0,0.41,0.02,0.43,0.15,7.14,6.08,0.18,2.76,2.32,27.72,5.8,16.41,25.43,55.74,26.28,0.72,0.72,0.0,11.41,1.17,0.0,0.0,20.83,28.66,0.0,3.27,3.08
8476292,O. Palat,NJD/NYI,F,55,776.24,0.09,0.13,0.22,1.07,1.71,0.78,-0.11,0.22,0.0,0.0,0.0,2.69,0.11,1.07,0.33,0.78,1.71,2.24,1.0,0.02,0.05,0.0,0.42,0.02,0.53,0.15,6.67,7.86,0.26,3.02,2.17,27.84,5.38,16.22,20.24,54.89,26.47,0.75,0.62,0.0,11.11,1.13,0.0,0.0,20.64,26.65,0.0,3.92,5.0
8476312,J. Manson,COL,D,54,1090.56,0.07,0.35,0.43,1.54,2.39,1.39,0.65,1.19,0.0,0.0,0.0,3.85,0.1,1.54,0.17,1.39,2.39,3.15,1.44,0.02,0.07,0.0,0.61,0.0,0.96,0.35,9.15,15.43,0.44,2.52,2.34,26.98,5.67,15.06,20.59,53.78,25.5,0.94,0.54,0.0,10.67,1.17,0.0,0.0,20.69,27.24,0.0,5.87,4.26
8476331,D. DeMelo,WPG,D,55,1294.18,0.05,0.25,0.31,0.95,1.49,1.49,0.2,0.62,0.0,0.0,0.0,2.89,0.06,0.95,0.05,1.49,1.49,2.27,0.85,0.09,0.0,0.0,0.44,0.09,1.02,0.33,7.38,6.71,0.28,3.09,2.4,28.2,5.96,15.71,18.44,55.58,26.95,0.67,0.58,0.0,11.04,1.07,0.0,0.0,20.74,27.14,0.0,4.0,2.58
8476341,A. Forsberg,LAK,G,54,1332.76,0.0,0.0,0.0,0.0,0.0,0.0,0.0,0.0,0.0,0.0,0.0,2.65,0.0,0.0,0.0,0.0,0.0,0.0,0.0,0.0,0.0,0.0,0.0,0.0,0.0,0.0,0.0,0.0,1.47,2.83,2.39,10.3,0.0,0.0,0.0,0.0,0.0,0.0,0.0,0.0,0.0,0.0,0.0,0.0,0.0,0.0,0.0,0.0,0.0
8476372,N. Seeler,PHI,D,54,1130.91,0.04,0.09,0.13,1.3,1.67,1.87,-0.06,0.5,0.0,0.0,0.0,3.0,0.1,1.3,0.07,1.87,1.67,3.33,1.15,0.0,0.15,0.0,0.44,0.02,0.67,0.19,11.37,11.72,0.24,3.26,2.37,25.93,5.67,16.24,20.7,54.3,24.74,0.65,0.54,0.0,11.15,1.24,0.0,0.0,21.66,29.15,0.0,5.93,4.09
8476374,S. Kuraly,BOS,F,56,836.3,0.07,0.21,0.29,1.36,1.11,0.64,-0.02,0.73,0.0,0.0,0.0,3.41,0.11,1.36,0.23,0.64,1.11,2.48,1.2,0.11,0.05,0.0,0.77,0.04,0.77,0.25,8.29,12.83,0.28,3.16,2.34,30.34,5.84,16.95,22.12,59.48,29.27,0.68,0.39,0.0,12.04,0.95,0.0,0.0,19.43,25.58,0.0,4.12,4.41
8476389,V. Trocheck,NYR,F,42,1257.86,0.29,0.57,0.86,1.81,3.0,0.79,-0.36,0.67,0.0,0.0,0.0,2.86,0.21,1.86,0.67,0.79,3.0,4.14,1.83,0.0,0.02,0.0,0.83,0.1,1.24,0.36,14.71,23.25,0.71,3.36,2.62,29.57,6.71,16.67,20.24,58.64,28.29,0.67,0.62,0.0,10.98,0.74,0.0,0.0,20.93,26.11,0.0,6.83,7.65
8476391,T. Tynan,COL,F,1,493.0,0.0,0.0,0.0,1.0,0.0,0.0,1.0,0.0,0.0,0.0,0.0,4.0,0.1,1.0,1.0,0.0,0.0,1.0,1.0,0.0,0.0,0.0,1.0,0.0,0.0,0.0,17.0,44.0,0.07,0.0,3.0,29.0,2.0,19.0,18.0,72.0,27.0,2.0,0.0,0.0,14.0,0.0,0.0,0.0,16.83,16.11,0.0,1.4,3.2
8476392,A. Lowry,WPG,F,43,865.4,0.09,0.23,0.33,1.05,1.98,0.7,0.07,0.4,0.0,0.0,0.0,2.65,0.1,1.05,0.16,0.7,1.98,2.35,1.02,0.0,0.02,0.0,0.58,0.0,0.56,0.14,6.89,7.25,0.33,3.26,2.31,27.53,5.93,15.14,18.6,53.88,26.14,0.72,0.67,0.0,10.74,1.05,0.0,0.0,19.93,27.4,0.0,4.23,4.04
8476393,N. Cousins,OTT,F,54,637.54,0.13,0.15,0.28,0.85,2.02,0.46,0.15,1.13,0.0,0.0,0.0,3.35,0.07,0.85,0.3,0.46,2.02,1.57,0.72,0.13,0.0,0.0,0.33,0.02,0.59,0.2,5.5,5.02,0.27,3.28,1.89,24.89,5.02,14.91,22.98,48.61,23.7,0.54,0.65,0.0,10.39,0.87,0.0,0.0,19.78,28.52,0.0,3.16,3.68
8476399,B. Coleman,CGY,F,44,1020.23,0.3,0.18,0.48,2.39,2.5,0.66,0.23,0.66,0.0,0.0,0.0,2.59,0.18,2.39,0.59,0.66,2.5,4.02,2.27,0.11,0.0,0.0,1.16,0.09,0.93,0.34,10.91,13.19,0.52,3.05,2.52,29.2,6.09,16.14,19.93,56.39,27.34,1.09,0.77,0.0,11.82,1.05,0.0,0.0,20.19,26.05,0.0,6.85,7.08
8476412,J. Binnington,STL,G,56,1837.41,0.0,0.0,0.0,0.0,0.0,0.0,0.0,0.0,0.0,0.0,0.0,2.55,0.0,0.0,0.0,0.0,0.0,0.0,0.0,0.0,0.0,0.0,0.0,0.0,0.0,0.0,0.0,0.0,0.28,3.54,2.12,13.68,0.0,0.0,0.0,0.0,0.0,0.0,0.0,0.0,0.0,0.0,0.0,0.0,0.0,0.0,0.0,0.0,0.0
8476419,J. Pageau,NYI,F,48,930.06,0.25,0.25,0.5,1.06,1.42,0.9,0.02,0.04,0.0,0.0,0.0,3.0,0.09,1.08,0.4,0.9,1.42,1.79,1.0,0.06,0.02,0.0,0.48,0.02,0.6,0.25,4.92,4.4,0.46,2.88,2.33,28.6,5.98,16.19,19.52,57.21,27.27,0.98,0.35,0.0,11.77,0.83,0.0,0.0,19.59,27.59,0.0,3.07,3.87
8476422,M. Reilly,CAR,D,29,946.31,0.03,0.21,0.24,1.55,0.48,0.93,0.31,0.48,0.0,0.0,0.0,3.31,0.1,1.55,0.07,0.93,0.48,3.69,1.48,0.0,0.07,0.0,0.69,0.03,0.69,0.1,19.65,15.25,0.25,3.21,2.07,25.07,6.31,11.52,23.9,45.21,23.28,1.07,0.72,0.0,9.69,1.34,0.0,0.0,18.17,25.61,0.0,7.75,5.13
8476425,J. LaBate,VAN,F,1,572.0,0.0,0.0,0.0,2.0,6.0,2.0,-1.0,0.0,0.0,0.0,0.0,1.0,0.19,2.0,0.0,2.0,6.0,3.0,2.0,0.0,0.0,0.0,1.0,0.0,0.0,0.0,0.0,0.0,0.4,5.0,3.04,26.0,7.0,23.0,18.0,60.0,25.0,1.0,0.0,0.0,8.0,0.0,0.0,0.0,12.92,14.08,0.0,4.8,5.9
8476429,S. Mayfield,NYI,D,54,1052.7,0.02,0.13,0.15,0.89,0.96,1.2,-0.04,1.3,0.0,0.0,0.0,2.85,0.07,0.89,0.06,1.2,0.96,2.44,0.85,0.0,0.04,0.0,0.39,0.02,0.81,0.15,7.81,7.72,0.15,2.81,2.28,28.2,5.74,16.65,19.63,57.15,26.89,1.0,0.31,0.0,11.96,0.93,0.0,0.0,19.24,28.16,0.0,4.22,3.22
8476432,B. Jenner,CBJ,F,40,1001.02,0.2,0.45,0.65,2.15,2.28,0.98,0.0,0.65,0.0,0.0,0.0,3.28,0.21,2.15,0.5,0.98,2.28,4.32,1.98,0.12,0.05,0.0,0.95,0.02,0.88,0.18,10.6,12.08,0.62,3.12,2.19,30.45,5.5,16.42,16.8,58.8,29.08,0.92,0.45,0.0,10.4,1.18,0.0,0.0,20.5,28.29,0.0,6.86,9.44
8476434,J. Gibson,DET,G,57,2208.51,0.0,0.0,0.0,0.0,0.0,0.0,0.0,0.0,0.0,0.0,0.0,3.04,0.0,0.0,0.0,0.0,0.0,0.0,0.0,0.0,0.0,0.0,0.0,0.0,0.0,0.0,0.0,0.0,0.96,3.0,2.55,16.74,0.0,0.0,0.0,0.0,0.0,0.0,0.0,0.0,0.0,0.0,0.0,0.0,0.0,0.0,0.0,0.0,0.0
8476438,B. Saad,VGK,F,39,832.59,0.05,0.13,0.18,1.64,0.23,0.44,-0.03,0.36,0.0,0.0,0.0,3.13,0.12,1.64,0.28,0.44,0.23,2.95,1.64,0.0,0.0,0.0,0.74,0.03,0.67,0.21,5.0,5.25,0.2,3.13,2.51,25.46,5.67,17.03,21.0,54.77,24.23,0.72,0.51,0.0,11.69,0.87,0.0,0.0,21.91,28.69,0.0,5.12,4.62
8476441,J. Edmundson,LAK,D,54,1105.17,0.04,0.26,0.3,1.33,1.19,1.13,0.19,0.39,0.0,0.0,0.0,2.65,0.08,1.33,0.04,1.13,1.19,3.06,1.2,0.0,0.13,0.0,0.61,0.06,0.96,0.13,13.48,19.86,0.27,2.83,2.39,27.81,6.19,15.17,19.89,54.26,26.2,1.11,0.5,0.0,10.41,1.13,0.0,0.0,21.04,33.04,0.0,5.53,3.58
8476448,W. Karlsson,VGK,F,14,908.79,0.29,0.21,0.5,2.14,0.21,0.93,-0.07,0.29,0.0,0.0,0.0,3.29,0.13,2.14,0.29,0.93,0.21,3.21,1.93,0.21,0.0,0.0,1.0,0.0,0.79,0.21,7.11,16.93,0.48,3.0,2.53,26.0,5.5,18.57,20.71,57.07,24.64,0.93,0.43,0.0,12.0,0.79,0.0,0.0,21.42,28.22,0.0,5.4,4.82
8476453,N. Kucherov,TBL,F,50,1194.32,0.56,1.16,1.72,2.92,0.38,0.4,0.56,0.44,0.0,0.0,0.0,3.72,0.28,3.0,0.9,0.4,0.38,6.5,2.94,0.06,0.0,0.0,1.4,0.06,1.62,0.24,17.06,25.59,1.26,2.58,1.94,26.48,4.72,13.92,22.64,50.8,24.86,0.84,0.78,0.0,10.3,0.96,0.0,0.0,20.94,29.18,0.0,11.19,12.38
8476454,R. Nugent-Hopkins,EDM,F,47,1149.28,0.28,0.66,0.94,1.7,0.34,0.4,-0.13,0.36,0.0,0.0,0.0,3.47,0.2,1.77,0.62,0.4,0.34,3.43,1.7,0.04,0.02,0.0,0.47,0.0,0.55,0.15,9.75,27.23,0.76,3.13,2.11,27.02,5.09,16.15,19.79,54.55,25.77,0.7,0.55,0.0,10.55,0.79,0.0,0.0,20.37,26.57,0.0,5.99,8.53
8476455,G. Landeskog,COL,F,41,950.71,0.17,0.37,0.54,2.12,1.46,0.44,0.44,0.66,0.0,0.0,0.0,4.02,0.19,2.12,0.49,0.44,1.46,4.22,2.02,0.1,0.0,0.0,1.0,0.02,0.51,0.29,9.19,18.1,0.55,2.27,2.36,27.0,5.44,15.12,20.0,53.93,25.51,0.95,0.54,0.0,10.37,1.2,0.0,0.0,20.53,27.56,0.0,7.26,7.54
8476456,J. Huberdeau,CGY,F,49,1090.92,0.18,0.31,0.49,1.63,0.57,0.61,-0.18,0.84,0.0,0.0,0.0,2.59,0.15,1.65,0.41,0.61,0.57,3.27,1.53,0.08,0.04,0.0,0.43,0.02,1.12,0.18,10.11,15.62,0.37,2.92,2.53,28.86,5.98,16.14,18.69,56.59,27.12,1.06,0.67,0.0,11.82,1.02,0.0,0.0,20.49,24.03,0.0,5.66,6.19
8476457,A. Larsson,SEA,D,54,1303.96,0.07,0.19,0.26,1.09,1.37,2.09,0.07,0.56,0.0,0.0,0.0,2.89,0.07,1.09,0.09,2.09,1.37,2.28,1.06,0.0,0.04,0.0,0.35,0.02,0.63,0.2,13.14,12.6,0.33,2.94,2.41,29.52,5.56,17.91,20.33,61.15,28.17,0.78,0.57,0.0,12.56,1.3,0.0,0.0,20.02,28.23,0.0,3.75,2.9
8476458,R. Strome,ANA,F,32,724.53,0.09,0.16,0.25,1.09,0.5,0.22,-0.22,0.84,0.0,0.0,0.0,3.19,0.12,1.09,0.47,0.22,0.5,2.5,1.06,0.03,0.0,0.0,0.59,0.03,0.59,0.16,7.77,8.2,0.21,3.62,2.22,28.06,6.16,16.78,18.0,55.97,26.38,0.69,1.0,0.0,12.16,1.34,0.0,0.0,21.11,27.29,0.0,4.49,5.54
8476459,M. Zibanejad,NYR,F,55,1258.18,0.42,0.53,0.95,2.73,1.38,0.65,-0.35,0.18,0.0,0.0,0.0,2.73,0.2,2.73,0.67,0.65,1.38,4.91,2.49,0.16,0.07,0.0,1.05,0.04,1.31,0.44,11.09,13.08,0.8,3.16,2.5,28.64,6.2,16.47,19.58,57.27,27.35,0.69,0.6,0.0,10.55,0.8,0.0,0.0,20.91,27.63,0.0,8.24,7.79
8476460,M. Scheifele,WPG,F,55,1262.05,0.49,0.73,1.22,2.07,0.42,0.53,0.04,0.4,0.0,0.0,0.0,2.89,0.18,2.09,0.75,0.53,0.42,3.51,2.07,0.02,0.0,0.0,0.67,0.02,1.33,0.29,11.58,13.49,0.9,3.09,2.4,28.2,5.96,15.71,18.44,55.58,26.95,0.67,0.58,0.0,11.04,1.07,0.0,0.0,20.74,27.14,0.0,6.0,7.16
8476461,S. Couturier,PHI,F,53,1031.47,0.09,0.4,0.49,1.6,1.09,0.58,-0.13,0.38,0.0,0.0,0.0,3.02,0.12,1.6,0.25,0.58,1.09,3.09,1.47,0.04,0.09,0.0,0.62,0.0,0.89,0.43,8.37,13.58,0.44,3.23,2.37,25.91,5.6,16.3,20.72,54.47,24.72,0.64,0.55,0.0,11.11,1.21,0.0,0.0,21.73,29.38,0.0,5.46,4.83
8476462,D. Hamilton,NJD,D,50,1297.9,0.14,0.28,0.42,2.76,1.04,0.94,-0.1,0.76,0.0,0.0,0.0,2.62,0.18,2.78,0.2,0.94,1.04,6.08,2.6,0.06,0.12,0.0,1.02,0.0,1.48,0.16,21.36,19.18,0.38,3.12,2.22,28.3,5.62,16.14,19.58,55.6,26.98,0.78,0.54,0.0,10.96,1.1,0.0,0.0,20.76,25.95,0.0,10.28,8.41
8476463,J. Brodin,MIN,D,42,1279.98,0.07,0.29,0.36,1.02,0.19,2.17,0.31,0.19,0.0,0.0,0.0,2.95,0.07,1.02,0.1,2.17,0.19,2.6,0.86,0.12,0.05,0.0,0.36,0.02,0.71,0.21,20.95,18.45,0.36,2.95,2.61,30.21,6.12,17.55,18.43,60.24,28.76,0.88,0.57,0.0,11.36,0.88,0.0,0.0,20.49,31.17,0.0,4.25,2.59
8476467,J. Oleksiak,SEA,D,52,1014.73,0.06,0.12,0.17,0.94,1.31,1.52,0.19,0.27,0.0,0.0,0.0,2.92,0.06,0.94,0.13,1.52,1.31,1.94,0.85,0.0,0.1,0.0,0.37,0.04,0.92,0.31,10.83,15.67,0.2,2.9,2.4,29.62,5.46,17.81,20.29,61.19,28.29,0.75,0.58,0.0,12.71,1.33,0.0,0.0,20.25,28.64,0.0,3.17,2.38
8476468,J. Miller,NYR,F,47,1242.17,0.3,0.47,0.77,2.23,2.06,0.38,-0.43,0.34,0.0,0.0,0.0,2.68,0.19,2.26,0.49,0.38,2.06,4.19,2.11,0.09,0.06,0.0,0.7,0.06,1.13,0.21,13.04,20.17,0.64,3.26,2.43,28.3,6.17,15.62,19.57,55.72,27.09,0.64,0.57,0.0,10.4,0.85,0.0,0.0,21.17,28.12,0.0,7.07,7.46
8476469,J. Armia,LAK,F,49,874.8,0.2,0.18,0.39,1.29,1.0,0.55,0.04,0.45,0.0,0.0,0.0,2.69,0.1,1.31,0.31,0.55,1.0,2.71,1.2,0.08,0.02,0.0,0.49,0.02,0.78,0.51,6.2,8.74,0.37,2.76,2.43,28.16,6.18,15.31,19.86,55.06,26.45,1.18,0.53,0.0,10.43,1.08,0.0,0.0,21.33,32.25,0.0,4.8,4.59
8476473,C. Murphy,CHI,D,56,985.02,0.07,0.14,0.21,0.91,0.95,1.46,-0.05,0.82,0.0,0.0,0.0,2.75,0.06,0.91,0.09,1.46,0.95,1.96,0.88,0.0,0.04,0.0,0.45,0.05,0.86,0.21,5.14,3.91,0.21,3.23,2.59,30.09,6.89,14.04,22.86,56.54,28.46,1.09,0.54,0.0,11.98,1.02,0.0,0.0,19.6,28.49,0.0,3.47,2.37
8476474,S. Noesen,NJD,F,38,705.26,0.08,0.11,0.18,1.37,0.87,0.39,-0.32,0.87,0.0,0.0,0.0,2.39,0.13,1.37,0.29,0.39,0.87,2.55,1.21,0.11,0.05,0.0,0.45,0.03,0.61,0.08,11.4,8.99,0.19,3.16,2.18,29.37,5.61,15.87,19.26,55.84,27.87,0.79,0.71,0.0,11.13,1.05,0.0,0.0,20.47,27.28,0.0,4.84,6.48
8476479,P. Danault,LAK/MTL,F,50,969.62,0.04,0.22,0.26,1.4,0.78,0.58,-0.04,0.4,0.0,0.0,0.0,3.18,0.12,1.42,0.24,0.58,0.78,2.7,1.36,0.06,0.0,0.0,0.52,0.0,0.8,0.14,9.72,10.68,0.23,2.88,2.36,26.96,5.86,16.18,20.32,53.7,25.38,1.04,0.54,0.0,10.7,1.04,0.0,0.0,20.44,31.79,0.0,5.0,5.42
8476480,V. Namestnikov,WPG,F,54,843.41,0.13,0.11,0.24,1.22,1.3,0.61,-0.17,0.52,0.0,0.0,0.0,2.89,0.1,1.22,0.2,0.61,1.3,2.31,1.13,0.04,0.06,0.0,0.28,0.02,0.8,0.13,6.53,6.99,0.22,3.07,2.4,28.17,5.94,15.81,18.61,55.72,26.91,0.69,0.57,0.0,11.15,1.09,0.0,0.0,20.76,26.87,0.0,3.92,3.97
8476483,R. Rakell,PIT,F,34,1143.29,0.29,0.41,0.71,3.0,1.44,0.88,0.0,0.12,0.0,0.0,0.0,3.68,0.31,3.06,1.03,0.88,1.44,5.06,3.06,0.0,0.0,0.0,1.03,0.03,0.82,0.41,9.57,13.95,0.73,2.97,2.14,27.71,5.29,16.94,21.24,57.74,26.65,0.68,0.38,0.0,11.47,1.21,0.0,0.0,21.02,27.68,0.0,8.36,13.0
8476525,C. Miller,WPG,D,15,825.47,0.0,0.07,0.07,1.07,1.67,0.67,-0.53,0.4,0.0,0.0,0.0,3.13,0.08,1.07,0.0,0.67,1.67,3.2,1.0,0.07,0.0,0.0,0.67,0.0,0.73,0.13,4.13,2.37,0.11,3.47,2.49,28.4,6.67,16.8,17.67,56.27,26.47,1.0,0.93,0.0,12.2,0.53,0.0,0.0,20.8,26.08,0.0,5.49,3.65
8476539,J. Marchessault,NSH,F,36,984.67,0.25,0.14,0.39,2.33,1.39,0.14,-0.5,0.5,0.0,0.0,0.0,3.0,0.21,2.36,0.47,0.14,1.39,4.44,2.19,0.08,0.08,0.0,0.92,0.03,1.17,0.19,11.47,25.07,0.35,3.64,2.02,30.08,5.72,12.28,19.64,51.75,28.92,0.69,0.47,0.0,10.58,1.06,0.0,0.0,20.77,25.28,0.0,8.26,9.58
8476624,B. Goodrow,SJS,F,54,689.46,0.07,0.09,0.17,0.85,1.5,0.78,-0.24,0.74,0.0,0.0,0.0,3.13,0.08,0.85,0.19,0.78,1.5,1.5,0.74,0.04,0.07,0.0,0.35,0.0,0.46,0.15,2.35,3.26,0.21,3.5,2.24,30.59,5.85,16.89,17.0,59.11,29.17,0.74,0.69,0.0,11.61,1.13,0.0,0.0,19.15,24.81,0.0,2.6,3.88
8476822,L. Glendening,NJD,F,51,596.24,0.0,0.08,0.08,0.59,1.27,0.88,-0.22,0.08,0.0,0.0,0.0,2.63,0.05,0.59,0.18,0.88,1.27,1.1,0.57,0.02,0.0,0.0,0.22,0.02,0.16,0.12,3.29,3.61,0.16,3.12,2.2,28.67,5.57,16.25,19.75,55.98,27.24,0.76,0.67,0.0,10.88,1.06,0.0,0.0,20.23,25.76,0.0,2.18,2.62
8476826,Y. Gourde,TBL,F,53,987.91,0.13,0.26,0.4,1.4,1.3,0.45,0.08,0.77,0.0,0.0,0.0,3.57,0.13,1.4,0.25,0.45,1.3,2.74,1.23,0.11,0.06,0.0,0.62,0.06,0.94,0.28,8.29,9.39,0.33,2.57,1.95,26.51,4.7,13.89,22.72,50.92,24.87,0.87,0.77,0.0,10.26,0.96,0.0,0.0,21.07,28.94,0.0,5.38,6.36
8476853,M. Rielly,TOR,D,54,1293.7,0.13,0.44,0.57,1.96,0.39,1.37,-0.31,0.22,0.0,0.0,0.0,3.26,0.12,1.96,0.15,1.37,0.39,4.43,1.8,0.06,0.11,0.0,0.76,0.02,1.22,0.3,18.01,13.46,0.48,3.43,2.65,31.7,6.78,16.94,18.06,61.24,30.37,0.76,0.57,0.0,11.15,0.94,0.0,0.0,20.7,29.77,0.0,7.03,4.92
8476854,H. Lindholm,BOS,D,42,1322.81,0.1,0.31,0.4,1.62,0.14,1.81,-0.24,1.05,0.0,0.0,0.0,3.31,0.12,1.62,0.1,1.81,0.14,3.67,1.48,0.05,0.1,0.0,0.52,0.07,1.12,0.4,14.39,18.36,0.38,3.12,2.37,31.36,5.93,16.86,22.52,60.38,30.19,0.79,0.38,0.0,11.93,0.9,0.0,0.0,19.58,26.02,0.0,5.84,5.29
8476856,M. Dumba,PIT,D,11,896.18,0.09,0.18,0.27,0.64,1.45,1.09,-0.45,1.0,0.0,0.0,0.0,3.09,0.1,0.64,0.09,1.09,1.45,2.27,0.55,0.0,0.09,0.0,0.27,0.09,0.73,0.55,10.27,15.45,0.28,3.27,2.28,28.82,6.45,17.55,20.09,58.18,27.91,0.64,0.27,0.0,10.64,0.64,0.0,0.0,20.07,29.25,0.0,4.04,4.03
8476867,B. Gaunce,CBJ,F,25,714.16,0.08,0.16,0.24,1.16,1.76,0.84,-0.04,0.48,0.0,0.0,0.0,3.04,0.11,1.16,0.36,0.84,1.76,2.48,1.12,0.04,0.0,0.0,0.36,0.0,0.28,0.24,5.9,4.3,0.33,3.48,2.26,31.0,6.36,17.0,16.48,59.8,29.56,0.96,0.48,0.0,11.84,1.12,0.0,0.0,19.93,27.78,0.0,3.98,4.74
8476869,B. Skjei,NSH,D,55,1345.45,0.02,0.29,0.31,1.53,0.8,0.93,-0.16,0.4,0.0,0.0,0.0,2.95,0.13,1.53,0.07,0.93,0.8,3.69,1.51,0.0,0.02,0.0,0.8,0.07,1.38,0.29,13.65,15.15,0.22,3.42,2.04,29.4,5.49,12.98,19.95,52.35,28.18,0.73,0.49,0.0,10.75,1.09,0.0,0.0,20.66,26.12,0.0,6.94,6.49
8476871,T. Pearson,WPG,F,47,650.21,0.15,0.06,0.21,0.87,1.34,0.51,0.09,0.49,0.0,0.0,0.0,3.0,0.06,0.87,0.23,0.51,1.34,1.6,0.83,0.04,0.0,0.0,0.45,0.04,0.51,0.11,4.26,8.57,0.21,3.13,2.44,28.32,6.06,15.98,17.72,56.26,27.06,0.62,0.64,0.0,11.11,1.0,0.0,0.0,20.41,27.59,0.0,2.86,2.64
8476872,S. Laughton,TOR,F,38,820.89,0.21,0.08,0.29,1.18,1.82,0.68,-0.03,0.32,0.0,0.0,0.0,3.18,0.08,1.18,0.39,0.68,1.82,2.08,1.0,0.13,0.05,0.0,0.74,0.08,0.74,0.26,8.7,12.78,0.3,3.32,2.58,31.89,6.39,16.42,18.29,61.16,30.45,0.87,0.58,0.0,11.16,0.97,0.0,0.0,21.8,31.55,0.0,3.31,3.59
8476873,M. Jankowski,CAR,F,43,668.49,0.12,0.16,0.28,0.88,0.67,0.67,0.09,0.28,0.0,0.0,0.0,3.3,0.09,0.91,0.16,0.67,0.67,1.93,0.91,0.0,0.0,0.0,0.35,0.02,0.63,0.21,5.2,11.08,0.24,2.77,2.23,24.74,6.02,11.65,24.49,46.23,23.35,0.79,0.6,0.0,9.42,1.37,0.0,0.0,20.15,30.56,0.0,4.13,3.7
8476874,O. Määttä,UTA,D,19,714.63,0.0,0.05,0.05,0.47,0.05,0.84,-0.21,0.11,0.0,0.0,0.0,3.26,0.04,0.47,0.0,0.84,0.05,1.16,0.37,0.05,0.05,0.0,0.32,0.0,0.74,0.11,2.24,0.89,0.02,3.16,1.7,24.05,4.74,14.63,22.11,47.26,22.84,0.84,0.37,0.0,10.0,1.53,0.0,0.0,21.72,29.06,0.0,2.62,2.58
8476875,M. Matheson,MTL,D,53,1490.38,0.09,0.43,0.53,1.43,0.64,2.11,0.23,0.42,0.0,0.0,0.0,3.43,0.11,1.43,0.09,2.11,0.64,3.57,1.34,0.04,0.06,0.0,0.57,0.04,1.15,0.38,9.65,14.48,0.47,3.32,2.52,27.81,6.08,18.19,21.62,57.04,26.38,0.81,0.62,0.0,11.89,0.91,0.0,0.0,20.24,28.88,0.0,5.98,4.06
8476878,Z. Girgensons,TBL,F,46,903.5,0.13,0.15,0.28,1.22,2.61,0.61,0.02,0.39,0.0,0.0,0.0,3.72,0.12,1.22,0.37,0.61,2.61,2.33,1.11,0.09,0.02,0.0,0.54,0.02,0.52,0.07,5.72,10.77,0.32,2.43,1.9,25.91,4.59,13.63,22.13,49.74,24.33,0.83,0.76,0.0,10.04,0.96,0.0,0.0,20.81,29.04,0.0,4.64,6.13
8476879,C. Ceci,LAK,D,54,1048.98,0.02,0.13,0.15,0.78,0.43,1.3,-0.06,0.19,0.0,0.0,0.0,2.65,0.07,0.78,0.02,1.3,0.43,2.37,0.7,0.06,0.02,0.0,0.28,0.02,0.8,0.22,10.76,7.88,0.14,2.83,2.39,27.81,6.19,15.17,19.89,54.26,26.2,1.11,0.5,0.0,10.41,1.13,0.0,0.0,21.04,33.04,0.0,4.29,3.2
8476880,T. Wilson,WSH,F,48,1161.23,0.46,0.54,1.0,2.17,2.65,0.67,0.42,1.62,0.0,0.0,0.0,3.25,0.2,2.17,0.81,0.67,2.65,3.98,2.02,0.1,0.04,0.0,0.73,0.1,1.12,0.23,11.04,12.28,0.84,2.85,2.57,28.42,6.33,16.88,19.12,57.52,27.15,0.77,0.5,0.0,11.21,1.15,0.0,0.0,20.14,30.43,0.0,6.59,7.47
8476881,T. Hertl,VGK,F,55,1051.56,0.4,0.47,0.87,2.64,1.35,0.49,-0.13,0.64,0.0,0.0,0.0,3.31,0.26,2.64,0.84,0.49,1.35,5.27,2.49,0.15,0.0,0.0,0.98,0.04,0.67,0.22,8.78,10.75,0.81,3.2,2.43,25.11,5.78,16.49,21.67,53.78,23.8,0.8,0.51,0.0,11.78,0.96,0.0,0.0,22.03,28.93,0.0,9.07,9.57
8476882,T. Teravainen,CHI,F,49,1087.47,0.2,0.27,0.47,1.22,0.35,0.55,-0.37,0.08,0.0,0.0,0.0,2.92,0.09,1.31,0.27,0.55,0.35,2.59,1.22,0.04,0.04,0.0,0.37,0.04,0.92,0.39,7.75,20.45,0.37,3.2,2.59,30.18,6.88,13.88,22.76,56.57,28.49,1.14,0.55,0.0,11.73,1.02,0.0,0.0,19.26,27.97,0.0,4.51,3.66
8476883,A. Vasilevskiy,TBL,G,46,2733.5,0.0,0.0,0.0,0.0,0.0,0.0,0.0,0.0,0.0,0.0,0.0,3.65,0.0,0.0,0.0,0.0,0.0,0.0,0.0,0.0,0.0,0.0,0.0,0.0,0.0,0.0,0.0,0.0,0.35,2.5,1.94,19.57,0.0,0.0,0.0,0.0,0.0,0.0,0.0,0.0,0.0,0.0,0.0,0.0,0.0,0.0,0.0,0.0,0.0
8476885,J. Trouba,ANA,D,54,1357.98,0.15,0.3,0.44,2.02,1.85,2.0,0.0,0.31,0.0,0.0,0.0,3.3,0.13,2.02,0.22,2.0,1.85,4.09,1.89,0.04,0.09,0.0,0.7,0.04,1.09,0.31,21.46,19.55,0.49,3.48,2.26,29.07,5.89,16.67,18.74,57.46,27.39,0.74,0.94,0.0,12.04,1.24,0.0,0.0,20.47,25.13,0.0,6.91,5.75
8476887,F. Forsberg,NSH,F,55,1131.07,0.42,0.4,0.82,3.02,1.87,0.33,-0.07,0.47,0.0,0.0,0.0,2.95,0.26,3.05,0.71,0.33,1.87,6.18,2.96,0.09,0.0,0.0,1.09,0.04,1.33,0.67,12.26,21.33,0.75,3.42,2.04,29.4,5.49,12.98,19.95,52.35,28.18,0.73,0.49,0.0,10.75,1.09,0.0,0.0,20.66,26.12,0.0,10.89,11.77
8476889,R. Faksa,DAL,F,55,697.58,0.04,0.27,0.31,0.6,1.33,0.73,0.02,0.29,0.0,0.0,0.0,3.35,0.06,0.6,0.13,0.73,1.33,1.38,0.56,0.04,0.0,0.0,0.33,0.02,0.33,0.25,4.53,4.44,0.31,2.78,2.31,27.38,5.8,16.67,25.2,55.27,25.85,0.82,0.71,0.0,11.4,1.05,0.0,0.0,20.69,29.38,0.0,2.46,2.55
8476891,M. Grzelcyk,CHI,D,56,1016.11,0.0,0.21,0.21,1.02,0.43,0.75,0.0,0.5,0.0,0.0,0.0,2.75,0.06,1.02,0.0,0.75,0.43,2.41,0.98,0.02,0.02,0.0,0.34,0.02,0.66,0.29,9.04,7.59,0.2,3.23,2.59,30.09,6.89,14.04,22.86,56.54,28.46,1.09,0.54,0.0,11.98,1.02,0.0,0.0,19.6,28.49,0.0,4.18,2.5
8476892,C. Parayko,STL,D,56,1349.36,0.02,0.21,0.23,1.27,1.12,2.46,-0.2,0.29,0.0,0.0,0.0,2.55,0.09,1.27,0.04,2.46,1.12,3.05,1.18,0.02,0.07,0.0,0.55,0.0,1.16,0.43,8.79,11.69,0.28,3.54,2.12,27.84,5.61,15.84,17.66,54.73,26.16,1.05,0.62,0.0,10.62,1.11,0.0,0.0,21.35,28.9,0.0,5.51,4.4
8476897,O. Sundqvist,STL,F,42,794.1,0.1,0.24,0.33,0.81,1.17,0.57,-0.33,0.38,0.0,0.0,0.0,2.55,0.06,0.81,0.17,0.57,1.17,1.38,0.74,0.02,0.05,0.0,0.31,0.05,0.38,0.24,2.89,4.75,0.32,3.76,2.16,28.57,5.86,15.86,17.62,55.17,26.71,1.17,0.69,0.0,11.07,1.05,0.0,0.0,20.89,28.84,0.0,2.43,2.52
8476899,M. Murray,SEA,G,13,1001.0,0.0,0.0,0.0,0.0,0.0,0.0,0.0,0.0,0.0,0.0,0.0,2.62,0.0,0.0,0.0,0.0,0.0,0.0,0.0,0.0,0.0,0.0,0.0,0.0,0.0,0.0,0.0,0.0,1.54,2.62,2.16,7.85,0.0,0.0,0.0,0.0,0.0,0.0,0.0,0.0,0.0,0.0,0.0,0.0,0.0,0.0,0.0,0.0,0.0
8476902,E. Lindell,DAL,D,56,1423.18,0.09,0.29,0.38,1.04,0.41,2.21,0.3,0.25,0.0,0.0,0.0,3.36,0.08,1.04,0.11,2.21,0.41,2.39,0.89,0.05,0.09,0.0,0.3,0.04,1.48,0.43,10.13,19.46,0.29,2.79,2.3,27.39,5.79,16.54,25.07,55.14,25.86,0.82,0.71,0.0,11.36,1.07,0.0,0.0,20.7,29.73,0.0,4.28,3.49
8476905,C. Stephenson,SEA,F,52,1182.6,0.25,0.4,0.65,1.33,0.31,0.75,-0.25,0.23,0.0,0.0,0.0,2.88,0.09,1.35,0.42,0.75,0.31,2.02,1.23,0.06,0.06,0.0,0.46,0.0,0.81,0.4,5.51,12.18,0.53,2.96,2.43,29.54,5.62,17.98,20.21,61.21,28.19,0.77,0.58,0.0,12.52,1.35,0.0,0.0,20.11,28.45,0.0,3.36,3.9
8476906,S. Gostisbehere,CAR,D,38,1199.71,0.24,0.76,1.0,2.11,0.37,1.16,0.26,0.37,0.0,0.0,0.0,3.34,0.12,2.11,0.24,1.16,0.37,4.95,1.87,0.11,0.13,0.0,0.66,0.03,1.03,0.37,12.26,14.83,0.82,2.97,2.1,24.13,5.74,11.76,24.0,45.68,22.74,0.82,0.58,0.0,9.53,1.47,0.0,0.0,19.54,30.08,0.0,10.31,6.43
8476907,M. MacEachern,VAN,F,8,611.0,0.12,0.38,0.5,0.75,1.25,0.75,0.0,1.5,0.0,0.0,0.0,3.62,0.06,0.75,0.25,0.75,1.25,1.12,0.75,0.0,0.0,0.0,0.5,0.0,0.38,0.12,0.0,0.0,0.44,4.38,2.81,31.5,8.0,17.0,20.12,59.62,30.5,0.5,0.5,0.0,13.62,1.12,0.0,0.0,20.82,28.46,0.0,1.91,2.21
8476914,J. Korpisalo,BOS,G,56,1215.57,0.0,0.0,0.0,0.0,0.0,0.0,0.0,0.0,0.0,0.0,0.0,3.41,0.0,0.0,0.0,0.0,0.0,0.0,0.0,0.0,0.0,0.0,0.0,0.0,0.0,0.0,0.0,0.0,1.29,3.16,2.34,10.02,0.0,0.0,0.0,0.0,0.0,0.0,0.0,0.0,0.0,0.0,0.0,0.0,0.0,0.0,0.0,0.0,0.0
8476917,A. Pelech,NYI,D,56,1251.71,0.05,0.11,0.16,1.41,0.66,1.77,0.12,0.54,0.0,0.0,0.0,2.88,0.1,1.41,0.07,1.77,0.66,3.66,1.34,0.04,0.04,0.0,0.79,0.05,0.91,0.48,13.46,20.26,0.24,2.8,2.3,28.25,5.82,16.5,19.55,57.2,26.93,0.96,0.36,0.0,11.93,0.89,0.0,0.0,19.16,27.67,0.0,6.21,4.46
8476921,J. Martinook,CAR,F,52,884.33,0.13,0.21,0.35,1.35,1.71,0.65,0.06,0.52,0.0,0.0,0.0,3.5,0.11,1.35,0.25,0.65,1.71,3.23,1.25,0.02,0.08,0.0,0.85,0.1,0.56,0.21,8.88,13.99,0.36,2.79,2.13,24.52,5.77,11.63,24.04,45.58,22.98,0.88,0.65,0.0,9.42,1.35,0.0,0.0,19.99,29.48,0.0,7.01,5.49
8476923,D. Severson,CBJ,D,53,1237.17,0.08,0.32,0.4,1.3,0.64,1.19,0.11,0.53,0.0,0.0,0.0,3.15,0.13,1.3,0.21,1.19,0.64,3.34,1.21,0.04,0.06,0.0,0.6,0.04,1.25,0.32,11.37,10.9,0.3,3.28,2.21,30.85,5.81,16.28,17.57,59.4,29.38,0.96,0.51,0.0,10.83,1.15,0.0,0.0,20.58,29.63,0.0,5.32,5.84
8476925,C. Sissons,VGK,F,41,708.39,0.07,0.07,0.15,1.05,1.49,0.63,-0.17,0.37,0.0,0.0,0.0,3.24,0.07,1.05,0.22,0.63,1.49,2.07,0.98,0.07,0.0,0.0,0.41,0.02,0.54,0.12,5.8,7.1,0.19,3.15,2.47,25.05,5.66,16.9,21.63,54.22,23.88,0.71,0.46,0.0,11.61,0.85,0.0,0.0,22.71,28.59,0.0,3.82,2.75
8476927,T. Blueger,VAN,F,9,970.33,0.56,0.11,0.67,1.89,2.44,0.44,0.22,0.22,0.0,0.0,0.0,2.78,0.08,1.89,0.56,0.44,2.44,2.22,1.67,0.11,0.11,0.0,0.89,0.11,1.0,0.11,9.44,12.89,0.58,3.33,2.79,30.89,7.0,16.89,19.67,62.33,29.33,0.67,0.89,0.0,12.11,0.89,0.0,0.0,21.06,30.34,0.0,3.46,2.92
8476931,J. McCabe,TOR,D,54,1335.31,0.06,0.26,0.31,0.85,1.44,2.41,0.28,0.57,0.0,0.0,0.0,3.28,0.07,0.85,0.11,2.41,1.44,2.04,0.76,0.0,0.09,0.0,0.35,0.02,1.19,0.33,8.8,7.6,0.3,3.52,2.64,31.8,6.87,17.02,17.54,60.96,30.46,0.78,0.56,0.0,11.17,0.94,0.0,0.0,20.87,30.1,0.0,3.39,2.74
8476932,A. Stolarz,TOR,G,22,2231.23,0.0,0.0,0.0,0.0,0.0,0.0,0.0,0.0,0.0,0.0,0.0,3.41,0.0,0.0,0.0,0.0,0.0,0.0,0.0,0.0,0.0,0.0,0.0,0.0,0.0,0.0,0.0,0.0,0.27,4.0,2.55,18.36,0.0,0.0,0.0,0.0,0.0,0.0,0.0,0.0,0.0,0.0,0.0,0.0,0.0,0.0,0.0,0.0,0.0
8476945,C. Hellebuyck,WPG,G,44,2860.25,0.0,0.0,0.0,0.0,0.0,0.0,0.0,0.0,0.0,0.0,0.0,3.0,0.0,0.0,0.0,0.0,0.0,0.0,0.0,0.0,0.0,0.0,0.0,0.0,0.0,0.0,0.0,0.0,0.25,2.89,2.43,22.07,0.0,0.0,0.0,0.0,0.0,0.0,0.0,0.0,0.0,0.0,0.0,0.0,0.0,0.0,0.0,0.0,0.0
8476952,D. Toninato,CHI,F,5,551.8,0.0,0.2,0.2,1.2,2.0,0.0,0.2,0.8,0.0,0.0,0.0,1.6,0.1,1.2,0.4,0.0,2.0,2.4,1.0,0.2,0.0,0.0,0.6,0.0,0.4,0.2,9.6,4.4,0.24,3.4,2.27,29.0,6.6,13.2,18.6,53.6,26.8,1.8,0.4,0.0,11.0,0.6,0.0,0.0,15.76,30.0,0.0,4.12,4.04
8476958,J. Slavin,CAR,D,15,1209.33,0.0,0.2,0.2,1.0,0.13,1.67,0.33,0.13,0.0,0.0,0.0,3.93,0.06,1.0,0.0,1.67,0.13,2.73,0.93,0.07,0.0,0.0,0.53,0.0,1.0,0.73,14.0,13.57,0.23,2.47,2.28,25.47,5.47,12.0,24.27,47.6,24.27,0.53,0.67,0.0,9.8,1.27,0.0,0.0,21.12,34.43,0.0,5.69,3.0
8476967,B. Kulak,EDM/PIT,D,54,1130.98,0.02,0.13,0.15,1.15,0.17,1.41,-0.06,0.52,0.0,0.0,0.0,3.46,0.09,1.15,0.06,1.41,0.17,2.83,1.04,0.0,0.11,0.0,0.48,0.02,0.72,0.15,7.74,10.23,0.17,3.2,2.17,26.39,5.31,15.81,19.22,54.37,25.2,0.72,0.46,0.0,10.83,1.07,0.0,0.0,21.13,28.63,0.0,4.99,4.04
8476979,E. Gustafsson,DET,D,2,1124.5,0.0,0.0,0.0,1.5,1.0,0.5,-1.0,1.0,0.0,0.0,0.0,1.5,0.1,1.5,0.0,0.5,1.0,4.0,1.5,0.0,0.0,0.0,0.0,0.0,1.5,0.5,13.5,23.5,-0.01,5.5,2.74,25.0,8.5,18.0,17.0,57.0,22.5,1.5,1.0,0.0,12.0,1.5,0.0,0.0,20.58,17.97,0.0,6.5,3.65
8476981,J. Anderson,MTL,F,50,863.14,0.22,0.12,0.34,1.2,1.88,0.6,-0.18,1.04,0.0,0.0,0.0,3.48,0.09,1.2,0.32,0.6,1.88,2.22,1.1,0.06,0.04,0.0,0.52,0.04,0.64,0.12,6.28,8.15,0.33,3.42,2.5,27.72,6.24,17.86,22.22,56.72,26.3,0.82,0.6,0.0,11.82,0.94,0.0,0.0,20.89,29.41,0.0,3.93,3.69
8476988,M. Benning,TOR,D,1,746.0,0.0,0.0,0.0,0.0,0.0,3.0,0.0,0.0,0.0,0.0,0.0,3.0,0.02,0.0,0.0,3.0,0.0,1.0,0.0,0.0,0.0,0.0,0.0,0.0,1.0,0.0,17.0,22.0,0.0,4.0,2.37,25.0,7.0,13.0,21.0,54.0,25.0,0.0,0.0,0.0,6.0,1.0,0.0,0.0,27.78,31.0,0.0,1.8,0.8
8476994,V. Hinostroza,MIN,F,43,631.56,0.07,0.16,0.23,0.95,0.6,0.44,-0.12,0.14,0.0,0.0,0.0,3.35,0.08,0.95,0.21,0.44,0.6,2.14,0.93,0.02,0.0,0.0,0.53,0.0,0.81,0.33,5.55,5.2,0.19,3.09,2.63,30.21,6.21,17.3,18.95,59.74,28.95,0.79,0.47,0.0,11.37,0.88,0.0,0.0,20.49,29.34,0.0,3.55,3.31
8476999,L. Ullmark,OTT,G,40,2678.78,0.0,0.0,0.0,0.0,0.0,0.0,0.0,0.0,0.0,0.0,0.0,3.4,0.0,0.0,0.0,0.0,0.0,0.0,0.0,0.0,0.0,0.0,0.0,0.0,0.0,0.0,0.0,0.0,-0.24,3.1,1.88,18.25,0.0,0.0,0.0,0.0,0.0,0.0,0.0,0.0,0.0,0.0,0.0,0.0,0.0,0.0,0.0,0.0,0.0
8477015,C. Brown,NJD,F,48,993.5,0.21,0.25,0.46,1.4,0.35,0.54,-0.1,0.21,0.0,0.0,0.0,2.6,0.1,1.4,0.31,0.54,0.35,2.23,1.31,0.06,0.02,0.0,0.48,0.0,0.67,0.27,5.56,6.14,0.4,3.17,2.18,28.02,5.54,15.62,19.83,54.85,26.69,0.77,0.56,0.0,10.71,1.04,0.0,0.0,20.62,25.53,0.0,4.01,4.61
8477018,B. Hutton,VGK,D,48,890.81,0.12,0.19,0.31,1.31,0.5,1.0,0.0,0.35,0.0,0.0,0.0,3.35,0.07,1.31,0.12,1.0,0.5,2.5,1.21,0.06,0.04,0.0,0.58,0.06,0.85,0.29,9.1,12.63,0.29,3.17,2.43,25.12,5.79,16.69,22.12,53.88,23.75,0.83,0.54,0.0,11.96,1.0,0.0,0.0,22.11,29.24,0.0,4.44,3.06
8477021,A. Kerfoot,UTA,F,9,620.33,0.11,0.0,0.11,1.22,0.33,0.89,-0.22,0.89,0.0,0.0,0.0,2.89,0.06,1.22,0.44,0.89,0.33,1.67,1.11,0.11,0.0,0.0,0.44,0.0,0.44,0.11,8.85,8.33,0.17,2.33,1.92,26.33,4.22,16.11,22.67,53.89,24.56,1.11,0.67,0.0,10.67,1.33,0.0,0.0,19.04,27.15,0.0,3.0,3.07
8477034,J. Megna,VGK,D,4,637.25,0.0,0.0,0.0,0.25,1.5,0.25,-1.25,0.5,0.0,0.0,0.0,2.5,0.0,0.25,0.0,0.25,1.5,0.25,0.25,0.0,0.0,0.0,0.0,0.0,0.5,0.0,0.0,0.0,-0.0,3.0,1.81,19.0,3.5,14.75,18.5,44.75,17.75,0.5,0.75,0.0,9.25,0.5,0.0,0.0,19.02,24.2,0.0,0.52,0.28
8477070,L. O'Brien,UTA,F,31,542.55,0.06,0.03,0.1,0.81,2.87,0.35,-0.19,1.39,0.0,0.0,0.0,3.77,0.09,0.81,0.23,0.35,2.87,2.32,0.74,0.06,0.0,0.0,0.58,0.13,0.26,0.03,6.44,4.57,0.19,2.81,2.01,26.84,4.74,16.16,20.84,53.32,25.19,1.03,0.61,0.0,11.23,1.16,0.0,0.0,20.64,28.44,0.0,4.27,4.35
8477073,K. MacDermid,OTT,F,16,241.06,0.0,0.06,0.06,0.12,0.81,0.31,-0.19,2.06,0.0,0.0,0.0,4.0,0.0,0.12,0.0,0.31,0.81,0.19,0.0,0.12,0.0,0.0,0.06,0.0,0.12,0.0,0.0,0.0,0.07,2.81,1.82,24.19,4.31,16.25,26.0,50.19,22.81,0.75,0.62,0.0,11.38,1.0,0.0,0.0,21.49,29.1,0.0,0.35,0.19
8477149,S. Sabourin,TBL,F,9,492.11,0.11,0.22,0.33,0.56,1.67,0.44,0.0,7.0,0.0,0.0,0.0,3.89,0.08,0.56,0.22,0.44,1.67,1.11,0.56,0.0,0.0,0.0,0.33,0.0,0.44,0.0,2.39,1.72,0.28,3.67,2.04,25.78,6.11,15.11,25.22,52.11,24.67,0.56,0.56,0.0,10.78,1.22,0.0,0.0,20.36,26.97,0.0,2.37,4.41
8477220,N. Schmidt,UTA,D,56,1207.55,0.07,0.25,0.32,1.04,1.02,1.12,0.5,0.25,0.0,0.0,0.0,3.2,0.09,1.04,0.07,1.12,1.02,2.77,0.91,0.0,0.12,0.0,0.54,0.0,1.0,0.21,11.02,10.07,0.26,2.79,1.99,25.93,4.64,15.36,21.62,52.41,24.41,1.0,0.52,0.0,10.8,1.38,0.0,0.0,20.38,27.68,0.0,5.22,4.64
8477320,A. Blidh,NYR,F,3,435.0,0.0,0.33,0.33,1.33,2.67,0.0,0.33,0.0,0.0,0.0,0.0,1.67,0.03,1.33,0.0,0.0,2.67,1.67,1.33,0.0,0.0,0.0,0.33,0.0,0.0,0.0,9.0,3.17,0.4,3.67,2.8,26.67,8.0,13.0,16.0,54.0,26.0,0.0,0.67,0.0,11.0,0.0,0.0,0.0,20.21,26.3,0.0,2.7,1.0
8477346,M. Weegar,CGY,D,55,1391.29,0.05,0.27,0.33,2.2,2.24,2.31,-0.58,1.18,0.0,0.0,0.0,2.51,0.15,2.2,0.07,2.31,2.24,5.29,2.04,0.11,0.05,0.0,0.69,0.04,1.6,0.35,17.13,21.42,0.36,3.02,2.53,29.02,6.02,16.11,19.33,56.56,27.16,1.11,0.75,0.0,11.65,1.0,0.0,0.0,20.31,25.06,0.0,8.77,5.96
8477361,C. Petersen,MIN,G,1,0.0,0.0,0.0,0.0,0.0,0.0,0.0,0.0,0.0,0.0,0.0,0.0,4.0,0.0,0.0,0.0,0.0,0.0,0.0,0.0,0.0,0.0,0.0,0.0,0.0,0.0,0.0,0.0,0.0,2.09,3.0,2.09,0.0,0.0,0.0,0.0,0.0,0.0,0.0,0.0,0.0,0.0,0.0,0.0,0.0,0.0,0.0,0.0,0.0,0.0
8477365,C. Clifton,PIT,D,24,978.88,0.04,0.08,0.12,0.71,4.0,1.62,-0.04,1.0,0.0,0.0,0.0,3.38,0.08,0.71,0.04,1.62,4.0,2.46,0.67,0.0,0.04,0.0,0.5,0.0,0.79,0.29,6.96,11.85,0.24,3.17,2.25,28.58,5.92,16.54,20.08,57.92,27.5,0.75,0.33,0.0,11.33,0.96,0.0,0.0,21.48,32.67,0.0,4.11,3.25
8477369,C. Soucy,NYR/NYI,D,50,1023.82,0.08,0.1,0.18,0.88,1.56,1.34,0.06,0.4,0.0,0.0,0.0,2.72,0.06,0.88,0.1,1.34,1.56,2.06,0.78,0.1,0.0,0.0,0.44,0.08,1.06,0.28,9.21,11.9,0.17,3.14,2.53,28.9,6.22,16.78,20.32,57.78,27.52,0.7,0.68,0.0,10.84,0.96,0.0,0.0,21.02,27.18,0.0,3.48,2.33
8477380,J. Brodzinski,NYR,F,38,664.82,0.11,0.16,0.26,0.97,0.74,0.45,-0.13,0.26,0.0,0.0,0.0,2.53,0.1,0.97,0.16,0.45,0.74,2.39,0.97,0.0,0.0,0.0,0.53,0.0,0.45,0.26,8.96,12.78,0.26,3.37,2.53,29.29,6.29,17.39,19.89,58.79,27.87,0.74,0.68,0.0,11.34,0.71,0.0,0.0,20.37,25.88,0.0,3.89,3.89
8477401,J. Hayden,SEA,F,3,604.67,0.0,0.0,0.0,0.67,2.33,0.67,-0.33,0.67,0.0,0.0,0.0,2.33,0.07,0.67,0.33,0.67,2.33,1.67,0.67,0.0,0.0,0.0,0.33,0.0,0.67,0.33,0.0,0.0,0.08,4.0,2.31,30.33,7.33,17.33,22.33,55.67,29.33,0.33,0.67,0.0,12.0,1.0,0.0,0.0,22.52,31.23,0.0,2.53,2.7
8477402,P. Buchnevich,STL,F,56,1098.02,0.2,0.39,0.59,1.86,0.43,0.45,-0.27,0.32,0.0,0.0,0.0,2.55,0.18,1.86,0.52,0.45,0.43,3.57,1.8,0.02,0.04,0.0,0.75,0.05,0.86,0.36,7.46,10.48,0.5,3.54,2.12,27.84,5.61,15.84,17.66,54.73,26.16,1.05,0.62,0.0,10.62,1.11,0.0,0.0,21.35,28.9,0.0,6.36,8.11
8477404,J. Guentzel,TBL,F,53,1226.06,0.45,0.62,1.08,2.64,0.42,0.57,0.23,0.43,0.0,0.0,0.0,3.57,0.27,2.74,1.06,0.57,0.42,4.55,2.7,0.04,0.0,0.0,0.79,0.02,0.91,0.34,12.07,25.77,0.91,2.57,1.95,26.51,4.7,13.89,22.72,50.92,24.87,0.87,0.77,0.0,10.26,0.96,0.0,0.0,21.07,28.94,0.0,8.42,12.4
8477405,M. Hogberg,NYI,G,5,161.8,0.0,0.0,0.0,0.0,0.0,0.0,0.0,0.0,0.0,0.0,0.0,2.2,0.0,0.0,0.0,0.0,0.0,0.0,0.0,0.0,0.0,0.0,0.0,0.0,0.0,0.0,0.0,0.0,1.99,2.8,2.39,1.4,0.0,0.0,0.0,0.0,0.0,0.0,0.0,0.0,0.0,0.0,0.0,0.0,0.0,0.0,0.0,0.0,0.0
8477406,M. Janmark,EDM,F,40,737.02,0.02,0.18,0.2,0.6,0.25,0.32,-0.15,0.45,0.0,0.0,0.0,3.65,0.08,0.6,0.22,0.32,0.25,1.27,0.5,0.08,0.02,0.0,0.25,0.02,0.3,0.12,4.69,7.1,0.18,3.2,2.16,27.78,5.3,15.55,20.25,55.28,26.48,0.7,0.6,0.0,11.1,0.8,0.0,0.0,20.63,25.53,0.0,2.25,3.01
8477407,A. Duclair,NYI,F,53,816.38,0.23,0.26,0.49,1.26,0.08,0.66,0.02,0.23,0.0,0.0,0.0,2.89,0.13,1.28,0.49,0.66,0.08,2.47,1.25,0.04,0.0,0.0,0.49,0.0,0.45,0.11,9.13,11.1,0.43,2.77,2.31,28.55,5.85,16.42,19.55,57.34,27.21,0.96,0.38,0.0,12.0,0.92,0.0,0.0,19.03,27.84,0.0,4.08,5.2
8477409,C. Verhaeghe,FLA,F,54,1063.57,0.3,0.48,0.78,2.41,0.91,0.31,-0.09,0.33,0.0,0.0,0.0,3.09,0.2,2.41,0.54,0.31,0.91,4.81,2.37,0.02,0.02,0.0,1.06,0.0,0.83,0.39,12.17,12.59,0.69,3.28,2.29,25.8,6.26,13.63,20.52,50.59,24.09,0.98,0.72,0.0,10.04,1.3,0.0,0.0,20.87,27.75,0.0,8.94,8.34
8477416,O. Bjorkstrand,TBL,F,53,839.85,0.15,0.3,0.45,1.62,0.83,0.38,-0.19,0.19,0.0,0.0,0.0,3.57,0.18,1.62,0.25,0.38,0.83,3.6,1.6,0.02,0.0,0.0,0.62,0.02,0.51,0.19,6.86,9.82,0.43,2.57,1.95,26.51,4.7,13.89,22.72,50.92,24.87,0.87,0.77,0.0,10.26,0.96,0.0,0.0,21.07,28.94,0.0,6.85,8.41
8477419,M. Geertsen,BUF,F,5,247.2,0.0,0.0,0.0,0.2,1.6,0.0,-0.2,2.4,0.0,0.0,0.0,1.4,0.01,0.2,0.0,0.0,1.6,0.4,0.0,0.2,0.0,0.0,0.2,0.2,0.0,0.0,0.0,0.0,0.06,2.6,2.36,32.6,4.8,17.8,23.8,65.8,30.2,1.0,1.4,0.0,11.0,1.8,0.0,0.0,20.47,29.4,0.0,0.58,0.26
8477424,J. Saros,NSH,G,55,2674.69,0.0,0.0,0.0,0.0,0.0,0.0,0.0,0.0,0.0,0.0,0.0,2.95,0.0,0.0,0.0,0.0,0.0,0.0,0.0,0.0,0.0,0.0,0.0,0.0,0.0,0.0,0.0,0.0,-0.29,3.42,2.04,21.78,0.0,0.0,0.0,0.0,0.0,0.0,0.0,0.0,0.0,0.0,0.0,0.0,0.0,0.0,0.0,0.0,0.0
8477425,M. Wood,CBJ,F,35,776.6,0.23,0.14,0.37,1.49,1.2,0.29,-0.17,0.46,0.0,0.0,0.0,3.14,0.13,1.49,0.49,0.29,1.2,2.69,1.46,0.03,0.0,0.0,0.54,0.06,0.69,0.11,7.27,5.87,0.34,3.26,2.17,31.29,5.63,15.69,18.26,58.71,29.63,1.06,0.6,0.0,10.77,1.26,0.0,0.0,21.96,30.75,0.0,4.43,5.83
8477426,N. Paul,TBL,F,34,851.35,0.18,0.18,0.35,1.41,1.24,0.47,-0.29,0.53,0.0,0.0,0.0,3.82,0.14,1.41,0.29,0.47,1.24,2.65,1.35,0.06,0.0,0.0,0.47,0.03,0.59,0.21,5.94,9.27,0.35,2.35,1.95,25.74,4.79,13.29,22.47,49.74,24.21,0.79,0.74,0.0,9.76,1.03,0.0,0.0,20.84,29.88,0.0,5.32,7.21
8477429,A. Copp,DET,F,57,964.56,0.14,0.44,0.58,1.44,0.56,0.75,0.02,0.28,0.0,0.0,0.0,3.04,0.11,1.44,0.39,0.75,0.56,2.65,1.39,0.04,0.02,0.0,0.65,0.02,0.91,0.26,5.84,10.88,0.46,3.0,2.55,27.98,5.93,18.25,21.11,58.47,26.53,0.81,0.65,0.0,11.51,0.88,0.0,0.0,18.69,25.02,0.0,4.48,4.16
8477435,R. Graves,PIT,D,19,928.74,0.05,0.0,0.05,1.0,0.79,1.84,-0.11,0.42,0.0,0.0,0.0,3.16,0.1,1.0,0.11,1.84,0.79,3.26,0.89,0.05,0.05,0.0,0.37,0.11,0.74,0.26,8.42,12.76,0.14,3.16,2.22,27.42,5.84,16.26,19.11,55.37,26.58,0.63,0.21,0.0,9.89,0.74,0.0,0.0,21.46,30.46,0.0,5.76,4.49
8477444,A. Burakovsky,CHI,F,50,1025.42,0.2,0.4,0.6,1.38,0.3,0.5,-0.44,0.24,0.0,0.0,0.0,2.8,0.12,1.44,0.3,0.5,0.3,2.86,1.4,0.02,0.02,0.0,0.32,0.0,0.84,0.4,7.36,16.04,0.48,3.22,2.54,30.08,6.9,13.8,22.86,56.14,28.48,1.04,0.56,0.0,11.9,1.04,0.0,0.0,19.4,28.27,0.0,4.93,4.86
8477446,M. McCarron,NSH,F,54,867.65,0.07,0.13,0.2,1.46,2.83,1.02,-0.22,1.28,0.0,0.0,0.0,2.91,0.12,1.46,0.31,1.02,2.83,2.67,1.33,0.11,0.02,0.0,0.52,0.04,0.59,0.3,4.88,8.98,0.32,3.46,2.06,29.43,5.57,13.06,19.87,52.41,28.26,0.7,0.46,0.0,10.72,1.09,0.0,0.0,20.55,26.12,0.0,4.79,5.28
8477447,S. Theodore,VGK,D,44,1424.0,0.16,0.43,0.59,2.09,0.02,1.45,0.3,0.18,0.0,0.0,0.0,3.3,0.14,2.11,0.27,1.45,0.02,4.55,1.86,0.09,0.16,0.0,0.84,0.09,1.16,0.32,12.19,23.84,0.51,3.05,2.39,25.05,5.68,16.55,21.86,53.73,23.75,0.86,0.43,0.0,11.59,0.98,0.0,0.0,22.67,29.82,0.0,7.75,5.47
8477450,J. Dickinson,CHI,F,42,943.81,0.14,0.17,0.31,1.19,1.07,0.79,-0.12,0.24,0.0,0.0,0.0,2.62,0.07,1.19,0.14,0.79,1.07,2.43,1.07,0.07,0.05,0.0,0.6,0.0,0.76,0.19,3.27,3.43,0.28,3.4,2.52,29.17,6.83,13.62,22.79,55.0,27.86,0.86,0.45,0.0,11.62,1.07,0.0,0.0,19.25,29.09,0.0,4.32,2.94
8477451,R. Hartman,MIN,F,53,998.74,0.26,0.23,0.49,2.0,0.83,1.4,0.04,0.51,0.0,0.0,0.0,3.28,0.15,2.0,0.38,1.4,0.83,4.34,1.87,0.06,0.08,0.0,0.96,0.04,0.77,0.32,5.81,5.74,0.51,2.98,2.64,29.98,6.21,17.45,19.53,59.62,28.58,0.89,0.51,0.0,11.53,0.89,0.0,0.0,20.49,30.27,0.0,6.87,5.58
8477454,A. Erne,DAL,F,23,561.13,0.13,0.04,0.17,0.78,3.52,0.43,0.04,0.26,0.0,0.0,0.0,3.09,0.05,0.78,0.13,0.43,3.52,1.74,0.74,0.04,0.0,0.0,0.65,0.04,0.35,0.09,2.57,5.26,0.25,3.3,2.33,26.52,6.04,16.96,23.3,54.87,24.91,1.0,0.61,0.0,11.35,0.87,0.0,0.0,22.32,31.31,0.0,3.18,1.99
8477456,J. Compher,DET,F,57,912.28,0.14,0.19,0.33,1.21,0.33,0.61,-0.07,0.4,0.0,0.0,0.0,3.04,0.1,1.21,0.23,0.61,0.33,2.21,1.18,0.0,0.04,0.0,0.44,0.0,0.47,0.14,5.31,7.65,0.31,3.0,2.55,27.98,5.93,18.25,21.11,58.47,26.53,0.81,0.65,0.0,11.51,0.88,0.0,0.0,18.69,25.02,0.0,3.8,3.73
8477463,S. Santini,TBL,D,9,693.56,0.0,0.11,0.11,0.33,0.78,0.67,0.11,0.22,0.0,0.0,0.0,3.56,0.06,0.33,0.0,0.67,0.78,1.78,0.33,0.0,0.0,0.0,0.11,0.0,0.44,0.0,2.33,8.0,0.09,1.78,1.86,25.89,3.67,12.33,21.78,50.0,24.44,0.89,0.56,0.0,9.11,0.78,0.0,0.0,18.81,26.65,0.0,3.71,2.99
8477465,T. Jarry,PIT/EDM,G,36,2214.94,0.0,0.0,0.0,0.0,0.0,0.0,0.0,0.0,0.0,0.0,0.0,3.56,0.0,0.0,0.0,0.0,0.0,0.0,0.0,0.0,0.0,0.0,0.0,0.0,0.0,0.0,0.0,0.0,0.35,3.08,2.21,17.81,0.0,0.0,0.0,0.0,0.0,0.0,0.0,0.0,0.0,0.0,0.0,0.0,0.0,0.0,0.0,0.0,0.0
8477476,A. Lehkonen,COL,F,54,1151.19,0.31,0.43,0.74,2.35,0.74,0.5,0.59,0.22,0.0,0.0,0.0,3.85,0.2,2.37,0.67,0.5,0.74,4.44,2.22,0.11,0.04,0.0,0.89,0.02,0.67,0.2,10.3,15.98,0.67,2.52,2.34,26.98,5.67,15.06,20.59,53.78,25.5,0.94,0.54,0.0,10.67,1.17,0.0,0.0,20.69,27.24,0.0,7.68,7.91
8477478,W. Carrier,CAR,F,44,680.36,0.14,0.14,0.27,1.2,2.36,0.23,0.07,0.32,0.0,0.0,0.0,3.5,0.11,1.2,0.32,0.23,2.36,2.52,1.16,0.0,0.05,0.0,0.64,0.02,0.32,0.23,6.86,9.03,0.33,2.95,2.15,24.64,5.93,11.8,23.66,46.02,23.14,0.89,0.61,0.0,9.36,1.39,0.0,0.0,19.89,30.35,0.0,5.57,4.94
8477479,T. Bertuzzi,CHI,F,53,1102.92,0.47,0.32,0.79,2.23,0.75,0.3,-0.28,0.64,0.0,0.0,0.0,2.74,0.22,2.23,0.75,0.3,0.75,3.75,2.08,0.08,0.08,0.0,0.85,0.04,0.89,0.21,10.99,17.18,0.67,3.28,2.59,30.36,6.89,14.04,22.55,56.83,28.79,1.0,0.57,0.0,12.04,0.92,0.0,0.0,19.68,29.04,0.0,6.41,7.82
8477480,E. Comrie,WPG,G,55,1152.16,0.0,0.0,0.0,0.0,0.0,0.0,0.0,0.0,0.0,0.0,0.0,2.89,0.0,0.0,0.0,0.0,0.0,0.0,0.0,0.0,0.0,0.0,0.0,0.0,0.0,0.0,0.0,0.0,1.42,3.09,2.4,9.09,0.0,0.0,0.0,0.0,0.0,0.0,0.0,0.0,0.0,0.0,0.0,0.0,0.0,0.0,0.0,0.0,0.0
8477484,S. Martin,NYR,G,14,1245.64,0.0,0.0,0.0,0.0,0.0,0.0,0.0,0.0,0.0,0.0,0.0,3.0,0.0,0.0,0.0,0.0,0.0,0.0,0.0,0.0,0.0,0.0,0.0,0.0,0.0,0.0,0.0,0.0,1.05,4.43,2.48,10.5,0.0,0.0,0.0,0.0,0.0,0.0,0.0,0.0,0.0,0.0,0.0,0.0,0.0,0.0,0.0,0.0,0.0
8477488,B. Pesce,NJD,D,31,1224.06,0.03,0.16,0.19,1.26,0.35,2.23,-0.29,0.19,0.0,0.0,0.0,2.68,0.08,1.26,0.1,2.23,0.35,2.45,1.19,0.03,0.03,0.0,0.55,0.0,0.52,0.39,16.68,14.0,0.31,2.84,2.25,27.16,5.42,16.52,20.16,55.61,25.9,0.77,0.48,0.0,10.39,1.03,0.0,0.0,20.73,25.76,0.0,4.35,3.67
8477492,N. MacKinnon,COL,F,54,1330.5,0.74,0.94,1.69,4.44,0.81,0.54,0.81,0.33,0.0,0.0,0.0,3.85,0.27,4.54,1.02,0.54,0.81,6.94,4.39,0.15,0.0,0.0,1.57,0.06,2.11,0.26,12.93,16.28,1.31,2.52,2.34,26.98,5.67,15.06,20.59,53.78,25.5,0.94,0.54,0.0,10.67,1.17,0.0,0.0,20.69,27.24,0.0,11.47,10.31
8477494,J. Drouin,NYI,F,49,1044.31,0.06,0.35,0.41,1.37,0.24,0.39,0.02,0.39,0.0,0.0,0.0,2.8,0.12,1.41,0.27,0.39,0.24,2.8,1.41,0.0,0.0,0.0,0.39,0.04,0.59,0.22,4.56,12.2,0.35,2.78,2.25,27.35,5.71,16.14,19.45,55.71,26.0,0.96,0.39,0.0,11.39,0.92,0.0,0.0,19.3,28.27,0.0,5.03,5.51
8477495,S. Jones,FLA,D,40,1409.4,0.15,0.45,0.6,1.95,0.95,1.18,-0.05,0.4,0.0,0.0,0.0,3.18,0.15,1.95,0.25,1.18,0.95,4.7,1.88,0.0,0.08,0.0,0.72,0.02,1.3,0.25,8.18,8.8,0.49,3.22,2.39,26.72,6.42,14.45,20.27,52.4,25.02,1.1,0.6,0.0,10.42,1.18,0.0,0.0,20.03,26.5,0.0,8.34,6.09
8477496,E. Lindholm,BOS,F,44,1049.39,0.25,0.59,0.84,1.59,0.68,0.95,0.0,0.77,0.0,0.0,0.0,3.39,0.21,1.61,0.43,0.95,0.68,3.52,1.5,0.11,0.0,0.0,0.61,0.07,0.73,0.25,9.19,12.15,0.7,3.2,2.28,29.93,5.73,16.61,21.8,58.32,28.89,0.66,0.39,0.0,11.7,0.95,0.0,0.0,19.62,25.37,0.0,5.81,8.46
8477497,S. Monahan,CBJ,F,50,1057.62,0.18,0.34,0.52,1.6,0.54,0.46,-0.02,0.2,0.0,0.0,0.0,3.14,0.14,1.62,0.44,0.46,0.54,2.88,1.42,0.18,0.02,0.0,0.42,0.04,0.8,0.3,9.38,15.0,0.44,3.34,2.21,30.6,5.78,16.18,17.58,58.56,29.14,0.94,0.52,0.0,10.68,1.12,0.0,0.0,20.62,30.34,0.0,4.69,6.04
8477498,D. Nurse,EDM,D,56,1250.12,0.12,0.2,0.32,2.07,1.38,2.23,-0.18,1.45,0.0,0.0,0.0,3.45,0.13,2.07,0.16,2.23,1.38,4.32,1.96,0.05,0.05,0.0,0.77,0.0,1.05,0.27,15.24,16.84,0.4,3.3,2.16,27.27,5.29,15.86,19.57,54.7,26.0,0.71,0.55,0.0,10.79,0.84,0.0,0.0,20.77,26.84,0.0,7.45,5.91
8477499,R. Ristolainen,PHI,D,17,1181.35,0.0,0.24,0.24,1.53,1.18,1.53,-0.35,0.24,0.0,0.0,0.0,2.88,0.1,1.53,0.0,1.53,1.18,3.53,1.47,0.0,0.06,0.0,0.71,0.0,0.47,0.35,4.24,10.71,0.35,3.65,2.28,24.88,5.82,16.53,19.47,52.24,23.29,0.76,0.82,0.0,9.88,1.47,0.0,0.0,21.65,26.26,0.0,6.01,4.23
8477500,B. Horvat,NYI,F,42,1220.17,0.5,0.33,0.83,3.21,0.74,0.5,0.05,0.86,0.0,0.0,0.0,2.88,0.24,3.31,0.79,0.5,0.74,5.4,3.26,0.05,0.0,0.0,1.19,0.0,1.14,0.24,11.85,23.35,0.74,2.86,2.23,27.69,5.69,16.83,20.45,56.33,26.45,0.81,0.43,0.0,12.19,1.07,0.0,0.0,19.5,27.49,0.0,9.15,10.3
8477501,V. Nichushkin,COL,F,45,1081.31,0.27,0.42,0.69,2.33,0.84,0.36,0.07,0.4,0.0,0.0,0.0,3.73,0.18,2.42,0.49,0.36,0.84,4.76,2.33,0.07,0.02,0.0,0.87,0.02,0.82,0.33,8.11,24.87,0.62,2.71,2.33,27.02,5.71,15.04,20.89,53.47,25.56,0.96,0.51,0.0,11.04,1.13,0.0,0.0,20.53,27.36,0.0,8.33,7.57
8477503,M. Domi,TOR,F,54,901.85,0.17,0.39,0.56,1.57,0.48,0.44,-0.3,0.59,0.0,0.0,0.0,3.3,0.09,1.57,0.28,0.44,0.48,2.83,1.41,0.11,0.06,0.0,0.56,0.02,1.22,0.24,9.29,13.54,0.39,3.39,2.64,31.56,6.74,16.98,17.89,61.11,30.19,0.81,0.56,0.0,11.07,0.91,0.0,0.0,20.89,29.85,0.0,4.55,3.59
8477504,J. Morrissey,WPG,D,55,1474.38,0.18,0.58,0.76,1.85,0.45,1.69,0.24,0.4,0.0,0.0,0.0,2.89,0.13,1.85,0.18,1.69,0.45,4.11,1.78,0.04,0.04,0.0,0.73,0.04,1.24,0.25,13.14,14.22,0.62,3.09,2.4,28.2,5.96,15.71,18.44,55.58,26.95,0.67,0.58,0.0,11.04,1.07,0.0,0.0,20.74,27.14,0.0,7.08,5.42
8477505,A. Wennberg,SJS,F,54,1248.94,0.19,0.48,0.67,1.17,0.35,1.31,-0.3,0.22,0.0,0.0,0.0,3.13,0.13,1.17,0.41,1.31,0.35,2.24,1.02,0.09,0.06,0.0,0.37,0.0,0.78,0.44,7.52,11.25,0.57,3.5,2.24,30.59,5.85,16.89,17.0,59.11,29.17,0.74,0.69,0.0,11.61,1.13,0.0,0.0,19.15,24.81,0.0,3.86,6.32
8477506,R. Pulock,NYI,D,54,1264.56,0.04,0.37,0.41,1.22,0.65,1.83,0.22,0.19,0.0,0.0,0.0,2.91,0.08,1.22,0.07,1.83,0.65,2.94,1.07,0.06,0.09,0.0,0.41,0.06,1.22,0.43,12.87,12.7,0.35,2.81,2.33,28.52,5.91,16.63,19.56,57.76,27.2,0.96,0.35,0.0,12.02,0.87,0.0,0.0,19.22,27.7,0.0,5.01,3.61
8477507,N. Zadorov,BOS,D,55,1302.58,0.02,0.29,0.31,1.2,2.44,1.4,0.35,2.2,0.0,0.0,0.0,3.42,0.09,1.2,0.04,1.4,2.44,3.11,1.0,0.02,0.18,0.0,0.45,0.02,1.18,0.51,16.29,10.55,0.31,3.15,2.35,30.38,5.82,17.0,21.91,59.6,29.29,0.69,0.4,0.0,11.98,0.95,0.0,0.0,19.22,25.77,0.0,4.99,3.69
8477508,C. Lazar,EDM,F,33,541.33,0.09,0.06,0.15,0.67,2.06,0.48,-0.06,0.3,0.0,0.0,0.0,3.76,0.1,0.67,0.24,0.48,2.06,1.55,0.67,0.0,0.0,0.0,0.39,0.03,0.12,0.09,5.04,4.97,0.23,2.94,2.1,26.91,4.91,15.39,18.91,54.85,25.55,0.79,0.58,0.0,10.73,0.94,0.0,0.0,21.13,25.4,0.0,2.79,4.81
8477511,A. Mantha,PIT,F,54,894.5,0.35,0.39,0.74,1.89,0.56,0.46,0.22,0.35,0.0,0.0,0.0,3.39,0.18,1.89,0.7,0.46,0.56,3.33,1.85,0.02,0.02,0.0,0.65,0.0,1.04,0.22,10.27,12.19,0.58,3.0,2.15,27.78,5.52,16.46,21.09,56.43,26.7,0.74,0.33,0.0,11.06,1.07,0.0,0.0,20.92,28.91,0.0,5.75,7.81
8477527,R. Johnston,ANA,F,53,580.96,0.04,0.19,0.23,0.51,3.06,0.26,-0.09,1.66,0.0,0.0,0.0,3.32,0.06,0.51,0.13,0.26,3.06,1.23,0.51,0.0,0.0,0.0,0.19,0.04,0.57,0.08,4.76,3.93,0.21,3.51,2.29,29.42,6.02,16.72,18.47,57.79,27.7,0.75,0.96,0.0,11.94,1.26,0.0,0.0,20.39,25.59,0.0,2.14,2.79
8477541,D. Mermis,TOR,D,11,781.64,0.09,0.0,0.09,0.45,0.73,0.82,-0.27,1.0,0.0,0.0,0.0,3.0,0.03,0.45,0.09,0.82,0.73,1.27,0.45,0.0,0.0,0.0,0.27,0.0,0.73,0.18,0.91,3.36,0.07,2.91,2.71,31.45,6.73,16.36,16.45,62.27,30.64,0.45,0.36,0.0,11.45,0.91,0.0,0.0,21.82,33.27,0.0,2.05,1.32
8477573,N. Walker,STL,F,36,733.56,0.11,0.19,0.31,0.92,3.92,0.75,-0.06,0.67,0.0,0.0,0.0,2.61,0.1,0.94,0.17,0.75,3.92,1.67,0.89,0.06,0.0,0.0,0.53,0.06,0.5,0.08,6.04,5.81,0.36,3.78,2.02,27.61,5.61,15.56,17.58,53.81,25.94,1.03,0.64,0.0,10.39,1.14,0.0,0.0,20.96,28.29,0.0,3.08,4.86
8477574,P. Milner,WSH,G,1,0.0,0.0,0.0,0.0,0.0,0.0,0.0,0.0,0.0,0.0,0.0,0.0,3.0,0.0,0.0,0.0,0.0,0.0,0.0,0.0,0.0,0.0,0.0,0.0,0.0,0.0,0.0,0.0,0.0,3.07,4.0,3.07,0.0,0.0,0.0,0.0,0.0,0.0,0.0,0.0,0.0,0.0,0.0,0.0,0.0,0.0,0.0,0.0,0.0,0.0
8477810,J. Hanley,CGY,D,52,873.12,0.0,0.13,0.13,0.56,0.65,1.27,-0.08,0.52,0.0,0.0,0.0,2.52,0.05,0.56,0.0,1.27,0.65,1.75,0.52,0.02,0.02,0.0,0.27,0.02,0.79,0.15,17.5,11.63,0.11,3.02,2.54,29.42,6.08,16.0,19.42,56.87,27.5,1.15,0.77,0.0,11.6,0.98,0.0,0.0,20.28,25.35,0.0,3.14,2.27
8477831,P. Copley,LAK,G,9,390.44,0.0,0.0,0.0,0.0,0.0,0.0,0.0,0.0,0.0,0.0,0.0,2.56,0.0,0.0,0.0,0.0,0.0,0.0,0.0,0.0,0.0,0.0,0.0,0.0,0.0,0.0,0.0,0.0,2.13,3.11,2.46,3.11,0.0,0.0,0.0,0.0,0.0,0.0,0.0,0.0,0.0,0.0,0.0,0.0,0.0,0.0,0.0,0.0,0.0
8477839,C. Sheary,NYR,F,37,874.68,0.03,0.22,0.24,1.49,0.46,0.68,-0.11,0.22,0.0,0.0,0.0,2.46,0.12,1.49,0.24,0.68,0.46,3.22,1.43,0.0,0.05,0.0,0.62,0.05,0.7,0.35,11.72,11.32,0.26,2.78,2.4,28.19,5.62,16.54,19.38,56.59,26.78,0.73,0.68,0.0,10.24,0.95,0.0,0.0,21.64,29.84,0.0,5.59,4.98
8477845,T. van Riemsdyk,WSH,D,43,933.0,0.02,0.12,0.14,0.56,0.14,1.44,-0.16,0.37,0.0,0.0,0.0,3.05,0.05,0.56,0.05,1.44,0.14,1.47,0.49,0.05,0.02,0.0,0.19,0.02,0.72,0.21,4.28,2.58,0.13,3.12,2.58,28.81,6.53,16.74,19.0,57.56,27.44,0.81,0.56,0.0,11.67,1.05,0.0,0.0,20.25,30.07,0.0,2.56,1.95
8477903,G. Hathaway,PHI,F,46,619.67,0.02,0.02,0.04,0.46,3.87,0.76,-0.15,1.13,0.0,0.0,0.0,3.02,0.03,0.46,0.04,0.76,3.87,1.15,0.43,0.0,0.02,0.0,0.3,0.02,0.5,0.11,1.24,1.52,0.14,3.2,2.42,25.87,5.67,16.13,20.67,54.5,24.83,0.54,0.5,0.0,11.24,1.09,0.0,0.0,21.37,29.02,0.0,2.12,1.31
8477919,F. Gaudreau,SEA,F,41,975.39,0.1,0.27,0.37,1.05,0.41,0.83,0.17,0.22,0.0,0.0,0.0,3.0,0.09,1.12,0.2,0.83,0.41,2.27,0.98,0.07,0.07,0.0,0.46,0.02,0.66,0.44,6.05,14.42,0.34,2.95,2.53,29.98,5.73,18.63,20.29,63.1,28.56,0.83,0.59,0.0,12.71,1.34,0.0,0.0,20.01,27.35,0.0,3.44,3.42
8477932,A. Ekblad,FLA,D,54,1345.0,0.06,0.33,0.39,1.37,1.22,1.56,-0.19,0.76,0.0,0.0,0.0,3.06,0.1,1.37,0.09,1.56,1.22,3.35,1.33,0.02,0.02,0.0,0.63,0.0,0.94,0.28,12.53,12.9,0.37,3.24,2.27,25.8,6.11,13.63,20.56,50.59,24.11,0.98,0.7,0.0,10.2,1.28,0.0,0.0,20.71,27.75,0.0,6.27,4.23
8477933,S. Reinhart,FLA,F,55,1284.07,0.49,0.49,0.98,2.64,1.0,0.67,-0.27,0.15,0.0,0.0,0.0,3.05,0.25,2.71,0.78,0.67,1.0,5.47,2.56,0.13,0.02,0.0,0.95,0.0,0.78,0.27,12.67,22.2,0.88,3.29,2.3,25.89,6.25,13.6,20.55,50.69,24.2,0.98,0.71,0.0,10.22,1.29,0.0,0.0,20.72,27.78,0.0,9.94,9.87
8477934,L. Draisaitl,EDM,F,53,1322.94,0.51,0.96,1.47,2.87,0.49,0.25,0.23,0.45,0.0,0.0,0.0,3.42,0.3,2.92,0.96,0.25,0.49,5.4,2.85,0.06,0.02,0.0,0.96,0.06,1.66,0.42,10.84,11.59,1.09,3.45,2.17,27.4,5.36,15.96,19.68,54.74,26.11,0.72,0.57,0.0,10.77,0.87,0.0,0.0,20.53,26.47,0.0,9.06,12.48
8477935,S. Bennett,FLA,F,55,1106.89,0.35,0.42,0.76,2.6,1.84,0.4,-0.18,1.09,0.0,0.0,0.0,3.05,0.24,2.6,0.75,0.4,1.84,5.25,2.44,0.13,0.04,0.0,1.22,0.0,0.93,0.33,10.32,15.5,0.71,3.29,2.3,25.89,6.25,13.6,20.55,50.69,24.2,0.98,0.71,0.0,10.22,1.29,0.0,0.0,20.72,27.78,0.0,9.46,9.72
8477938,H. Fleury,WPG,D,17,835.59,0.0,0.0,0.0,0.65,1.35,1.53,-0.41,0.35,0.0,0.0,0.0,3.06,0.04,0.65,0.0,1.53,1.35,1.65,0.59,0.0,0.06,0.0,0.24,0.0,0.65,0.29,9.68,11.18,0.09,2.76,2.59,29.24,5.88,17.82,18.59,59.94,28.35,0.53,0.35,0.0,11.53,1.12,0.0,0.0,21.43,26.93,0.0,2.71,1.64
8477939,W. Nylander,TOR,F,39,1113.77,0.46,0.85,1.31,2.13,0.1,0.36,0.03,0.36,0.0,0.0,0.0,3.33,0.15,2.18,0.54,0.36,0.1,4.1,2.03,0.13,0.03,0.0,0.82,0.03,1.08,0.49,9.7,17.51,1.01,3.33,2.7,31.67,7.0,17.51,18.23,61.72,30.28,0.82,0.56,0.0,11.44,0.9,0.0,0.0,20.6,31.32,0.0,6.28,5.79
8477940,N. Ehlers,CAR,F,55,1004.69,0.25,0.49,0.75,2.44,0.16,0.31,0.02,0.18,0.0,0.0,0.0,3.47,0.19,2.47,0.45,0.31,0.16,5.22,2.42,0.04,0.02,0.0,1.13,0.05,1.05,0.33,16.2,19.68,0.61,2.91,2.17,24.91,6.02,11.84,24.07,46.29,23.36,0.89,0.65,0.0,9.64,1.31,0.0,0.0,19.88,29.78,0.0,10.62,8.74
8477942,K. Fiala,LAK,F,54,1146.06,0.33,0.37,0.7,2.63,0.69,0.41,-0.19,0.63,0.0,0.0,0.0,2.65,0.23,2.72,0.63,0.41,0.69,5.59,2.69,0.02,0.02,0.0,1.17,0.07,1.37,0.33,10.92,23.44,0.57,2.83,2.39,27.81,6.19,15.17,19.89,54.26,26.2,1.11,0.5,0.0,10.41,1.13,0.0,0.0,21.04,33.04,0.0,9.45,9.05
8477946,D. Larkin,DET,F,57,1218.28,0.44,0.44,0.88,2.95,0.51,0.51,0.16,0.6,0.0,0.0,0.0,3.04,0.26,2.95,0.79,0.51,0.51,5.86,2.81,0.07,0.07,0.0,1.12,0.07,0.89,0.23,8.73,11.34,0.78,3.0,2.55,27.98,5.93,18.25,21.11,58.47,26.53,0.81,0.65,0.0,11.51,0.88,0.0,0.0,18.69,25.02,0.0,9.43,9.31
8477947,S. Milano,WSH,F,30,538.47,0.13,0.13,0.27,1.13,0.3,0.1,0.0,0.13,0.0,0.0,0.0,3.53,0.08,1.2,0.27,0.1,0.3,1.77,1.2,0.0,0.0,0.0,0.33,0.03,0.6,0.13,3.98,10.75,0.21,2.73,2.6,27.8,6.23,16.23,18.03,55.93,26.47,0.73,0.6,0.0,11.23,1.17,0.0,0.0,19.44,28.13,0.0,3.02,2.98
8477948,T. Sanheim,PHI,D,54,1442.13,0.11,0.31,0.43,1.19,0.57,1.93,0.0,0.37,0.0,0.0,0.0,3.0,0.11,1.19,0.15,1.93,0.57,3.09,1.07,0.0,0.11,0.0,0.44,0.0,1.43,0.35,11.09,14.2,0.32,3.26,2.37,25.93,5.67,16.24,20.7,54.3,24.74,0.65,0.54,0.0,11.15,1.24,0.0,0.0,21.66,29.15,0.0,5.5,4.51
8477949,A. Tuch,BUF,F,54,1120.89,0.41,0.48,0.89,2.39,1.07,1.15,0.33,0.8,0.0,0.0,0.0,3.46,0.22,2.39,0.61,1.15,1.07,4.63,2.3,0.02,0.07,0.0,1.0,0.07,0.85,0.5,10.87,20.11,0.83,3.06,2.22,30.06,5.5,16.5,22.57,58.89,28.28,0.94,0.83,0.0,11.41,1.15,0.0,0.0,20.69,26.65,0.0,7.41,9.28
8477950,T. DeAngelo,NYI,D,56,1120.8,0.07,0.36,0.43,1.96,0.41,0.88,-0.04,0.62,0.0,0.0,0.0,2.88,0.14,1.96,0.09,0.88,0.41,4.11,1.86,0.07,0.04,0.0,0.7,0.02,1.39,0.23,18.16,16.42,0.32,2.8,2.3,28.25,5.82,16.5,19.55,57.2,26.93,0.96,0.36,0.0,11.93,0.89,0.0,0.0,19.16,27.67,0.0,6.96,6.22
8477951,N. Schmaltz,UTA,F,56,1182.73,0.39,0.52,0.91,2.36,0.29,0.61,0.36,0.36,0.0,0.0,0.0,3.2,0.22,2.36,0.73,0.61,0.29,4.38,2.32,0.04,0.0,0.0,0.66,0.0,1.04,0.55,7.89,14.42,0.77,2.79,1.99,25.93,4.64,15.36,21.62,52.41,24.41,1.0,0.52,0.0,10.8,1.38,0.0,0.0,20.38,27.68,0.0,8.07,10.41
8477952,R. Fabbri,STL,F,14,752.0,0.07,0.21,0.29,1.21,2.0,0.57,-0.21,0.71,0.0,0.0,0.0,2.43,0.09,1.21,0.36,0.57,2.0,1.86,1.14,0.0,0.07,0.0,0.86,0.0,0.29,0.0,6.14,9.57,0.33,3.5,1.97,25.86,5.07,15.57,15.93,53.36,24.43,1.0,0.43,0.0,9.79,0.86,0.0,0.0,21.04,34.92,0.0,3.43,4.31
8477953,K. Kapanen,EDM,F,17,839.88,0.18,0.41,0.59,1.88,2.0,0.47,0.35,0.12,0.0,0.0,0.0,3.53,0.12,1.88,0.47,0.47,2.0,2.88,1.71,0.18,0.0,0.0,1.06,0.12,0.76,0.06,7.03,16.71,0.53,2.76,2.04,26.12,4.88,16.18,21.24,54.35,24.82,0.65,0.65,0.0,10.65,0.82,0.0,0.0,21.44,30.44,0.0,5.19,5.72
8477955,J. McCann,SEA,F,30,988.93,0.53,0.43,0.97,2.4,0.7,0.6,0.1,0.17,0.0,0.0,0.0,3.2,0.19,2.43,0.77,0.6,0.7,4.27,2.27,0.13,0.03,0.0,0.47,0.07,1.07,0.27,13.42,14.31,0.8,3.07,2.37,28.57,5.7,18.0,21.33,60.3,27.17,0.77,0.63,0.0,12.23,1.27,0.0,0.0,20.34,28.59,0.0,6.73,7.78
8477956,D. Pastrnak,BOS,F,51,1212.9,0.43,0.94,1.37,3.55,1.18,0.37,0.08,0.78,0.0,0.0,0.0,3.39,0.29,3.55,0.8,0.37,1.18,7.39,3.39,0.14,0.02,0.0,1.29,0.1,1.75,0.37,14.64,20.08,1.07,3.16,2.33,30.04,5.78,17.04,21.9,59.16,29.0,0.65,0.39,0.0,11.78,0.94,0.0,0.0,19.3,25.21,0.0,11.25,11.08
8477960,A. Kempe,LAK,F,54,1151.13,0.37,0.46,0.83,2.76,1.8,0.59,0.19,0.85,0.0,0.0,0.0,2.65,0.22,2.94,0.67,0.59,1.8,6.33,2.76,0.17,0.02,0.0,1.04,0.04,0.78,0.24,12.63,29.42,0.79,2.83,2.39,27.81,6.19,15.17,19.89,54.26,26.2,1.11,0.5,0.0,10.41,1.13,0.0,0.0,21.04,33.04,0.0,10.58,8.84
8477964,I. Barbashev,VGK,F,55,972.62,0.27,0.42,0.69,1.53,1.6,0.56,0.18,0.15,0.0,0.0,0.0,3.31,0.1,1.53,0.44,0.56,1.6,2.6,1.4,0.11,0.02,0.0,0.67,0.02,1.11,0.24,8.6,11.85,0.54,3.2,2.43,25.11,5.78,16.49,21.67,53.78,23.8,0.8,0.51,0.0,11.78,0.96,0.0,0.0,22.03,28.93,0.0,4.72,4.05
8477967,T. Demko,VAN,G,30,2231.73,0.0,0.0,0.0,0.0,0.0,0.0,0.0,0.0,0.0,0.0,0.0,2.7,0.0,0.0,0.0,0.0,0.0,0.0,0.0,0.0,0.0,0.0,0.0,0.0,0.0,0.0,0.0,0.0,0.83,3.5,2.59,17.13,0.0,0.0,0.0,0.0,0.0,0.0,0.0,0.0,0.0,0.0,0.0,0.0,0.0,0.0,0.0,0.0,0.0
8477968,A. Nedeljkovic,SJS,G,53,1588.45,0.0,0.0,0.0,0.0,0.0,0.0,0.0,0.0,0.0,0.0,0.0,3.19,0.0,0.0,0.0,0.0,0.0,0.0,0.0,0.0,0.0,0.0,0.0,0.0,0.0,0.0,0.0,0.0,0.95,3.53,2.23,12.74,0.0,0.0,0.0,0.0,0.0,0.0,0.0,0.0,0.0,0.0,0.0,0.0,0.0,0.0,0.0,0.0,0.0
8477969,M. Pettersson,VAN,D,56,1268.93,0.02,0.18,0.2,0.86,0.88,1.7,-0.04,1.0,0.0,0.0,0.0,2.62,0.06,0.86,0.04,1.7,0.88,2.32,0.71,0.09,0.05,0.0,0.36,0.02,1.07,0.2,7.68,6.41,0.17,3.66,2.69,30.25,7.04,15.41,18.86,58.05,28.93,0.68,0.64,0.0,12.04,1.05,0.0,0.0,18.92,28.4,0.0,4.07,2.35
8477970,V. Vanecek,UTA,G,56,877.89,0.0,0.0,0.0,0.0,0.0,0.0,0.0,0.0,0.0,0.0,0.0,3.2,0.0,0.0,0.0,0.0,0.0,0.0,0.0,0.0,0.0,0.0,0.0,0.0,0.0,0.0,0.0,0.0,1.28,2.79,1.99,6.18,0.0,0.0,0.0,0.0,0.0,0.0,0.0,0.0,0.0,0.0,0.0,0.0,0.0,0.0,0.0,0.0,0.0
8477971,A. Englund,NSH,D,3,529.0,0.0,0.0,0.0,0.67,1.33,0.33,-0.33,0.67,0.0,0.0,0.0,4.0,0.02,0.67,0.0,0.33,1.33,1.0,0.67,0.0,0.0,0.0,0.0,0.0,0.67,0.0,8.67,22.67,0.0,3.67,2.09,30.67,6.67,9.0,21.33,46.33,29.0,1.0,0.67,0.0,12.0,1.0,0.0,0.0,25.77,40.27,0.0,1.97,0.8
8477979,N. Aube-Kubel,MIN,F,4,728.0,0.0,0.25,0.25,1.0,1.0,1.0,0.25,1.5,0.0,0.0,0.0,4.75,0.11,1.0,0.0,1.0,1.0,2.5,1.0,0.0,0.0,0.0,0.75,0.0,0.25,0.25,9.5,4.5,0.31,1.5,2.85,30.25,5.25,20.25,23.5,66.0,28.5,1.25,0.5,0.0,13.25,1.0,0.0,0.0,18.33,23.4,0.0,3.48,3.4
8477986,B. Montour,SEA,D,36,1332.39,0.19,0.42,0.61,2.5,1.19,1.22,0.0,0.86,0.0,0.0,0.0,2.72,0.19,2.5,0.28,1.22,1.19,5.83,2.44,0.03,0.03,0.0,0.94,0.0,1.33,0.53,15.18,14.87,0.57,3.17,2.35,27.86,5.58,17.58,19.11,58.53,26.53,0.67,0.67,0.0,12.17,1.31,0.0,0.0,20.08,29.02,0.0,9.45,8.15
8477987,R. Donato,CHI,F,56,899.46,0.23,0.21,0.45,1.54,1.11,0.21,-0.12,0.61,0.0,0.0,0.0,2.75,0.15,1.64,0.46,0.21,1.11,3.32,1.54,0.09,0.02,0.0,0.54,0.02,0.71,0.32,10.43,26.35,0.4,3.23,2.59,30.09,6.89,14.04,22.86,56.54,28.46,1.09,0.54,0.0,11.98,1.02,0.0,0.0,19.6,28.49,0.0,5.66,5.49
8477989,C. Dvorak,PHI,F,53,1073.96,0.23,0.42,0.64,2.02,0.45,0.6,-0.02,0.3,0.0,0.0,0.0,2.98,0.17,2.04,0.51,0.6,0.45,3.38,1.91,0.04,0.09,0.0,0.7,0.04,0.83,0.25,9.24,16.82,0.55,3.23,2.38,25.87,5.66,16.13,20.66,54.15,24.72,0.6,0.55,0.0,11.15,1.19,0.0,0.0,21.59,28.49,0.0,6.0,6.79
8477990,B. Halverson,TBL,G,8,0.75,0.0,0.0,0.0,0.0,0.0,0.0,0.0,0.0,0.0,0.0,0.0,2.88,0.0,0.0,0.0,0.0,0.0,0.0,0.0,0.0,0.0,0.0,0.0,0.0,0.0,0.0,0.0,0.0,2.05,3.0,2.05,0.0,0.0,0.0,0.0,0.0,0.0,0.0,0.0,0.0,0.0,0.0,0.0,0.0,0.0,0.0,0.0,0.0,0.0
8477992,J. Johansson,TBL,G,52,1258.9,0.0,0.0,0.0,0.0,0.0,0.0,0.0,0.0,0.0,0.0,0.0,3.6,0.0,0.0,0.0,0.0,0.0,0.0,0.0,0.0,0.0,0.0,0.0,0.0,0.0,0.0,0.0,0.0,0.93,2.56,1.95,9.29,0.0,0.0,0.0,0.0,0.0,0.0,0.0,0.0,0.0,0.0,0.0,0.0,0.0,0.0,0.0,0.0,0.0
8477993,J. Kirkland,CGY,F,20,589.35,0.05,0.05,0.1,0.55,1.45,0.5,0.05,0.1,0.0,0.0,0.0,2.2,0.06,0.6,0.2,0.5,1.45,1.55,0.5,0.05,0.05,0.0,0.15,0.0,0.7,0.15,8.5,18.7,0.09,3.1,2.55,30.05,6.25,15.25,18.95,56.55,28.15,1.1,0.8,0.0,10.85,0.95,0.0,0.0,21.55,25.91,0.0,2.72,2.14
8477996,J. Lammikko,NJD,F,23,599.43,0.0,0.09,0.09,0.65,1.65,0.61,-0.17,0.17,0.0,0.0,0.0,2.3,0.06,0.65,0.13,0.61,1.65,1.09,0.61,0.04,0.0,0.0,0.48,0.0,0.17,0.09,4.54,2.67,0.16,3.17,2.2,30.57,5.74,15.3,18.74,55.96,29.09,0.7,0.78,0.0,11.48,1.04,0.0,0.0,20.82,30.76,0.0,1.97,3.19
8477998,W. Foegele,LAK,F,43,882.12,0.14,0.05,0.19,1.67,1.05,0.21,-0.12,0.33,0.0,0.0,0.0,2.63,0.13,1.7,0.26,0.21,1.05,3.56,1.65,0.0,0.05,0.0,1.16,0.09,1.14,0.26,10.97,12.43,0.16,2.77,2.36,27.88,6.14,14.81,20.47,53.91,26.19,1.21,0.49,0.0,10.49,1.19,0.0,0.0,20.71,32.67,0.0,6.24,5.65
8478007,E. Merzlikins,CBJ,G,54,1253.15,0.0,0.0,0.0,0.0,0.0,0.0,0.0,0.0,0.0,0.0,0.0,3.19,0.0,0.0,0.0,0.0,0.0,0.0,0.0,0.0,0.0,0.0,0.0,0.0,0.0,0.0,0.0,0.0,0.93,3.28,2.21,10.98,0.0,0.0,0.0,0.0,0.0,0.0,0.0,0.0,0.0,0.0,0.0,0.0,0.0,0.0,0.0,0.0,0.0
8478009,I. Sorokin,NYI,G,51,2318.47,0.0,0.0,0.0,0.0,0.0,0.0,0.0,0.0,0.0,0.0,0.0,2.94,0.0,0.0,0.0,0.0,0.0,0.0,0.0,0.0,0.0,0.0,0.0,0.0,0.0,0.0,0.0,0.0,0.72,2.8,2.29,18.69,0.0,0.0,0.0,0.0,0.0,0.0,0.0,0.0,0.0,0.0,0.0,0.0,0.0,0.0,0.0,0.0,0.0
8478010,B. Point,TBL,F,37,1082.16,0.3,0.51,0.81,2.22,0.11,0.35,0.11,0.22,0.0,0.0,0.0,3.68,0.23,2.27,0.78,0.35,0.11,3.65,2.24,0.03,0.0,0.0,0.57,0.05,0.59,0.14,8.87,26.15,0.69,2.76,2.01,26.81,4.89,14.78,23.22,52.43,25.16,0.89,0.76,0.0,10.92,1.08,0.0,0.0,20.84,25.99,0.0,6.91,10.55
8478013,J. Walman,EDM,D,27,1189.74,0.15,0.37,0.52,1.85,0.26,1.67,-0.26,0.3,0.0,0.0,0.0,3.33,0.12,1.85,0.19,1.67,0.26,4.19,1.81,0.0,0.04,0.0,0.59,0.0,1.19,0.37,11.52,12.11,0.46,3.63,2.08,26.67,5.37,14.48,15.93,52.33,25.56,0.7,0.41,0.0,11.0,0.89,0.0,0.0,22.19,29.28,0.0,7.5,5.6
8478020,M. Amadio,OTT,F,55,939.62,0.15,0.24,0.38,1.16,1.42,0.51,0.07,0.25,0.0,0.0,0.0,3.38,0.11,1.16,0.36,0.51,1.42,2.24,1.05,0.11,0.0,0.0,0.51,0.04,0.75,0.4,9.05,10.15,0.35,3.25,1.88,24.84,5.0,14.93,23.16,48.56,23.62,0.56,0.65,0.0,10.36,0.85,0.0,0.0,19.84,28.25,0.0,4.48,5.65
8478024,V. Husso,ANA,G,25,1589.04,0.0,0.0,0.0,0.0,0.0,0.0,0.0,0.0,0.0,0.0,0.0,3.16,0.0,0.0,0.0,0.0,0.0,0.0,0.0,0.0,0.0,0.0,0.0,0.0,0.0,0.0,0.0,0.0,0.9,3.32,2.34,12.24,0.0,0.0,0.0,0.0,0.0,0.0,0.0,0.0,0.0,0.0,0.0,0.0,0.0,0.0,0.0,0.0,0.0
8478038,D. Toews,COL,D,41,1336.93,0.02,0.29,0.32,1.68,0.39,1.44,0.61,0.44,0.0,0.0,0.0,4.0,0.1,1.68,0.02,1.44,0.39,3.71,1.46,0.07,0.15,0.0,0.63,0.02,1.1,0.34,12.21,17.63,0.3,2.27,2.38,27.0,5.51,15.34,20.05,54.2,25.51,0.93,0.56,0.0,10.34,1.22,0.0,0.0,20.75,27.78,0.0,6.44,4.25
8478039,K. Kahkonen,MTL,G,1,0.0,0.0,0.0,0.0,0.0,0.0,0.0,0.0,0.0,0.0,0.0,0.0,3.0,0.0,0.0,0.0,0.0,0.0,0.0,0.0,0.0,0.0,0.0,0.0,0.0,0.0,0.0,0.0,0.0,1.7,4.0,1.7,0.0,0.0,0.0,0.0,0.0,0.0,0.0,0.0,0.0,0.0,0.0,0.0,0.0,0.0,0.0,0.0,0.0,0.0
8478042,V. Arvidsson,BOS,F,44,862.86,0.32,0.32,0.64,2.8,0.36,0.59,0.2,0.41,0.0,0.0,0.0,3.7,0.27,2.8,0.82,0.59,0.36,5.23,2.66,0.14,0.0,0.0,0.73,0.02,0.73,0.2,14.14,19.61,0.62,3.09,2.33,30.16,5.77,17.0,22.43,59.48,29.14,0.59,0.43,0.0,12.39,0.91,0.0,0.0,19.55,23.87,0.0,8.05,10.11
8478043,S. Lafferty,CHI,F,19,533.74,0.05,0.05,0.11,0.32,1.21,0.16,0.11,0.74,0.0,0.0,0.0,2.79,0.03,0.32,0.11,0.16,1.21,0.74,0.32,0.0,0.0,0.0,0.16,0.0,0.47,0.05,1.24,1.72,0.07,3.32,2.61,30.0,6.58,14.84,23.79,56.47,28.11,1.37,0.53,0.0,11.63,0.79,0.0,0.0,20.92,26.84,0.0,1.35,1.18
8478046,D. Heinen,PIT/CBJ,F,24,635.67,0.08,0.08,0.17,0.96,1.54,0.67,0.0,0.33,0.0,0.0,0.0,2.92,0.12,0.96,0.21,0.67,1.54,2.25,0.96,0.0,0.0,0.0,0.58,0.04,0.33,0.25,7.06,9.17,0.24,3.29,2.28,28.54,6.21,17.0,16.62,57.42,27.46,0.75,0.33,0.0,10.38,0.62,0.0,0.0,19.81,27.84,0.0,3.95,5.33
8478047,M. Bunting,NSH,F,55,892.78,0.22,0.33,0.55,1.8,0.55,0.35,-0.22,0.25,0.0,0.0,0.0,2.95,0.21,1.8,0.47,0.35,0.55,4.15,1.67,0.13,0.0,0.0,0.89,0.02,0.71,0.13,7.66,14.25,0.47,3.42,2.04,29.4,5.49,12.98,19.95,52.35,28.18,0.73,0.49,0.0,10.75,1.09,0.0,0.0,20.66,26.12,0.0,7.51,9.68
8478048,I. Shesterkin,NYR,G,44,2735.45,0.0,0.0,0.0,0.0,0.0,0.0,0.0,0.0,0.0,0.0,0.0,2.64,0.0,0.0,0.0,0.0,0.0,0.0,0.0,0.0,0.0,0.0,0.0,0.0,0.0,0.0,0.0,0.0,0.63,2.73,2.5,21.5,0.0,0.0,0.0,0.0,0.0,0.0,0.0,0.0,0.0,0.0,0.0,0.0,0.0,0.0,0.0,0.0,0.0
8478055,G. Forsling,FLA,D,55,1356.27,0.04,0.35,0.38,1.18,0.69,1.11,-0.07,0.44,0.0,0.0,0.0,3.05,0.08,1.18,0.04,1.11,0.69,3.05,1.16,0.02,0.0,0.0,0.58,0.02,0.73,0.4,12.89,15.94,0.36,3.29,2.3,25.89,6.25,13.6,20.55,50.69,24.2,0.98,0.71,0.0,10.22,1.29,0.0,0.0,20.72,27.78,0.0,5.89,3.39
8478057,D. Joshua,TOR,F,36,739.25,0.17,0.11,0.28,0.89,3.53,0.72,-0.06,0.69,0.0,0.0,0.0,3.31,0.07,0.89,0.36,0.72,3.53,1.56,0.83,0.03,0.03,0.0,0.36,0.06,0.36,0.19,4.85,4.81,0.36,3.39,2.58,31.0,6.69,17.28,17.81,60.44,29.78,0.67,0.56,0.0,11.06,1.06,0.0,0.0,21.02,30.93,0.0,2.61,3.08
8478062,D. Mayo,CBJ,D,3,504.0,0.0,0.33,0.33,1.67,0.0,0.33,0.33,0.0,0.0,0.0,0.0,2.67,0.07,1.67,0.0,0.33,0.0,2.33,1.67,0.0,0.0,0.0,0.33,0.33,0.0,0.0,14.5,23.17,0.37,3.67,1.59,30.33,4.67,12.67,17.67,49.33,28.0,2.0,0.33,0.0,8.33,1.67,0.0,0.0,26.71,25.54,0.0,4.9,4.77
8478104,S. Blais,TOR/MTL,F,21,505.52,0.14,0.24,0.38,0.86,3.71,0.57,0.1,0.48,0.0,0.0,0.0,3.57,0.07,0.86,0.38,0.57,3.71,1.29,0.86,0.0,0.0,0.0,0.33,0.0,0.1,0.19,3.0,2.1,0.46,3.48,2.73,29.86,6.95,19.57,17.81,60.29,28.67,0.76,0.43,0.0,11.67,0.9,0.0,0.0,19.12,26.92,0.0,2.24,2.48
8478109,V. Olofsson,COL,F,54,812.91,0.19,0.26,0.44,1.87,0.2,0.26,0.04,0.11,0.0,0.0,0.0,3.85,0.13,1.89,0.3,0.26,0.2,3.35,1.89,0.0,0.0,0.0,0.57,0.0,0.74,0.19,8.22,14.72,0.39,2.52,2.34,26.98,5.67,15.06,20.59,53.78,25.5,0.94,0.54,0.0,10.67,1.17,0.0,0.0,20.69,27.24,0.0,5.92,5.14
8478133,J. Evans,MTL,F,42,912.74,0.17,0.14,0.31,1.05,1.14,0.76,-0.26,0.19,0.0,0.0,0.0,3.38,0.09,1.05,0.24,0.76,1.14,2.12,0.95,0.02,0.07,0.0,0.48,0.02,0.81,0.21,5.44,5.13,0.27,3.4,2.46,27.12,6.0,17.52,22.02,56.19,25.69,0.83,0.6,0.0,11.57,0.93,0.0,0.0,20.99,28.72,0.0,3.73,3.85
8478136,J. Middleton,MIN,D,50,1069.8,0.02,0.22,0.24,0.82,1.32,1.44,-0.04,1.14,0.0,0.0,0.0,3.26,0.05,0.82,0.04,1.44,1.32,1.98,0.74,0.0,0.08,0.0,0.24,0.0,0.66,0.1,9.32,9.08,0.25,3.08,2.62,30.64,6.24,16.94,18.88,59.86,29.3,0.82,0.52,0.0,11.46,0.86,0.0,0.0,20.43,30.08,0.0,3.3,2.26
8478147,B. Imama,PIT,F,2,458.5,0.0,0.0,0.0,1.0,1.5,0.0,0.0,2.5,0.0,0.0,0.0,4.5,0.14,1.0,0.5,0.0,1.5,2.0,1.0,0.0,0.0,0.0,1.0,0.0,1.0,0.0,16.75,12.5,-0.03,2.0,2.67,34.5,7.0,14.0,20.0,61.5,33.0,1.5,0.0,0.0,14.5,0.5,0.0,0.0,22.44,22.45,0.0,3.5,6.9
8478173,H. Hodgson,OTT,F,9,381.67,0.0,0.0,0.0,0.33,2.56,0.0,-0.11,1.22,0.0,0.0,0.0,2.33,0.08,0.33,0.22,0.0,2.56,1.33,0.33,0.0,0.0,0.0,0.33,0.22,0.33,0.0,2.22,9.11,0.04,2.33,1.9,26.22,3.78,13.0,20.67,49.11,25.0,0.89,0.33,0.0,9.22,1.11,0.0,0.0,19.3,39.99,0.0,2.62,4.69
8478178,D. Raddysh,TBL,D,47,1352.36,0.34,0.7,1.04,2.64,0.98,0.98,0.36,0.49,0.0,0.0,0.0,3.57,0.17,2.64,0.43,0.98,0.98,5.57,2.49,0.09,0.06,0.0,0.6,0.04,1.09,0.19,12.37,16.76,0.87,2.55,1.9,26.04,4.62,13.62,22.89,50.28,24.43,0.89,0.72,0.0,10.17,0.98,0.0,0.0,20.9,29.51,0.0,10.31,8.36
8478211,D. Hunt,CGY,F,3,536.0,0.0,0.0,0.0,1.33,3.0,1.33,-1.0,0.67,0.0,0.0,0.0,1.33,0.03,1.33,0.0,1.33,3.0,1.67,1.33,0.0,0.0,0.0,0.33,0.0,1.0,0.0,10.33,14.17,0.09,2.33,2.14,22.67,4.0,17.0,15.67,54.0,21.0,1.33,0.33,0.0,12.0,1.0,0.0,0.0,28.74,16.34,0.0,3.2,1.6
8478233,A. Mangiapane,EDM,F,47,774.19,0.13,0.13,0.26,0.94,0.98,0.38,-0.4,0.72,0.0,0.0,0.0,3.43,0.12,0.94,0.28,0.38,0.98,2.19,0.89,0.04,0.0,0.0,0.32,0.02,0.66,0.15,5.17,4.03,0.21,3.3,2.22,27.09,5.4,16.04,19.45,54.6,25.87,0.72,0.49,0.0,10.74,0.85,0.0,0.0,20.82,26.56,0.0,4.0,5.25
8478366,F. Vatrano,ANA,F,38,740.66,0.08,0.08,0.16,1.79,1.76,0.63,-0.26,0.95,0.0,0.0,0.0,3.42,0.14,1.79,0.34,0.63,1.76,3.11,1.74,0.05,0.0,0.0,0.74,0.08,0.39,0.13,12.3,10.38,0.28,3.47,2.28,29.11,6.03,16.45,19.0,57.18,27.47,0.76,0.87,0.0,12.63,1.26,0.0,0.0,20.9,24.96,0.0,5.27,6.72
8478396,N. Hanifin,VGK,D,45,1406.38,0.04,0.4,0.44,2.07,0.64,1.67,-0.09,0.13,0.0,0.0,0.0,3.29,0.12,2.07,0.07,1.67,0.64,4.6,2.0,0.02,0.04,0.0,0.69,0.02,1.44,0.64,18.68,22.86,0.42,3.33,2.41,25.0,5.96,15.8,21.73,52.98,23.69,0.78,0.53,0.0,11.76,1.02,0.0,0.0,22.12,29.46,0.0,8.11,4.8
8478397,R. Andersson,CGY/VGK,D,54,1437.85,0.2,0.41,0.61,2.43,0.56,1.89,0.06,1.02,0.0,0.0,0.0,2.67,0.15,2.46,0.3,1.89,0.56,5.26,2.3,0.02,0.15,0.0,0.85,0.04,1.33,0.35,15.96,20.99,0.56,3.11,2.52,28.93,6.11,15.93,20.52,56.41,27.11,1.11,0.7,0.0,11.89,1.04,0.0,0.0,20.33,26.34,0.0,8.81,6.07
8478398,K. Connor,WPG,F,55,1264.73,0.44,0.71,1.15,3.25,0.24,0.16,-0.02,0.22,0.0,0.0,0.0,2.89,0.2,3.31,0.62,0.16,0.24,5.4,3.29,0.02,0.0,0.0,1.02,0.09,0.85,0.2,11.94,22.42,0.97,3.09,2.4,28.2,5.96,15.71,18.44,55.58,26.95,0.67,0.58,0.0,11.04,1.07,0.0,0.0,20.74,27.14,0.0,9.06,8.29
8478399,J. Siegenthaler,NJD,D,55,1192.02,0.0,0.13,0.13,0.8,1.38,1.69,-0.16,0.67,0.0,0.0,0.0,2.64,0.07,0.8,0.07,1.69,1.38,2.02,0.78,0.02,0.0,0.0,0.35,0.07,1.31,0.35,12.72,10.28,0.11,3.07,2.18,28.2,5.53,16.11,19.71,55.35,26.82,0.76,0.62,0.0,10.84,1.05,0.0,0.0,20.59,26.74,0.0,3.71,3.37
8478401,P. Zacha,BOS,F,54,1029.44,0.28,0.41,0.69,1.61,0.78,0.39,-0.09,0.52,0.0,0.0,0.0,3.41,0.15,1.61,0.56,0.39,0.78,2.67,1.54,0.07,0.0,0.0,0.65,0.0,0.72,0.24,7.34,11.5,0.57,3.06,2.32,29.89,5.72,17.04,21.91,59.19,28.83,0.67,0.39,0.0,11.93,0.93,0.0,0.0,19.48,25.43,0.0,4.42,6.09
8478402,C. McDavid,EDM,F,56,1384.39,0.61,1.09,1.7,3.71,0.45,0.39,0.21,0.39,0.0,0.0,0.0,3.45,0.36,3.77,1.36,0.39,0.45,5.88,3.71,0.05,0.0,0.0,1.25,0.04,1.55,0.34,12.04,18.88,1.33,3.3,2.16,27.27,5.29,15.86,19.57,54.7,26.0,0.71,0.55,0.0,10.79,0.84,0.0,0.0,20.77,26.84,0.0,9.83,14.74
8478403,J. Eichel,VGK,F,48,1283.98,0.4,0.94,1.33,3.71,0.62,0.6,0.31,0.21,0.0,0.0,0.0,3.31,0.21,3.81,0.58,0.6,0.62,6.25,3.42,0.29,0.1,0.0,1.23,0.02,1.69,0.44,12.17,29.77,1.07,3.06,2.37,24.71,5.58,16.54,21.85,53.27,23.44,0.83,0.44,0.0,11.42,1.0,0.0,0.0,22.24,28.9,0.0,10.64,8.31
8478406,M. Blackwood,COL,G,38,1929.84,0.0,0.0,0.0,0.0,0.0,0.0,0.0,0.0,0.0,0.0,0.0,4.0,0.0,0.0,0.0,0.0,0.0,0.0,0.0,0.0,0.0,0.0,0.0,0.0,0.0,0.0,0.0,0.0,1.15,2.5,2.36,14.39,0.0,0.0,0.0,0.0,0.0,0.0,0.0,0.0,0.0,0.0,0.0,0.0,0.0,0.0,0.0,0.0,0.0
8478407,V. Dunn,SEA,D,53,1331.89,0.13,0.47,0.6,2.11,0.3,1.09,-0.32,0.68,0.0,0.0,0.0,2.89,0.15,2.11,0.15,1.09,0.3,4.49,2.04,0.04,0.04,0.0,0.45,0.02,1.23,0.3,14.32,21.76,0.5,2.96,2.4,29.38,5.62,17.83,20.25,60.87,28.02,0.77,0.58,0.0,12.55,1.26,0.0,0.0,20.1,28.34,0.0,7.05,6.12
8478413,J. Greenway,BUF,F,33,743.73,0.03,0.12,0.15,0.88,1.48,0.45,-0.27,0.7,0.0,0.0,0.0,3.55,0.06,0.88,0.06,0.45,1.48,1.79,0.82,0.03,0.03,0.0,0.33,0.06,0.52,0.15,6.26,8.64,0.17,3.24,2.2,29.64,5.64,16.33,22.12,58.3,27.73,1.15,0.76,0.0,11.52,0.82,0.0,0.0,21.17,26.63,0.0,3.22,2.99
8478414,T. Meier,NJD,F,50,1117.52,0.28,0.28,0.56,3.38,1.78,0.64,-0.36,0.24,0.0,0.0,0.0,2.64,0.34,3.38,0.84,0.64,1.78,7.02,3.26,0.1,0.02,0.0,1.58,0.04,0.9,0.3,9.9,12.38,0.63,3.12,2.17,27.94,5.48,16.14,19.78,55.14,26.6,0.72,0.62,0.0,10.92,1.1,0.0,0.0,20.35,26.2,0.0,11.76,14.35
8478416,E. Cernak,TBL,D,34,1101.71,0.0,0.18,0.18,0.82,2.03,1.85,0.03,1.21,0.0,0.0,0.0,3.59,0.07,0.82,0.0,1.85,2.03,2.0,0.82,0.0,0.0,0.0,0.5,0.09,0.94,0.18,12.59,9.56,0.21,2.74,1.98,26.79,4.82,14.59,22.85,51.41,25.18,0.88,0.74,0.0,10.82,1.0,0.0,0.0,20.98,29.94,0.0,3.87,3.57
8478420,M. Rantanen,DAL,F,53,1216.09,0.38,0.91,1.28,2.36,0.72,0.51,0.04,1.57,0.0,0.0,0.0,3.28,0.18,2.43,0.58,0.51,0.72,4.58,2.34,0.04,0.06,0.0,0.72,0.0,1.23,0.34,8.65,21.72,0.99,2.83,2.34,27.72,5.94,16.77,24.75,55.74,26.23,0.85,0.64,0.0,11.47,1.04,0.0,0.0,20.46,29.8,0.0,7.75,7.72
8478421,A. Greer,FLA,F,55,703.82,0.2,0.18,0.38,1.29,2.55,0.36,0.18,1.51,0.0,0.0,0.0,3.05,0.09,1.29,0.31,0.36,2.55,2.36,1.27,0.02,0.0,0.0,0.6,0.02,0.67,0.11,6.82,6.81,0.37,3.29,2.3,25.89,6.25,13.6,20.55,50.69,24.2,0.98,0.71,0.0,10.22,1.29,0.0,0.0,20.72,27.78,0.0,4.43,3.8
8478424,J. Harkins,ANA,F,30,606.2,0.1,0.0,0.1,0.67,2.87,0.6,-0.17,0.43,0.0,0.0,0.0,3.03,0.08,0.67,0.17,0.6,2.87,1.5,0.67,0.0,0.0,0.0,0.4,0.07,0.6,0.13,2.82,2.2,0.15,3.13,2.21,29.23,5.2,17.27,19.67,58.77,27.5,0.93,0.8,0.0,11.77,1.33,0.0,0.0,19.5,24.36,0.0,2.59,3.23
8478427,S. Aho,CAR,F,55,1187.93,0.35,0.64,0.98,2.29,0.89,0.31,0.18,0.55,0.0,0.0,0.0,3.47,0.18,2.31,0.55,0.31,0.89,4.67,2.29,0.02,0.0,0.0,0.91,0.11,1.38,0.42,11.71,16.89,0.75,2.91,2.17,24.91,6.02,11.84,24.07,46.29,23.36,0.89,0.65,0.0,9.64,1.31,0.0,0.0,19.88,29.78,0.0,9.54,8.35
8478434,K. Kolesar,VGK,F,55,690.8,0.09,0.16,0.25,0.93,3.45,0.53,-0.2,0.76,0.0,0.0,0.0,3.31,0.07,0.93,0.16,0.53,3.45,1.78,0.78,0.15,0.0,0.0,0.33,0.04,0.44,0.05,4.32,8.76,0.31,3.2,2.43,25.11,5.78,16.49,21.67,53.78,23.8,0.8,0.51,0.0,11.78,0.96,0.0,0.0,22.03,28.93,0.0,3.36,2.8
8478435,D. Vladar,PHI,G,47,2263.55,0.0,0.0,0.0,0.0,0.0,0.0,0.0,0.0,0.0,0.0,0.0,2.96,0.0,0.0,0.0,0.0,0.0,0.0,0.0,0.0,0.0,0.0,0.0,0.0,0.0,0.0,0.0,0.0,0.8,3.11,2.37,16.23,0.0,0.0,0.0,0.0,0.0,0.0,0.0,0.0,0.0,0.0,0.0,0.0,0.0,0.0,0.0,0.0,0.0
8478438,T. Novak,PIT,F,54,814.57,0.19,0.35,0.54,1.5,0.17,0.37,0.09,0.41,0.0,0.0,0.0,3.39,0.15,1.52,0.43,0.37,0.17,2.93,1.5,0.02,0.0,0.0,0.48,0.02,0.63,0.39,6.04,8.35,0.46,3.0,2.15,27.78,5.52,16.46,21.09,56.43,26.7,0.74,0.33,0.0,11.06,1.07,0.0,0.0,20.92,28.91,0.0,5.08,6.75
8478439,T. Konecny,PHI,F,53,1135.0,0.42,0.57,0.98,2.3,1.34,0.49,0.15,0.85,0.0,0.0,0.0,3.02,0.18,2.38,0.64,0.49,1.34,4.0,2.3,0.08,0.0,0.0,0.98,0.0,1.47,0.25,11.2,24.82,0.74,3.19,2.36,25.98,5.57,16.26,20.75,54.47,24.81,0.66,0.51,0.0,11.19,1.25,0.0,0.0,21.84,29.16,0.0,7.09,7.18
8478440,D. Strome,WSH,F,55,1121.44,0.29,0.53,0.82,1.96,0.18,0.64,0.2,0.44,0.0,0.0,0.0,3.31,0.15,2.07,0.62,0.64,0.18,3.16,1.91,0.11,0.05,0.0,0.42,0.02,0.87,0.2,9.82,22.77,0.66,3.04,2.59,29.0,6.51,17.0,18.82,58.05,27.62,0.8,0.58,0.0,11.49,1.07,0.0,0.0,19.83,28.5,0.0,5.27,5.62
8478443,B. Carlo,TOR,D,33,1177.94,0.0,0.15,0.15,1.15,1.0,1.94,0.09,0.48,0.0,0.0,0.0,3.36,0.08,1.15,0.0,1.94,1.0,2.79,0.91,0.06,0.18,0.0,0.36,0.03,1.12,0.09,11.38,14.77,0.16,3.73,2.73,31.67,7.15,17.91,17.67,61.64,30.15,0.97,0.55,0.0,11.45,0.94,0.0,0.0,20.12,28.4,0.0,4.61,3.2
8478444,B. Boeser,VAN,F,50,1142.06,0.24,0.26,0.5,2.28,0.6,0.4,-0.6,0.12,0.0,0.0,0.0,2.68,0.19,2.32,0.38,0.4,0.6,4.74,2.24,0.08,0.0,0.0,0.8,0.02,0.7,0.16,9.04,15.78,0.48,3.66,2.66,30.16,6.98,14.86,18.84,57.08,28.82,0.68,0.66,0.0,12.08,1.08,0.0,0.0,18.76,28.62,0.0,7.96,7.21
8478445,M. Barzal,NYI,F,55,1240.2,0.27,0.58,0.85,2.16,0.33,0.65,0.13,0.78,0.0,0.0,0.0,2.89,0.22,2.27,0.6,0.65,0.33,4.2,2.22,0.05,0.0,0.0,0.73,0.0,1.18,0.53,13.01,28.25,0.69,2.75,2.29,28.15,5.78,16.51,19.56,57.02,26.8,0.98,0.36,0.0,11.85,0.87,0.0,0.0,19.08,27.96,0.0,7.03,9.08
8478449,R. Hintz,DAL,F,51,1050.04,0.29,0.55,0.84,2.35,1.08,0.31,0.29,0.31,0.0,0.0,0.0,3.45,0.19,2.37,0.8,0.31,1.08,3.8,2.29,0.04,0.04,0.0,0.69,0.06,0.76,0.08,10.83,17.85,0.72,2.84,2.27,27.31,5.84,16.61,25.25,54.73,25.69,0.86,0.76,0.0,11.24,1.14,0.0,0.0,20.81,29.49,0.0,6.6,7.86
8478450,P. Wotherspoon,PIT,D,54,1222.72,0.06,0.28,0.33,0.93,2.06,1.52,0.07,0.67,0.0,0.0,0.0,3.39,0.06,0.93,0.06,1.52,2.06,2.09,0.8,0.09,0.04,0.0,0.17,0.07,1.43,0.39,10.67,12.94,0.26,3.0,2.15,27.78,5.52,16.46,21.09,56.43,26.7,0.74,0.33,0.0,11.06,1.07,0.0,0.0,20.92,28.91,0.0,3.69,3.06
8478452,C. Jones,PIT,D,7,1030.29,0.0,0.14,0.14,0.71,1.43,2.14,0.14,0.0,0.0,0.0,0.0,3.57,0.06,0.71,0.0,2.14,1.43,2.43,0.71,0.0,0.0,0.0,0.71,0.14,0.57,0.14,1.43,6.57,0.22,2.14,2.33,30.86,4.0,20.29,26.57,64.14,29.86,0.71,0.29,0.0,12.29,1.29,0.0,0.0,20.22,22.62,0.0,3.61,2.63
8478454,N. Juulsen,PHI,D,40,842.82,0.02,0.2,0.22,0.5,2.05,0.8,0.08,0.38,0.0,0.0,0.0,2.75,0.06,0.5,0.05,0.8,2.05,1.58,0.48,0.0,0.02,0.0,0.18,0.02,0.92,0.18,5.58,4.38,0.17,3.4,2.38,26.0,5.88,16.27,20.58,54.2,24.82,0.65,0.52,0.0,11.42,1.12,0.0,0.0,21.29,29.46,0.0,2.99,2.46
8478458,J. Roslovic,EDM,F,43,966.28,0.35,0.19,0.53,2.14,0.47,0.35,-0.16,0.33,0.0,0.0,0.0,3.33,0.16,2.14,0.56,0.35,0.47,3.7,2.12,0.02,0.0,0.0,0.77,0.09,1.0,0.21,10.88,19.15,0.45,3.51,2.11,27.37,5.47,15.65,18.4,54.7,26.21,0.65,0.51,0.0,10.86,0.81,0.0,0.0,21.07,27.44,0.0,6.35,6.94
8478460,Z. Werenski,CBJ,D,50,1591.34,0.38,0.82,1.2,3.58,0.42,1.28,0.12,0.2,0.0,0.0,0.0,3.18,0.25,3.58,0.48,1.28,0.42,7.28,3.46,0.04,0.08,0.0,1.28,0.12,1.64,0.46,16.8,21.09,1.0,3.4,2.25,31.12,6.02,16.22,17.48,59.7,29.7,0.94,0.48,0.0,10.98,1.04,0.0,0.0,20.38,29.93,0.0,10.95,10.27
8478462,N. Roy,TOR,F,53,880.53,0.09,0.26,0.36,0.96,1.09,0.49,0.02,0.11,0.0,0.0,0.0,3.32,0.1,0.96,0.32,0.49,1.09,2.17,0.94,0.02,0.0,0.0,0.55,0.02,0.83,0.34,4.78,6.34,0.29,3.43,2.65,31.75,6.75,17.13,17.83,61.34,30.38,0.81,0.57,0.0,11.15,0.92,0.0,0.0,20.5,29.68,0.0,3.49,3.72
8478463,A. Beauvillier,WSH,F,57,942.82,0.19,0.12,0.32,2.11,1.3,0.54,0.05,0.35,0.0,0.0,0.0,3.21,0.17,2.19,0.56,0.54,1.3,3.7,2.12,0.05,0.02,0.0,0.84,0.04,0.51,0.18,13.82,24.01,0.39,3.0,2.56,28.72,6.39,16.91,18.89,57.72,27.35,0.79,0.58,0.0,11.47,1.07,0.0,0.0,19.85,28.67,0.0,6.25,6.68
8478468,J. Lauzon,VGK,D,41,1034.51,0.0,0.2,0.2,0.98,3.71,1.61,0.05,1.17,0.0,0.0,0.0,3.44,0.08,0.98,0.05,1.61,3.71,2.61,0.9,0.05,0.02,0.0,0.71,0.05,0.68,0.17,5.1,8.72,0.3,3.32,2.45,25.1,5.85,16.46,21.29,53.93,23.71,0.83,0.56,0.0,11.8,0.93,0.0,0.0,20.97,27.21,0.0,4.84,3.34
8478469,T. Chabot,OTT,D,40,1306.85,0.12,0.42,0.55,1.68,0.75,1.95,-0.02,0.45,0.0,0.0,0.0,3.58,0.14,1.68,0.2,1.95,0.75,4.42,1.62,0.0,0.05,0.0,0.7,0.0,0.82,0.4,16.44,19.06,0.55,3.45,1.88,24.55,5.2,15.12,23.6,48.35,23.48,0.35,0.72,0.0,10.18,0.78,0.0,0.0,20.08,27.43,0.0,8.61,7.24
8478470,S. Montembeault,MTL,G,45,1642.58,0.0,0.0,0.0,0.0,0.0,0.0,0.0,0.0,0.0,0.0,0.0,3.47,0.0,0.0,0.0,0.0,0.0,0.0,0.0,0.0,0.0,0.0,0.0,0.0,0.0,0.0,0.0,0.0,0.91,3.47,2.48,11.98,0.0,0.0,0.0,0.0,0.0,0.0,0.0,0.0,0.0,0.0,0.0,0.0,0.0,0.0,0.0,0.0,0.0
8478472,M. Joseph,STL,F,39,760.95,0.05,0.23,0.28,0.74,2.18,0.72,-0.13,0.1,0.0,0.0,0.0,2.72,0.1,0.74,0.21,0.72,2.18,1.67,0.69,0.03,0.03,0.0,0.51,0.05,0.59,0.26,5.92,8.53,0.28,3.51,2.15,27.1,5.82,15.28,18.15,52.67,25.31,1.21,0.59,0.0,10.44,1.13,0.0,0.0,21.32,29.17,0.0,3.02,4.35
8478474,L. Crouse,UTA,F,55,989.51,0.25,0.25,0.51,1.62,2.67,0.69,0.35,0.29,0.0,0.0,0.0,3.16,0.15,1.62,0.44,0.69,2.67,3.24,1.47,0.05,0.09,0.0,0.76,0.07,0.58,0.18,11.03,14.35,0.52,2.8,1.98,25.87,4.6,15.4,21.49,52.35,24.36,0.98,0.53,0.0,10.89,1.4,0.0,0.0,20.45,27.78,0.0,6.06,7.38
8478476,K. Capobianco,DAL,D,30,726.7,0.07,0.1,0.17,0.57,0.37,0.83,0.03,0.27,0.0,0.0,0.0,3.13,0.06,0.57,0.07,0.83,0.37,1.97,0.57,0.0,0.0,0.0,0.3,0.0,0.57,0.3,6.02,5.1,0.16,2.5,2.3,27.13,5.7,16.2,24.47,54.5,25.7,0.8,0.63,0.0,11.5,0.93,0.0,0.0,19.23,29.1,0.0,3.5,2.65
8478483,M. Marner,VGK,F,55,1204.31,0.27,0.75,1.02,2.04,0.36,0.62,0.2,0.25,0.0,0.0,0.0,3.31,0.15,2.13,0.42,0.62,0.36,4.36,2.11,0.02,0.0,0.0,0.65,0.02,1.33,0.45,9.49,25.13,0.76,3.2,2.43,25.11,5.78,16.49,21.67,53.78,23.8,0.8,0.51,0.0,11.78,0.96,0.0,0.0,22.03,28.93,0.0,7.64,6.06
8478493,J. Eriksson Ek,MIN,F,51,1165.65,0.29,0.47,0.76,2.8,1.51,0.41,0.29,0.43,0.0,0.0,0.0,3.31,0.22,2.8,0.65,0.41,1.51,4.84,2.71,0.1,0.0,0.0,0.84,0.0,0.71,0.24,8.68,14.42,0.74,2.71,2.68,30.43,5.94,17.82,19.08,61.12,28.96,0.94,0.53,0.0,11.82,0.88,0.0,0.0,20.03,30.14,0.0,7.5,7.6
8478498,J. DeBrusk,VAN,F,55,1038.73,0.24,0.27,0.51,2.8,0.91,0.38,-0.22,0.15,0.0,0.0,0.0,2.62,0.25,2.85,0.62,0.38,0.91,4.89,2.6,0.2,0.05,0.0,1.0,0.0,0.55,0.15,9.24,28.1,0.55,3.69,2.68,30.05,7.0,15.42,18.82,57.95,28.71,0.69,0.65,0.0,12.05,1.07,0.0,0.0,18.78,28.1,0.0,8.16,8.99
8478499,A. Hill,VGK,G,17,2051.94,0.0,0.0,0.0,0.0,0.0,0.0,0.0,0.0,0.0,0.0,0.0,3.82,0.0,0.0,0.0,0.0,0.0,0.0,0.0,0.0,0.0,0.0,0.0,0.0,0.0,0.0,0.0,0.0,0.49,3.41,2.49,13.88,0.0,0.0,0.0,0.0,0.0,0.0,0.0,0.0,0.0,0.0,0.0,0.0,0.0,0.0,0.0,0.0,0.0
8478500,I. Provorov,CBJ,D,54,1531.54,0.09,0.26,0.35,2.04,0.41,1.7,0.22,0.48,0.0,0.0,0.0,3.19,0.14,2.04,0.15,1.7,0.41,4.3,1.83,0.11,0.09,0.0,0.72,0.06,1.65,0.33,15.92,20.36,0.29,3.28,2.21,30.87,5.78,16.28,17.46,59.35,29.41,0.96,0.5,0.0,10.8,1.13,0.0,0.0,20.62,29.53,0.0,6.89,6.31
8478502,D. Gilbert,OTT,D,1,830.0,0.0,0.0,0.0,0.0,0.0,1.0,-1.0,0.0,0.0,0.0,0.0,2.0,0.04,0.0,0.0,1.0,0.0,2.0,0.0,0.0,0.0,0.0,1.0,0.0,3.0,0.0,9.0,23.0,-0.4,4.0,2.45,28.0,8.0,19.0,20.0,55.0,27.0,1.0,0.0,0.0,17.0,1.0,0.0,0.0,22.5,24.92,0.0,3.5,1.6
8478507,J. Marino,UTA,D,56,1227.45,0.07,0.43,0.5,0.79,0.34,0.91,0.66,0.18,0.0,0.0,0.0,3.2,0.07,0.79,0.11,0.91,0.34,2.21,0.66,0.0,0.12,0.0,0.29,0.0,1.23,0.27,9.74,10.58,0.31,2.79,1.99,25.93,4.64,15.36,21.62,52.41,24.41,1.0,0.52,0.0,10.8,1.38,0.0,0.0,20.38,27.68,0.0,4.39,3.53
8478508,Y. Trenin,MIN,F,57,794.44,0.07,0.21,0.28,1.04,4.95,0.53,0.16,0.44,0.0,0.0,0.0,3.33,0.11,1.04,0.23,0.53,4.95,2.28,0.98,0.04,0.02,0.0,0.51,0.04,0.68,0.3,7.56,6.18,0.35,2.88,2.64,30.26,6.07,17.47,19.07,60.25,28.91,0.86,0.49,0.0,11.63,0.89,0.0,0.0,20.41,29.63,0.0,3.74,4.15
8478519,A. Cirelli,TBL,F,49,1047.53,0.31,0.41,0.71,1.84,0.65,0.61,0.61,0.59,0.0,0.0,0.0,3.63,0.19,1.84,0.65,0.61,0.65,3.29,1.84,0.0,0.0,0.0,0.67,0.02,0.69,0.43,10.12,14.04,0.64,2.45,1.99,26.78,4.69,13.9,22.67,51.14,25.06,0.9,0.82,0.0,10.04,0.98,0.0,0.0,21.02,29.09,0.0,6.23,8.83
8478542,E. Rodrigues,FLA,F,55,1035.91,0.18,0.27,0.45,2.31,1.0,0.38,-0.16,0.58,0.0,0.0,0.0,3.05,0.16,2.35,0.31,0.38,1.0,4.58,2.25,0.05,0.04,0.0,0.84,0.04,0.65,0.45,11.95,14.93,0.49,3.29,2.3,25.89,6.25,13.6,20.55,50.69,24.2,0.98,0.71,0.0,10.22,1.29,0.0,0.0,20.72,27.78,0.0,8.45,6.57
8478550,A. Panarin,NYR,F,52,1254.62,0.37,0.73,1.1,3.04,0.15,0.21,-0.31,0.27,0.0,0.0,0.0,2.71,0.21,3.08,0.56,0.21,0.15,6.67,3.04,0.04,0.0,0.0,1.19,0.04,1.33,0.29,17.73,20.78,0.86,3.15,2.48,28.52,6.13,16.62,19.88,57.33,27.17,0.71,0.63,0.0,10.65,0.81,0.0,0.0,20.84,28.08,0.0,10.72,8.31
8478569,N. Acciari,PIT,F,41,788.8,0.15,0.22,0.37,1.27,1.1,0.76,0.22,0.41,0.0,0.0,0.0,3.56,0.11,1.27,0.34,0.76,1.1,2.34,1.22,0.05,0.0,0.0,0.59,0.02,0.24,0.15,4.24,5.83,0.4,3.02,2.11,28.05,5.44,16.54,21.32,56.93,26.93,0.76,0.37,0.0,11.29,1.24,0.0,0.0,20.95,28.55,0.0,3.9,5.32
8478831,K. Stenlund,UTA,F,55,884.0,0.07,0.15,0.22,0.87,0.51,0.8,-0.16,0.36,0.0,0.0,0.0,3.2,0.07,0.87,0.11,0.8,0.51,2.13,0.78,0.05,0.04,0.0,0.36,0.0,0.64,0.18,7.66,4.45,0.2,2.82,1.99,25.8,4.67,15.24,21.55,52.09,24.33,0.98,0.49,0.0,10.8,1.38,0.0,0.0,20.27,27.43,0.0,4.11,3.59
8478840,W. Borgen,NYR,D,49,1109.73,0.06,0.06,0.12,0.98,1.47,1.39,-0.1,0.57,0.0,0.0,0.0,2.65,0.08,0.98,0.1,1.39,1.47,2.41,0.92,0.06,0.0,0.0,0.49,0.02,0.9,0.22,10.81,10.36,0.16,3.27,2.45,28.18,6.14,16.1,19.37,56.35,26.9,0.65,0.63,0.0,10.47,0.78,0.0,0.0,20.78,27.28,0.0,4.24,3.31
8478841,C. White,NJD,D,23,735.35,0.0,0.17,0.17,0.61,1.0,0.7,0.09,0.09,0.0,0.0,0.0,2.43,0.04,0.61,0.04,0.7,1.0,1.39,0.57,0.0,0.04,0.0,0.09,0.0,0.91,0.17,6.57,10.04,0.11,2.87,2.13,30.26,5.13,15.35,20.57,56.7,28.65,0.74,0.87,0.0,11.09,0.83,0.0,0.0,20.29,28.24,0.0,2.8,2.36
8478851,A. Carrier,MTL,D,56,1176.54,0.11,0.21,0.32,0.84,0.46,2.21,-0.07,0.39,0.0,0.0,0.0,3.46,0.06,0.84,0.11,2.21,0.46,1.95,0.68,0.0,0.16,0.0,0.39,0.02,0.77,0.41,6.69,8.69,0.34,3.32,2.49,27.41,6.05,17.93,21.45,56.3,26.0,0.8,0.61,0.0,11.8,0.93,0.0,0.0,20.15,28.31,0.0,3.48,2.36
8478854,R. Shea,PIT,D,54,1139.94,0.06,0.35,0.41,0.98,0.57,1.2,0.43,0.33,0.0,0.0,0.0,3.39,0.08,0.98,0.06,1.2,0.57,2.52,0.91,0.0,0.07,0.0,0.39,0.04,0.67,0.3,7.97,11.22,0.37,3.0,2.15,27.78,5.52,16.46,21.09,56.43,26.7,0.74,0.33,0.0,11.06,1.07,0.0,0.0,20.92,28.91,0.0,4.39,3.7
8478856,C. Garland,VAN,F,45,1153.96,0.16,0.38,0.53,2.09,0.6,0.56,-0.29,0.67,0.0,0.0,0.0,2.67,0.17,2.16,0.53,0.56,0.6,4.2,2.07,0.02,0.07,0.0,1.11,0.0,1.27,0.44,7.65,19.9,0.43,3.51,2.8,30.64,7.04,15.76,19.22,59.27,29.29,0.71,0.64,0.0,12.09,1.07,0.0,0.0,18.63,28.41,0.0,6.95,6.17
8478859,N. Mikkola,FLA,D,55,1214.04,0.02,0.15,0.16,0.96,1.73,1.11,0.09,0.75,0.0,0.0,0.0,3.05,0.07,0.96,0.04,1.11,1.73,2.42,0.91,0.04,0.02,0.0,0.4,0.02,1.0,0.27,14.03,11.63,0.16,3.29,2.3,25.89,6.25,13.6,20.55,50.69,24.2,0.98,0.71,0.0,10.22,1.29,0.0,0.0,20.72,27.78,0.0,4.56,2.85
8478864,K. Kaprizov,MIN,F,57,1339.79,0.56,0.65,1.21,3.53,0.6,0.33,0.16,0.32,0.0,0.0,0.0,3.33,0.29,3.63,1.04,0.33,0.6,6.47,3.42,0.16,0.05,0.0,1.04,0.05,1.44,0.32,17.02,27.8,0.99,2.88,2.64,30.26,6.07,17.47,19.07,60.25,28.91,0.86,0.49,0.0,11.63,0.89,0.0,0.0,20.41,29.63,0.0,9.97,10.17
8478872,K. Vejmelka,UTA,G,54,2806.43,0.0,0.0,0.0,0.0,0.0,0.0,0.0,0.0,0.0,0.0,0.0,3.26,0.0,0.0,0.0,0.0,0.0,0.0,0.0,0.0,0.0,0.0,0.0,0.0,0.0,0.0,0.0,0.0,-0.01,2.8,2.01,20.35,0.0,0.0,0.0,0.0,0.0,0.0,0.0,0.0,0.0,0.0,0.0,0.0,0.0,0.0,0.0,0.0,0.0
8478873,T. Terry,ANA,F,44,1110.66,0.3,0.7,1.0,2.36,0.0,0.3,0.18,0.27,0.0,0.0,0.0,3.39,0.22,2.43,0.66,0.3,0.0,4.64,2.34,0.07,0.02,0.0,0.98,0.05,0.82,0.36,16.57,31.9,0.82,3.66,2.25,29.11,6.11,16.27,18.82,56.77,27.45,0.73,0.93,0.0,12.18,1.25,0.0,0.0,20.58,25.05,0.0,7.85,9.12
8478874,A. Gaudette,SJS,F,44,711.68,0.3,0.16,0.45,1.52,0.93,0.39,-0.2,0.32,0.0,0.0,0.0,3.0,0.14,1.52,0.52,0.39,0.93,2.59,1.5,0.02,0.0,0.0,0.7,0.02,0.32,0.2,6.33,9.99,0.46,3.52,2.3,30.77,5.95,16.48,16.98,59.25,29.32,0.73,0.73,0.0,11.75,1.18,0.0,0.0,18.97,23.7,0.0,4.43,6.4
8478882,V. Gavrikov,NYR,D,56,1445.11,0.16,0.21,0.38,1.48,0.64,1.54,-0.2,0.43,0.0,0.0,0.0,2.7,0.12,1.48,0.18,1.54,0.64,3.95,1.36,0.04,0.09,0.0,0.64,0.09,1.29,0.3,14.17,16.71,0.31,3.18,2.49,28.59,6.18,16.39,19.68,57.14,27.29,0.68,0.62,0.0,10.61,0.8,0.0,0.0,20.92,27.56,0.0,6.67,4.69
8478891,M. Appleton,DET,F,47,819.96,0.11,0.13,0.23,0.98,1.28,0.45,-0.06,0.64,0.0,0.0,0.0,2.91,0.07,0.98,0.19,0.45,1.28,1.94,0.91,0.04,0.02,0.0,0.49,0.02,0.43,0.0,6.33,4.96,0.23,3.04,2.55,27.49,5.91,17.49,20.62,56.94,26.0,0.81,0.68,0.0,11.32,0.96,0.0,0.0,18.16,24.74,0.0,3.47,2.68
8478904,S. Lorentz,TOR,F,49,706.96,0.08,0.2,0.29,0.98,2.16,0.65,0.06,0.24,0.0,0.0,0.0,3.18,0.07,0.98,0.2,0.65,2.16,1.61,0.88,0.08,0.02,0.0,0.47,0.02,0.49,0.22,7.91,5.82,0.31,3.45,2.6,31.57,6.69,16.51,18.08,60.63,30.12,0.84,0.61,0.0,11.04,0.98,0.0,0.0,21.06,30.09,0.0,2.66,2.45
8478911,M. Roy,WSH,D,54,1244.59,0.02,0.26,0.28,1.28,1.46,1.96,0.24,0.19,0.0,0.0,0.0,3.22,0.08,1.28,0.04,1.96,1.46,2.96,1.17,0.04,0.07,0.0,0.5,0.0,0.89,0.15,11.18,20.83,0.31,2.96,2.58,28.89,6.28,16.93,18.89,57.76,27.57,0.74,0.57,0.0,11.48,1.07,0.0,0.0,19.84,27.26,0.0,5.19,3.06
8478916,J. Daccord,SEA,G,47,2379.21,0.0,0.0,0.0,0.0,0.0,0.0,0.0,0.0,0.0,0.0,0.0,2.91,0.0,0.0,0.0,0.0,0.0,0.0,0.0,0.0,0.0,0.0,0.0,0.0,0.0,0.0,0.0,0.0,0.6,2.98,2.45,19.09,0.0,0.0,0.0,0.0,0.0,0.0,0.0,0.0,0.0,0.0,0.0,0.0,0.0,0.0,0.0,0.0,0.0
8478967,L. Pederson,PHI,F,5,531.8,0.0,0.0,0.0,0.0,3.2,0.6,0.0,0.0,0.0,0.0,0.0,3.2,0.05,0.0,0.0,0.6,3.2,0.8,0.0,0.0,0.0,0.0,0.4,0.0,1.2,0.2,0.0,0.0,-0.05,3.6,2.35,28.2,6.6,18.2,19.2,56.4,26.8,1.0,0.4,0.0,11.2,1.0,0.0,0.0,24.06,22.09,0.0,1.22,2.2
8478970,J. Chatfield,CAR,D,48,1200.62,0.02,0.25,0.27,1.4,0.52,0.9,0.33,0.33,0.0,0.0,0.0,3.46,0.1,1.4,0.02,0.9,0.52,3.73,1.23,0.04,0.12,0.0,0.94,0.04,0.85,0.46,15.8,13.13,0.27,2.85,2.22,25.17,6.17,12.06,24.48,47.25,23.6,0.92,0.65,0.0,9.69,1.29,0.0,0.0,20.65,30.05,0.0,7.58,4.56
8478971,C. Ingram,EDM,G,19,2082.26,0.0,0.0,0.0,0.0,0.0,0.0,0.0,0.0,0.0,0.0,0.0,3.42,0.0,0.0,0.0,0.0,0.0,0.0,0.0,0.0,0.0,0.0,0.0,0.0,0.0,0.0,0.0,0.0,0.4,3.26,1.87,14.95,0.0,0.0,0.0,0.0,0.0,0.0,0.0,0.0,0.0,0.0,0.0,0.0,0.0,0.0,0.0,0.0,0.0
8478975,M. Marchment,SEA/CBJ,F,41,1037.27,0.32,0.29,0.61,1.71,1.15,0.39,0.07,1.02,0.0,0.0,0.0,2.95,0.18,1.73,0.54,0.39,1.15,3.68,1.63,0.1,0.0,0.0,0.66,0.1,1.27,0.34,11.21,11.44,0.46,2.83,2.25,28.98,5.17,17.39,18.83,59.78,27.56,0.8,0.61,0.0,11.24,1.29,0.0,0.0,20.32,26.51,0.0,5.86,7.75
8479022,R. Abols,PHI,F,42,630.05,0.07,0.17,0.24,1.02,1.17,0.57,-0.02,0.52,0.0,0.0,0.0,2.88,0.09,1.02,0.24,0.57,1.17,2.1,1.0,0.02,0.0,0.0,0.4,0.07,0.33,0.26,4.55,5.83,0.28,3.14,2.39,25.88,5.48,16.07,20.67,54.67,24.69,0.62,0.57,0.0,11.4,1.26,0.0,0.0,21.65,30.31,0.0,3.73,3.88
8479026,P. Myers,TOR,D,26,837.27,0.0,0.08,0.08,1.19,1.54,1.19,-0.31,0.54,0.0,0.0,0.0,3.85,0.06,1.19,0.0,1.19,1.54,2.62,1.12,0.0,0.08,0.0,0.42,0.0,0.73,0.12,10.42,10.08,0.14,3.31,2.59,31.77,6.04,17.42,18.0,62.35,30.46,0.85,0.46,0.0,10.69,1.12,0.0,0.0,20.44,30.02,0.0,4.2,2.65
8479066,R. Lomberg,CGY,F,49,536.86,0.06,0.08,0.14,0.96,2.31,0.31,-0.02,1.16,0.0,0.0,0.0,2.53,0.06,0.96,0.12,0.31,2.31,1.73,0.94,0.0,0.02,0.0,0.47,0.02,0.33,0.04,4.18,6.12,0.2,3.02,2.54,29.45,6.14,15.88,19.57,56.55,27.57,1.1,0.78,0.0,11.57,1.06,0.0,0.0,19.9,24.93,0.0,3.18,2.43
8479193,C. DeSmith,DAL,G,55,1352.53,0.0,0.0,0.0,0.0,0.0,0.0,0.0,0.0,0.0,0.0,0.0,3.36,0.0,0.0,0.0,0.0,0.0,0.0,0.0,0.0,0.0,0.0,0.0,0.0,0.0,0.0,0.0,0.0,1.42,2.76,2.31,10.05,0.0,0.0,0.0,0.0,0.0,0.0,0.0,0.0,0.0,0.0,0.0,0.0,0.0,0.0,0.0,0.0,0.0
8479291,K. Rooney,UTA,F,1,584.0,1.0,0.0,1.0,1.0,0.0,0.0,1.0,0.0,0.0,0.0,0.0,3.0,0.19,1.0,1.0,0.0,0.0,2.0,1.0,0.0,0.0,0.0,0.0,0.0,1.0,0.0,0.0,0.0,0.67,4.0,1.84,28.0,8.0,11.0,19.0,44.0,28.0,0.0,0.0,0.0,8.0,3.0,0.0,0.0,9.4,18.57,0.0,4.3,9.4
8479292,C. Lindgren,WSH,G,52,1231.35,0.0,0.0,0.0,0.0,0.0,0.0,0.0,0.0,0.0,0.0,0.0,3.23,0.0,0.0,0.0,0.0,0.0,0.0,0.0,0.0,0.0,0.0,0.0,0.0,0.0,0.0,0.0,0.0,1.38,3.08,2.53,9.92,0.0,0.0,0.0,0.0,0.0,0.0,0.0,0.0,0.0,0.0,0.0,0.0,0.0,0.0,0.0,0.0,0.0
8479293,B. Tanev,UTA,F,43,567.84,0.0,0.05,0.05,0.72,2.74,0.6,-0.3,0.53,0.0,0.0,0.0,3.19,0.07,0.72,0.19,0.6,2.74,1.47,0.65,0.05,0.02,0.0,0.21,0.0,0.63,0.14,3.9,2.38,0.11,2.91,1.96,25.88,4.63,14.86,22.6,52.23,24.37,0.98,0.53,0.0,10.65,1.42,0.0,0.0,20.46,27.41,0.0,2.75,3.21
8479312,A. Lyon,BUF,G,39,2223.18,0.0,0.0,0.0,0.0,0.0,0.0,0.0,0.0,0.0,0.0,0.0,3.26,0.0,0.0,0.0,0.0,0.0,0.0,0.0,0.0,0.0,0.0,0.0,0.0,0.0,0.0,0.0,0.0,0.66,3.03,2.3,19.15,0.0,0.0,0.0,0.0,0.0,0.0,0.0,0.0,0.0,0.0,0.0,0.0,0.0,0.0,0.0,0.0,0.0
8479314,M. Tkachuk,FLA,F,8,1163.5,0.25,0.5,0.75,2.75,1.12,0.25,-0.88,1.25,0.0,0.0,0.0,2.88,0.2,2.75,0.5,0.25,1.12,5.0,2.75,0.0,0.0,0.0,1.0,0.0,1.12,0.12,10.81,5.56,0.63,3.12,1.92,22.75,5.25,11.38,20.38,42.0,21.5,0.62,0.62,0.0,9.12,1.62,0.0,0.0,23.43,27.72,0.0,10.62,9.48
8479316,L. Kunin,FLA,F,42,513.24,0.05,0.05,0.1,0.74,1.83,0.74,-0.21,0.55,0.0,0.0,0.0,2.95,0.06,0.74,0.14,0.74,1.83,1.52,0.74,0.0,0.0,0.0,0.29,0.02,0.33,0.05,3.85,4.75,0.16,3.45,2.38,26.1,6.43,13.38,21.05,51.12,24.36,0.98,0.76,0.0,10.05,1.24,0.0,0.0,20.31,27.94,0.0,2.95,2.53
8479318,A. Matthews,TOR,F,50,1248.96,0.52,0.42,0.94,3.86,0.58,1.36,0.08,0.32,0.0,0.0,0.0,3.34,0.29,3.9,1.12,1.36,0.58,6.56,3.78,0.04,0.08,0.0,1.56,0.12,0.92,0.5,14.68,24.76,0.97,3.5,2.61,31.62,6.64,17.16,17.96,60.92,30.22,0.84,0.56,0.0,11.16,0.92,0.0,0.0,20.83,29.91,0.0,10.03,10.36
8479323,A. Fox,NYR,D,30,1414.33,0.13,0.8,0.93,1.87,0.5,1.5,0.13,0.4,0.0,0.0,0.0,2.73,0.14,1.87,0.17,1.5,0.5,5.2,1.73,0.03,0.1,0.0,0.8,0.03,1.23,0.67,14.38,14.24,0.77,2.7,2.51,28.83,5.7,17.4,20.17,58.8,27.5,0.73,0.6,0.0,10.03,0.83,0.0,0.0,21.08,28.91,0.0,8.45,5.78
8479324,R. Lindgren,SEA,D,54,1129.94,0.04,0.13,0.17,0.69,0.61,1.74,0.3,1.0,0.0,0.0,0.0,2.89,0.07,0.69,0.04,1.74,0.61,2.24,0.65,0.04,0.0,0.0,0.5,0.02,1.2,0.2,9.2,11.18,0.11,2.94,2.41,29.52,5.56,17.91,20.33,61.15,28.17,0.78,0.57,0.0,12.56,1.3,0.0,0.0,20.02,28.23,0.0,3.81,3.16
8479325,C. McAvoy,BOS,D,44,1452.95,0.09,0.77,0.86,1.5,1.25,1.89,0.14,1.0,0.0,0.0,0.0,3.48,0.14,1.5,0.11,1.89,1.25,3.75,1.34,0.07,0.09,0.0,0.68,0.05,1.2,0.52,8.43,9.43,0.72,3.27,2.27,29.57,5.66,16.75,22.14,58.09,28.52,0.68,0.36,0.0,11.8,0.93,0.0,0.0,19.43,25.51,0.0,6.28,5.79
8479336,C. Grundstrom,PHI,F,25,761.28,0.28,0.08,0.36,1.16,3.04,0.56,0.12,0.32,0.0,0.0,0.0,2.96,0.07,1.16,0.28,0.56,3.04,2.04,1.12,0.04,0.0,0.0,0.44,0.04,0.44,0.16,5.12,5.56,0.41,3.52,2.27,24.76,5.44,15.92,20.0,52.72,23.28,0.76,0.72,0.0,11.0,1.24,0.0,0.0,21.88,29.54,0.0,3.77,3.12
8479337,A. DeBrincat,DET,F,57,1084.46,0.53,0.47,1.0,3.56,0.47,0.44,0.05,0.18,0.0,0.0,0.0,3.04,0.25,3.6,0.89,0.44,0.47,6.6,3.51,0.09,0.0,0.0,1.28,0.04,1.0,0.46,14.31,27.16,0.92,3.0,2.55,27.98,5.93,18.25,21.11,58.47,26.53,0.81,0.65,0.0,11.51,0.88,0.0,0.0,18.69,25.02,0.0,10.68,9.24
8479339,P. Laine,MTL,F,5,756.4,0.0,0.2,0.2,1.2,0.4,0.0,-0.6,0.4,0.0,0.0,0.0,3.6,0.1,1.2,0.0,0.0,0.4,4.0,1.2,0.0,0.0,0.0,0.6,0.0,0.4,0.0,25.0,16.8,0.18,2.8,1.7,24.2,3.4,16.8,27.8,50.0,23.4,0.4,0.4,0.0,11.2,1.0,0.0,0.0,25.19,31.47,0.0,7.66,6.24
8479343,C. Keller,UTA,F,56,1143.93,0.29,0.64,0.93,2.66,0.14,0.38,0.38,0.29,0.0,0.0,0.0,3.2,0.2,2.66,0.59,0.38,0.14,4.66,2.64,0.02,0.0,0.0,0.77,0.04,1.18,0.32,10.34,12.71,0.74,2.79,1.99,25.93,4.64,15.36,21.62,52.41,24.41,1.0,0.52,0.0,10.8,1.38,0.0,0.0,20.38,27.68,0.0,8.37,9.48
8479345,J. Chychrun,WSH,D,55,1412.84,0.35,0.44,0.78,3.18,0.84,1.4,0.44,0.89,0.0,0.0,0.0,3.24,0.22,3.18,0.4,1.4,0.84,6.98,3.11,0.05,0.02,0.0,0.98,0.02,1.38,0.47,15.68,22.05,0.73,3.02,2.59,28.93,6.47,17.13,18.91,58.2,27.6,0.76,0.56,0.0,11.49,1.09,0.0,0.0,19.71,29.07,0.0,11.03,8.17
8479351,S. Steel,DAL,F,56,975.77,0.12,0.29,0.41,1.12,1.04,0.41,-0.04,0.36,0.0,0.0,0.0,3.36,0.09,1.12,0.29,0.41,1.04,2.04,1.07,0.02,0.04,0.0,0.46,0.05,0.66,0.29,5.87,10.14,0.35,2.79,2.3,27.39,5.79,16.54,25.07,55.14,25.86,0.82,0.71,0.0,11.36,1.07,0.0,0.0,20.7,29.73,0.0,3.61,3.84
8479353,B. Howden,VGK,F,39,892.69,0.23,0.15,0.38,1.18,1.69,0.23,-0.1,0.51,0.0,0.0,0.0,3.0,0.09,1.18,0.41,0.23,1.69,1.97,1.1,0.08,0.0,0.0,0.74,0.03,0.87,0.21,4.87,11.0,0.31,3.21,2.44,24.97,5.72,16.41,21.46,53.54,23.79,0.69,0.49,0.0,11.46,0.97,0.0,0.0,22.11,28.57,0.0,3.69,3.86
8479359,B. Malenstyn,BUF,F,54,671.44,0.07,0.07,0.15,0.85,3.56,1.04,-0.11,0.37,0.0,0.0,0.0,3.48,0.07,0.85,0.2,1.04,3.56,1.59,0.8,0.04,0.02,0.0,0.43,0.04,0.48,0.17,4.35,7.31,0.26,3.02,2.23,30.06,5.5,16.8,22.57,59.39,28.28,0.94,0.83,0.0,11.54,1.15,0.0,0.0,20.77,26.62,0.0,2.79,2.98
8479361,J. Woll,TOR,G,34,2505.35,0.0,0.0,0.0,0.0,0.0,0.0,0.0,0.0,0.0,0.0,0.0,3.24,0.0,0.0,0.0,0.0,0.0,0.0,0.0,0.0,0.0,0.0,0.0,0.0,0.0,0.0,0.0,0.0,0.55,3.29,2.55,22.18,0.0,0.0,0.0,0.0,0.0,0.0,0.0,0.0,0.0,0.0,0.0,0.0,0.0,0.0,0.0,0.0,0.0
8479362,R. Tufte,BOS,F,4,700.25,0.25,0.0,0.25,1.0,1.75,0.25,-0.25,0.0,0.0,0.0,0.0,1.5,0.12,1.0,0.5,0.25,1.75,1.75,0.75,0.25,0.0,0.0,0.5,0.0,0.25,0.0,3.5,12.38,0.28,3.25,2.58,33.0,5.75,17.0,22.0,64.0,31.5,0.75,0.75,0.0,11.5,2.0,0.0,0.0,17.65,25.6,0.0,2.6,4.22
8479365,T. Frederic,EDM,F,54,646.26,0.04,0.02,0.06,0.91,2.41,0.26,-0.22,0.69,0.0,0.0,0.0,3.39,0.09,0.91,0.2,0.26,2.41,1.81,0.85,0.06,0.0,0.0,0.28,0.02,0.44,0.11,4.5,3.87,0.13,3.33,2.18,27.22,5.33,15.78,19.39,54.54,25.96,0.72,0.54,0.0,10.74,0.81,0.0,0.0,20.75,26.97,0.0,3.34,4.26
8479368,M. Jones,EDM,F,8,454.25,0.12,0.12,0.25,1.5,2.5,0.25,0.0,0.62,0.0,0.0,0.0,2.75,0.08,1.5,0.25,0.25,2.5,1.88,1.5,0.0,0.0,0.0,0.38,0.25,0.5,0.25,2.88,7.38,0.32,3.0,1.98,30.38,4.75,16.12,25.12,56.0,28.88,0.62,0.88,0.0,9.75,1.0,0.0,0.0,19.94,20.45,0.0,3.32,3.85
8479369,A. Peeke,BOS,D,55,1177.71,0.07,0.13,0.2,1.07,1.2,1.78,-0.15,0.36,0.0,0.0,0.0,3.38,0.08,1.09,0.09,1.78,1.2,2.71,1.0,0.04,0.05,0.0,0.51,0.02,0.84,0.16,14.94,19.85,0.23,3.18,2.36,30.45,5.91,17.0,22.09,59.56,29.38,0.69,0.38,0.0,12.09,0.95,0.0,0.0,19.44,25.52,0.0,4.5,3.37
8479370,T. Jost,NSH,F,42,678.62,0.07,0.12,0.19,1.1,1.17,0.26,-0.33,0.38,0.0,0.0,0.0,2.86,0.1,1.1,0.19,0.26,1.17,2.21,1.05,0.05,0.0,0.0,0.36,0.02,0.4,0.29,5.35,8.37,0.23,3.55,2.04,29.1,5.55,12.93,21.1,52.02,27.76,0.81,0.52,0.0,11.0,1.1,0.0,0.0,20.27,25.04,0.0,4.15,5.06
8479371,D. Fabbro,CBJ,D,48,966.88,0.06,0.08,0.15,1.0,0.88,1.69,-0.27,0.33,0.0,0.0,0.0,3.08,0.07,1.0,0.06,1.69,0.88,2.46,0.92,0.0,0.08,0.0,0.38,0.06,0.88,0.25,6.36,7.02,0.18,3.33,2.25,31.33,5.9,16.54,17.58,60.02,29.79,1.02,0.52,0.0,11.02,1.19,0.0,0.0,20.61,29.8,0.0,3.97,3.3
8479372,J. Mahura,SEA,D,20,924.25,0.05,0.1,0.15,0.6,1.1,1.6,0.45,0.8,0.0,0.0,0.0,2.65,0.05,0.6,0.05,1.6,1.1,1.6,0.6,0.0,0.0,0.0,0.5,0.05,0.55,0.1,3.45,3.95,0.19,3.05,2.55,30.75,6.05,19.65,21.0,63.9,29.3,0.95,0.5,0.0,12.35,1.0,0.0,0.0,18.44,23.73,0.0,2.38,1.86
8479378,L. Stanley,WPG,D,54,993.31,0.17,0.17,0.33,1.07,1.65,1.24,-0.06,1.8,0.0,0.0,0.0,2.89,0.08,1.07,0.17,1.24,1.65,3.09,1.06,0.02,0.0,0.0,0.61,0.11,0.8,0.19,9.84,12.46,0.33,3.07,2.4,28.15,5.98,15.63,18.28,55.46,26.91,0.67,0.57,0.0,10.94,1.09,0.0,0.0,20.69,27.15,0.0,5.38,3.67
8479383,B. Katchouk,TBL,F,3,731.33,0.0,0.0,0.0,0.0,1.67,0.67,0.0,0.0,0.0,0.0,0.0,2.67,0.05,0.0,0.0,0.67,1.67,0.33,0.0,0.0,0.0,0.0,0.33,0.0,0.0,0.0,0.67,0.67,0.08,4.67,1.49,20.67,5.0,14.67,24.67,44.67,19.67,0.67,0.33,0.0,11.0,0.67,0.0,0.0,21.88,24.17,0.0,0.77,2.97
8479385,J. Kyrou,STL,F,46,968.72,0.26,0.39,0.65,2.59,0.24,0.37,-0.15,0.09,0.0,0.0,0.0,2.57,0.22,2.65,0.46,0.37,0.24,5.04,2.61,0.04,0.0,0.0,0.93,0.04,0.5,0.35,10.76,21.76,0.65,3.65,2.08,27.96,5.57,15.96,17.52,54.98,26.2,1.04,0.72,0.0,10.63,1.04,0.0,0.0,21.52,27.68,0.0,8.7,9.62
8479387,K. Middleton,COL,D,3,645.33,0.0,0.33,0.33,0.0,2.0,0.33,-0.33,1.33,0.0,0.0,0.0,3.33,0.03,0.0,0.0,0.33,2.0,1.33,0.0,0.0,0.0,0.0,0.0,0.0,0.33,0.0,0.0,0.0,0.25,4.0,1.76,26.33,6.33,11.67,23.0,47.33,25.0,1.0,0.33,0.0,11.0,0.67,0.0,0.0,21.53,22.21,0.0,2.63,1.53
8479388,R. Stillman,EDM,D,4,722.0,0.0,0.0,0.0,0.25,1.75,1.0,0.25,0.0,0.0,0.0,0.0,3.0,0.03,0.25,0.0,1.0,1.75,1.0,0.25,0.0,0.0,0.0,0.25,0.0,0.5,0.0,8.0,3.25,0.04,2.5,1.91,30.25,3.75,13.0,25.75,55.0,28.5,0.75,1.0,0.0,10.0,1.0,0.0,0.0,20.91,20.82,0.0,2.02,1.85
8479390,T. Raddysh,NYR,F,53,713.89,0.15,0.09,0.25,0.75,0.83,0.47,0.02,0.15,0.0,0.0,0.0,2.72,0.06,0.75,0.21,0.47,0.83,1.43,0.72,0.0,0.04,0.0,0.4,0.02,0.36,0.23,4.39,4.58,0.25,3.17,2.5,28.58,6.15,16.51,19.92,57.21,27.28,0.64,0.66,0.0,10.64,0.83,0.0,0.0,20.71,26.99,0.0,2.39,2.51
8479393,N. Gregor,FLA,F,24,484.67,0.04,0.08,0.12,0.83,1.12,0.29,-0.29,0.46,0.0,0.0,0.0,3.25,0.07,0.83,0.12,0.29,1.12,1.67,0.83,0.0,0.0,0.0,0.46,0.08,0.33,0.04,3.29,3.46,0.15,3.42,2.42,26.88,6.58,15.17,20.0,52.96,25.42,1.0,0.46,0.0,10.75,1.08,0.0,0.0,20.19,29.28,0.0,3.0,2.65
8479394,C. Hart,VGK,G,16,2472.38,0.0,0.0,0.0,0.0,0.0,0.0,0.0,0.0,0.0,0.0,0.0,3.38,0.0,0.0,0.0,0.0,0.0,0.0,0.0,0.0,0.0,0.0,0.0,0.0,0.0,0.0,0.0,0.0,0.27,3.5,2.52,17.44,0.0,0.0,0.0,0.0,0.0,0.0,0.0,0.0,0.0,0.0,0.0,0.0,0.0,0.0,0.0,0.0,0.0
8479395,D. Cholowski,NJD,D,15,867.73,0.0,0.07,0.07,0.67,0.2,1.0,-0.33,0.13,0.0,0.0,0.0,2.2,0.05,0.67,0.0,1.0,0.2,1.47,0.67,0.0,0.0,0.0,0.13,0.0,1.0,0.27,4.0,2.2,0.03,2.93,1.98,27.27,5.33,15.2,19.13,52.53,25.6,0.87,0.8,0.0,10.13,1.13,0.0,0.0,21.6,31.84,0.0,2.78,2.31
8479398,S. Girard,COL,D,39,1066.05,0.08,0.23,0.31,0.79,0.38,0.95,0.33,0.38,0.0,0.0,0.0,3.74,0.07,0.79,0.08,0.95,0.38,2.69,0.64,0.08,0.08,0.0,0.36,0.03,0.92,0.21,7.86,6.73,0.22,2.44,2.31,27.31,5.49,14.82,21.26,54.15,25.85,0.92,0.54,0.0,10.49,1.1,0.0,0.0,20.29,25.02,0.0,4.86,2.93
8479400,P. Dubois,WSH,F,6,932.0,0.0,0.0,0.0,1.5,1.0,0.5,0.0,0.33,0.0,0.0,0.0,1.33,0.12,1.5,0.5,0.5,1.0,3.33,1.5,0.0,0.0,0.0,0.83,0.0,0.33,0.17,6.28,12.89,0.13,2.67,2.38,28.17,4.67,15.17,23.0,56.33,26.5,1.0,0.67,0.0,10.67,1.5,0.0,0.0,19.49,28.34,0.0,5.6,5.17
8479402,J. Bean,CGY,D,16,957.25,0.06,0.06,0.12,1.0,0.19,1.81,-0.44,1.0,0.0,0.0,0.0,2.31,0.09,1.0,0.06,1.81,0.19,2.69,0.94,0.0,0.06,0.0,0.38,0.0,0.94,0.31,17.66,15.56,0.15,2.94,2.44,28.25,6.12,15.75,19.19,54.25,26.88,0.69,0.69,0.0,11.12,0.94,0.0,0.0,21.42,27.36,0.0,4.94,3.74
8479406,F. Gustavsson,MIN,G,57,2182.56,0.0,0.0,0.0,0.0,0.0,0.0,0.0,0.0,0.0,0.0,0.0,3.33,0.0,0.0,0.0,0.0,0.0,0.0,0.0,0.0,0.0,0.0,0.0,0.0,0.0,0.0,0.0,0.0,1.1,2.88,2.64,17.0,0.0,0.0,0.0,0.0,0.0,0.0,0.0,0.0,0.0,0.0,0.0,0.0,0.0,0.0,0.0,0.0,0.0
8479407,J. Bratt,NJD,F,55,1135.49,0.24,0.49,0.73,2.18,0.95,0.36,-0.29,0.18,0.0,0.0,0.0,2.64,0.21,2.24,0.6,0.36,0.95,4.33,2.13,0.09,0.02,0.0,1.04,0.02,0.95,0.33,13.53,21.52,0.62,3.07,2.18,28.2,5.53,16.11,19.71,55.35,26.82,0.76,0.62,0.0,10.84,1.05,0.0,0.0,20.59,26.74,0.0,7.53,9.38
8479410,M. Sergachev,UTA,D,56,1462.84,0.16,0.52,0.68,2.0,0.45,1.7,-0.02,0.64,0.0,0.0,0.0,3.2,0.14,2.0,0.2,1.7,0.45,4.43,1.73,0.04,0.23,0.0,0.82,0.05,1.48,0.39,16.02,15.28,0.55,2.79,1.99,25.93,4.64,15.36,21.62,52.41,24.41,1.0,0.52,0.0,10.8,1.38,0.0,0.0,20.38,27.68,0.0,8.04,6.71
8479414,N. Bastian,DAL,F,24,501.62,0.12,0.0,0.12,0.67,2.29,0.25,0.04,0.62,0.0,0.0,0.0,3.46,0.04,0.67,0.17,0.25,2.29,1.04,0.62,0.04,0.0,0.0,0.08,0.0,0.25,0.04,5.1,7.25,0.18,2.29,2.22,27.08,5.04,16.42,25.88,54.67,25.17,0.96,0.96,0.0,11.21,1.46,0.0,0.0,21.05,28.66,0.0,1.98,1.88
8479420,T. Thompson,BUF,F,55,1141.69,0.53,0.51,1.04,3.49,0.95,0.64,-0.07,0.49,0.0,0.0,0.0,3.45,0.28,3.53,0.91,0.64,0.95,6.45,3.51,0.0,0.02,0.0,1.11,0.04,0.91,0.38,12.5,24.84,0.97,3.04,2.22,30.09,5.47,16.71,22.56,59.31,28.31,0.96,0.82,0.0,11.55,1.15,0.0,0.0,20.68,26.59,0.0,10.03,11.97
8479421,J. Moverare,LAK,D,12,505.92,0.0,0.0,0.0,0.33,0.25,0.58,-0.33,0.0,0.0,0.0,0.0,2.25,0.04,0.33,0.0,0.58,0.25,1.33,0.17,0.0,0.17,0.0,0.25,0.0,0.25,0.08,6.83,8.0,0.03,3.08,2.33,26.92,6.42,14.0,20.5,52.25,25.58,0.75,0.58,0.0,9.58,1.0,0.0,0.0,24.02,34.88,0.0,2.46,1.48
8479425,F. Hronek,VAN,D,56,1474.07,0.09,0.48,0.57,1.43,1.55,1.39,0.02,0.25,0.0,0.0,0.0,2.62,0.1,1.43,0.09,1.39,1.55,3.41,1.21,0.07,0.14,0.0,0.45,0.0,1.11,0.43,11.0,13.0,0.5,3.66,2.69,30.25,7.04,15.41,18.86,58.05,28.93,0.68,0.64,0.0,12.04,1.05,0.0,0.0,18.92,28.4,0.0,5.95,3.82
8479442,T. Stecher,EDM/TOR,D,43,1158.67,0.07,0.19,0.26,1.12,0.51,1.16,0.16,0.42,0.0,0.0,0.0,3.12,0.08,1.12,0.09,1.16,0.51,2.79,1.0,0.07,0.05,0.0,0.53,0.07,1.19,0.26,13.68,15.09,0.18,3.26,2.53,31.16,6.14,16.84,18.44,61.0,29.74,0.84,0.58,0.0,10.88,0.81,0.0,0.0,21.7,31.11,0.0,4.52,3.34
8479496,D. Rittich,NYI,G,56,1477.93,0.0,0.0,0.0,0.0,0.0,0.0,0.0,0.0,0.0,0.0,0.0,2.88,0.0,0.0,0.0,0.0,0.0,0.0,0.0,0.0,0.0,0.0,0.0,0.0,0.0,0.0,0.0,0.0,1.25,2.8,2.3,10.54,0.0,0.0,0.0,0.0,0.0,0.0,0.0,0.0,0.0,0.0,0.0,0.0,0.0,0.0,0.0,0.0,0.0
8479520,B. Duhaime,WSH,F,57,660.19,0.07,0.04,0.11,0.7,1.95,0.67,-0.09,1.02,0.0,0.0,0.0,3.21,0.08,0.7,0.19,0.67,1.95,1.74,0.63,0.04,0.04,0.0,0.23,0.0,0.3,0.11,7.15,6.85,0.18,3.0,2.56,28.72,6.39,16.91,18.89,57.72,27.35,0.79,0.58,0.0,11.47,1.07,0.0,0.0,19.85,28.67,0.0,3.1,3.03
8479525,R. Colton,COL,F,51,778.18,0.14,0.29,0.43,2.37,2.1,0.41,0.27,0.18,0.0,0.0,0.0,3.9,0.15,2.39,0.33,0.41,2.1,4.24,2.22,0.14,0.04,0.0,1.1,0.06,0.8,0.25,12.43,12.65,0.47,2.41,2.36,27.08,5.59,15.29,20.24,54.27,25.61,0.94,0.53,0.0,10.61,1.18,0.0,0.0,20.82,27.63,0.0,7.28,6.06
8479533,J. Koppanen,PIT,F,10,748.0,0.0,0.1,0.1,0.6,0.9,0.4,-0.1,0.2,0.0,0.0,0.0,2.5,0.07,0.6,0.0,0.4,0.9,1.8,0.5,0.1,0.0,0.0,0.0,0.0,0.4,0.2,1.3,0.7,0.12,3.0,2.17,25.9,5.6,15.7,20.0,52.5,25.0,0.6,0.3,0.0,9.0,0.6,0.0,0.0,20.44,33.15,0.0,3.34,3.46
8479542,B. Hagel,TBL,F,48,1175.88,0.54,0.54,1.08,2.98,0.79,0.58,0.58,0.67,0.0,0.0,0.0,3.56,0.32,2.98,0.92,0.58,0.79,6.17,2.96,0.0,0.02,0.0,1.44,0.04,1.0,0.46,10.18,17.21,0.95,2.62,2.0,26.88,4.88,13.85,22.6,51.0,25.17,0.92,0.79,0.0,10.17,1.04,0.0,0.0,20.97,29.39,0.0,10.96,14.2
8479550,T. Laczynski,VGK,F,9,613.22,0.0,0.22,0.22,1.33,0.22,0.56,-0.22,0.44,0.0,0.0,0.0,3.67,0.11,1.33,0.22,0.56,0.22,2.44,1.33,0.0,0.0,0.0,0.44,0.11,0.56,0.22,6.44,7.28,0.23,3.89,2.44,26.0,6.78,15.56,22.33,54.0,24.11,1.11,0.78,0.0,11.89,1.44,0.0,0.0,21.05,33.48,0.0,4.21,4.17
8479576,V. Desharnais,SJS,D,27,1002.15,0.04,0.11,0.15,0.63,1.67,1.67,0.07,1.48,0.0,0.0,0.0,2.74,0.04,0.63,0.04,1.67,1.67,1.67,0.63,0.0,0.0,0.0,0.37,0.04,0.89,0.11,9.76,5.02,0.16,3.0,2.36,30.52,5.7,17.3,17.52,60.59,29.11,0.74,0.67,0.0,11.74,1.0,0.0,0.0,18.82,24.11,0.0,2.89,1.94
8479591,M. Eyssimont,BOS,F,43,657.93,0.14,0.21,0.35,1.91,0.77,0.28,-0.12,0.58,0.0,0.0,0.0,3.14,0.16,1.93,0.44,0.28,0.77,3.33,1.88,0.0,0.05,0.0,0.98,0.02,0.72,0.05,9.73,10.63,0.32,3.16,2.42,30.95,6.09,16.98,21.98,60.4,29.84,0.79,0.33,0.0,12.33,0.95,0.0,0.0,19.19,26.15,0.0,5.36,6.32
8479619,M. Carcone,UTA,F,54,750.96,0.2,0.19,0.39,1.94,1.7,0.24,0.07,0.37,0.0,0.0,0.0,3.24,0.18,1.94,0.39,0.24,1.7,4.0,1.93,0.02,0.0,0.0,0.85,0.06,0.63,0.2,13.1,16.77,0.41,2.81,1.99,25.96,4.69,15.11,21.69,52.11,24.43,1.0,0.54,0.0,10.85,1.39,0.0,0.0,20.44,28.06,0.0,7.45,8.4
8479638,J. Brazeau,PIT,F,40,778.9,0.35,0.28,0.62,1.75,1.32,0.57,-0.02,0.25,0.0,0.0,0.0,3.6,0.2,1.75,0.75,0.57,1.32,2.95,1.68,0.08,0.0,0.0,0.6,0.05,0.7,0.25,5.16,7.51,0.57,2.98,2.15,27.95,5.38,17.05,20.88,57.7,26.9,0.68,0.38,0.0,11.35,1.18,0.0,0.0,21.05,28.53,0.0,4.94,8.6
8479639,D. Coghlan,VGK,D,2,897.5,0.0,0.0,0.0,0.5,2.0,2.0,-0.5,1.0,0.0,0.0,0.0,4.0,0.04,0.5,0.0,2.0,2.0,2.0,0.5,0.0,0.0,0.0,1.0,0.0,1.0,0.0,4.5,12.0,0.04,3.5,2.92,27.0,8.0,18.0,23.5,57.5,26.0,1.0,0.0,0.0,9.0,1.5,0.0,0.0,18.28,15.02,0.0,3.45,1.35
8479644,M. Luff,STL,F,5,548.0,0.2,0.0,0.2,1.0,1.6,0.8,-0.4,0.0,0.0,0.0,0.0,2.4,0.06,1.0,0.6,0.8,1.6,1.2,0.8,0.2,0.0,0.0,0.2,0.2,0.0,0.4,6.6,1.5,0.35,3.4,2.29,28.6,6.0,14.6,19.2,54.2,27.6,0.8,0.2,0.0,10.8,2.0,0.0,0.0,21.93,30.86,0.0,2.16,2.18
8479661,T. Jeannot,BOS,F,52,798.29,0.12,0.27,0.38,1.17,3.08,0.79,0.04,0.9,0.0,0.0,0.0,3.46,0.14,1.17,0.27,0.79,3.08,2.6,1.15,0.0,0.02,0.0,0.56,0.06,0.69,0.06,8.23,10.93,0.38,3.21,2.33,30.27,5.81,17.02,22.12,59.69,29.23,0.65,0.38,0.0,12.04,0.94,0.0,0.0,19.65,25.42,0.0,4.15,5.63
8479671,M. Olivier,CBJ,F,41,870.05,0.15,0.22,0.37,1.29,3.71,0.73,0.15,1.51,0.0,0.0,0.0,3.24,0.15,1.29,0.29,0.73,3.71,2.9,1.12,0.15,0.02,0.0,0.66,0.02,0.39,0.2,9.9,11.5,0.45,3.12,2.19,31.2,5.56,16.54,16.95,59.95,29.85,0.88,0.46,0.0,10.29,0.95,0.0,0.0,20.84,29.68,0.0,4.6,6.44
8479675,T. Moore,LAK,F,42,953.71,0.14,0.19,0.33,1.83,0.71,0.52,-0.05,0.14,0.0,0.0,0.0,2.62,0.13,1.95,0.31,0.52,0.71,3.67,1.86,0.05,0.05,0.0,0.79,0.07,0.76,0.4,9.08,21.53,0.35,2.67,2.31,27.69,5.71,15.14,19.67,54.26,25.88,1.26,0.55,0.0,10.38,1.07,0.0,0.0,21.41,33.32,0.0,6.44,5.55
8479705,J. Viel,BOS/ANA,F,18,668.78,0.11,0.06,0.17,1.39,3.0,0.5,-0.06,2.06,0.0,0.0,0.0,3.56,0.16,1.39,0.33,0.5,3.0,3.17,1.28,0.06,0.06,0.0,0.94,0.06,0.28,0.17,8.14,9.73,0.3,3.5,2.28,29.22,6.0,16.94,21.5,58.67,27.78,0.94,0.5,0.0,11.83,0.89,0.0,0.0,20.12,27.51,0.0,5.17,6.33
8479718,A. Barré-Boulet,COL,F,1,226.0,0.0,1.0,1.0,0.0,2.0,0.0,0.0,0.0,0.0,0.0,0.0,5.0,0.05,0.0,0.0,0.0,2.0,1.0,0.0,0.0,0.0,0.0,0.0,0.0,0.0,0.0,0.0,0.0,0.75,2.0,2.8,24.0,8.0,12.0,14.0,54.0,24.0,0.0,0.0,0.0,7.0,1.0,0.0,0.0,20.07,21.0,0.0,1.8,1.8
8479772,Z. MacEwen,NJD,F,3,380.0,0.0,0.0,0.0,1.33,2.0,0.33,0.0,0.0,0.0,0.0,0.0,3.67,0.13,1.33,0.33,0.33,2.0,2.33,1.0,0.33,0.0,0.0,0.0,0.0,0.67,0.33,19.0,2.33,0.1,3.0,1.93,20.33,5.33,16.0,23.33,42.33,19.0,1.0,0.33,0.0,7.0,1.33,0.0,0.0,18.09,26.65,0.0,5.2,7.1
8479941,J. Danforth,BUF,F,4,702.25,0.0,0.0,0.0,0.5,0.75,1.0,-0.5,0.5,0.0,0.0,0.0,2.5,0.05,0.5,0.25,1.0,0.75,1.5,0.25,0.25,0.0,0.0,0.0,0.0,0.75,0.0,7.0,4.75,-0.0,3.5,2.48,34.5,5.75,17.0,23.5,63.25,31.75,0.75,2.0,0.0,10.25,0.75,0.0,0.0,21.23,28.42,0.0,2.48,2.55
8479944,Z. Aston-Reese,CBJ,F,26,576.69,0.04,0.15,0.19,0.65,2.73,0.65,-0.04,0.46,0.0,0.0,0.0,2.88,0.06,0.65,0.15,0.65,2.73,1.27,0.65,0.0,0.0,0.0,0.27,0.0,0.38,0.08,3.12,1.83,0.24,3.54,2.24,31.08,6.19,15.23,17.58,58.5,29.58,1.0,0.5,0.0,10.62,1.12,0.0,0.0,20.59,30.5,0.0,2.12,2.8
8479973,S. Skinner,EDM/PIT,G,54,2252.07,0.0,0.0,0.0,0.0,0.0,0.0,0.0,0.0,0.0,0.0,0.0,3.46,0.0,0.0,0.0,0.0,0.0,0.0,0.0,0.0,0.0,0.0,0.0,0.0,0.0,0.0,0.0,0.0,0.46,3.2,2.17,15.87,0.0,0.0,0.0,0.0,0.0,0.0,0.0,0.0,0.0,0.0,0.0,0.0,0.0,0.0,0.0,0.0,0.0
8479977,K. Yamamoto,UTA,F,34,697.59,0.26,0.24,0.5,0.97,0.56,0.29,0.35,0.29,0.0,0.0,0.0,2.94,0.08,0.97,0.41,0.29,0.56,1.38,0.97,0.0,0.0,0.0,0.18,0.0,0.35,0.18,3.96,3.25,0.43,2.71,2.06,25.59,4.65,15.09,21.47,52.32,24.21,0.97,0.41,0.0,10.88,1.41,0.0,0.0,20.52,27.41,0.0,2.67,3.5
8479979,J. Oettinger,DAL,G,56,2287.68,0.0,0.0,0.0,0.0,0.0,0.0,0.0,0.0,0.0,0.0,0.0,3.36,0.0,0.0,0.0,0.0,0.0,0.0,0.0,0.0,0.0,0.0,0.0,0.0,0.0,0.0,0.0,0.0,0.59,2.79,2.3,17.02,0.0,0.0,0.0,0.0,0.0,0.0,0.0,0.0,0.0,0.0,0.0,0.0,0.0,0.0,0.0,0.0,0.0
8479980,N. Hague,NSH,D,41,1159.95,0.05,0.22,0.27,0.78,1.32,0.9,-0.27,0.83,0.0,0.0,0.0,3.0,0.07,0.78,0.05,0.9,1.32,2.22,0.68,0.05,0.05,0.0,0.41,0.0,0.76,0.27,9.54,8.72,0.24,3.44,2.04,29.22,5.54,12.98,19.34,52.12,28.0,0.66,0.56,0.0,10.54,1.07,0.0,0.0,20.3,25.66,0.0,4.35,3.45
8479981,J. Gadjovich,FLA,F,10,476.6,0.0,0.3,0.3,0.8,3.0,0.3,0.2,0.7,0.0,0.0,0.0,2.5,0.06,0.8,0.0,0.3,3.0,1.3,0.8,0.0,0.0,0.0,0.3,0.1,0.3,0.3,6.8,9.8,0.34,2.8,2.2,24.3,5.5,14.5,20.5,50.7,22.7,0.9,0.7,0.0,9.3,1.3,0.0,0.0,21.43,28.12,0.0,2.53,2.25
8479982,C. Timmins,BUF,D,33,1154.18,0.0,0.18,0.18,1.0,0.76,2.12,-0.33,0.48,0.0,0.0,0.0,3.12,0.09,1.0,0.0,2.12,0.76,2.73,0.97,0.0,0.03,0.0,0.39,0.06,1.21,0.24,11.17,17.49,0.17,3.39,2.19,29.85,5.7,16.91,21.06,58.79,27.97,1.03,0.85,0.0,10.91,1.15,0.0,0.0,21.97,28.55,0.0,4.75,4.19
8479983,M. Ferraro,SJS,D,54,1253.2,0.07,0.15,0.22,1.2,1.69,1.91,-0.04,0.37,0.0,0.0,0.0,3.13,0.07,1.2,0.07,1.91,1.69,2.56,1.06,0.07,0.07,0.0,0.46,0.0,1.11,0.39,11.78,9.28,0.26,3.5,2.24,30.59,5.85,16.89,17.0,59.11,29.17,0.74,0.69,0.0,11.61,1.13,0.0,0.0,19.15,24.81,0.0,4.29,3.29
8479985,C. Fleury,SEA,D,16,1055.44,0.06,0.06,0.12,1.25,1.94,1.19,0.12,0.31,0.0,0.0,0.0,3.19,0.07,1.25,0.06,1.19,1.94,2.69,1.25,0.0,0.0,0.0,0.44,0.12,0.88,0.25,16.52,21.75,0.19,2.62,2.32,30.69,5.0,18.25,23.12,63.0,29.38,0.81,0.5,0.0,12.88,1.38,0.0,0.0,20.6,28.72,0.0,4.04,3.06
8479987,M. Geekie,BOS,F,55,1039.76,0.58,0.38,0.96,2.31,1.58,0.36,0.02,0.29,0.0,0.0,0.0,3.45,0.19,2.35,0.87,0.36,1.58,3.98,2.33,0.02,0.0,0.0,0.98,0.13,0.87,0.27,9.93,16.32,0.83,3.22,2.34,30.4,5.82,16.91,22.2,59.44,29.31,0.69,0.4,0.0,12.04,0.93,0.0,0.0,19.6,25.7,0.0,6.48,7.86
8479992,M. Rasmussen,DET,F,52,766.71,0.12,0.15,0.27,1.12,1.02,0.85,-0.08,0.15,0.0,0.0,0.0,3.0,0.1,1.12,0.29,0.85,1.02,2.33,1.06,0.04,0.02,0.0,0.44,0.04,0.52,0.17,2.92,4.33,0.29,2.87,2.54,28.12,5.67,18.21,21.27,58.98,26.69,0.75,0.67,0.0,11.5,0.83,0.0,0.0,19.26,25.99,0.0,3.78,3.7
8479996,C. Glass,NJD,F,43,818.23,0.3,0.14,0.44,1.74,0.7,0.58,0.07,0.53,0.0,0.0,0.0,2.63,0.15,1.74,0.7,0.58,0.7,2.65,1.7,0.02,0.02,0.0,0.63,0.0,0.51,0.05,6.26,8.68,0.43,3.02,2.12,27.7,5.33,15.47,20.07,53.93,26.23,0.79,0.67,0.0,10.4,0.98,0.0,0.0,20.76,28.01,0.0,4.99,6.87
8479998,M. Anderson,LAK,D,54,1200.54,0.04,0.13,0.17,0.83,1.09,1.43,0.07,0.26,0.0,0.0,0.0,2.65,0.06,0.83,0.09,1.43,1.09,2.13,0.8,0.04,0.0,0.0,0.37,0.04,0.74,0.17,10.23,8.19,0.19,2.83,2.39,27.81,6.19,15.17,19.89,54.26,26.2,1.11,0.5,0.0,10.41,1.13,0.0,0.0,21.04,33.04,0.0,3.95,2.75
8479999,C. Mittelstadt,BOS,F,46,898.02,0.24,0.35,0.59,1.13,0.26,0.33,0.02,0.09,0.0,0.0,0.0,3.54,0.12,1.17,0.41,0.33,0.26,1.96,1.13,0.02,0.02,0.0,0.48,0.0,1.15,0.15,9.46,19.97,0.37,3.24,2.28,30.09,5.76,16.7,22.17,58.57,29.02,0.7,0.37,0.0,12.04,0.91,0.0,0.0,19.52,25.97,0.0,3.28,5.21
8480001,U. Vaakanainen,NYR,D,26,826.42,0.0,0.15,0.15,0.77,0.35,0.77,-0.08,0.54,0.0,0.0,0.0,2.92,0.05,0.77,0.0,0.77,0.35,2.15,0.73,0.0,0.04,0.0,0.5,0.04,0.58,0.19,12.71,12.17,0.14,2.69,2.39,27.0,5.58,15.46,19.96,54.69,25.81,0.58,0.62,0.0,10.31,0.85,0.0,0.0,21.26,30.39,0.0,3.91,2.32
8480002,N. Hischier,NJD,F,55,1254.8,0.33,0.42,0.75,2.62,0.75,0.84,-0.13,0.38,0.0,0.0,0.0,2.64,0.25,2.62,0.75,0.84,0.75,4.75,2.6,0.02,0.0,0.0,1.0,0.02,0.87,0.38,12.54,20.44,0.7,3.07,2.18,28.2,5.53,16.11,19.71,55.35,26.82,0.76,0.62,0.0,10.84,1.05,0.0,0.0,20.59,26.74,0.0,8.45,11.28
8480003,J. Boqvist,FLA,F,50,651.5,0.06,0.08,0.14,0.82,1.96,0.48,-0.12,0.28,0.0,0.0,0.0,3.0,0.07,0.82,0.2,0.48,1.96,1.56,0.76,0.06,0.0,0.0,0.44,0.04,0.64,0.08,2.29,1.83,0.15,3.34,2.35,26.22,6.42,13.86,20.72,51.58,24.48,1.02,0.72,0.0,10.36,1.26,0.0,0.0,20.56,28.11,0.0,3.05,2.94
8480007,J. Rondbjerg,VGK,F,4,724.75,0.0,0.25,0.25,1.5,0.0,0.0,-0.5,0.0,0.0,0.0,0.0,3.0,0.11,1.5,0.0,0.0,0.0,3.0,1.5,0.0,0.0,0.0,0.5,0.0,0.0,0.25,3.25,6.25,0.31,4.25,2.37,24.5,6.25,14.5,26.5,51.5,22.5,1.75,0.25,0.0,13.5,1.25,0.0,0.0,21.06,29.05,0.0,5.85,4.82
8480009,E. Tolvanen,SEA,F,53,979.89,0.21,0.38,0.58,1.81,2.55,1.09,-0.17,0.34,0.0,0.0,0.0,2.81,0.17,1.83,0.43,1.09,2.55,3.83,1.7,0.08,0.06,0.0,0.7,0.02,0.68,0.19,8.34,9.63,0.59,2.92,2.4,29.4,5.47,17.92,20.26,60.91,28.08,0.75,0.57,0.0,12.53,1.3,0.0,0.0,20.09,28.33,0.0,6.11,6.98
8480012,E. Pettersson,VAN,F,48,1175.38,0.27,0.44,0.71,1.83,0.92,1.69,-0.31,0.29,0.0,0.0,0.0,2.6,0.15,1.9,0.35,1.69,0.92,4.0,1.88,0.02,0.0,0.0,0.6,0.02,0.94,0.48,12.54,27.06,0.66,3.85,2.73,30.6,7.29,15.65,18.9,58.65,29.31,0.65,0.65,0.0,12.23,1.08,0.0,0.0,19.13,28.6,0.0,6.67,5.83
8480014,G. Vilardi,WPG,F,55,1117.42,0.38,0.51,0.89,1.98,0.25,0.4,0.0,0.25,0.0,0.0,0.0,2.89,0.19,2.0,0.73,0.4,0.25,3.64,1.98,0.02,0.0,0.0,0.62,0.02,0.78,0.18,8.27,18.52,0.72,3.09,2.4,28.2,5.96,15.71,18.44,55.58,26.95,0.67,0.58,0.0,11.04,1.07,0.0,0.0,20.74,27.14,0.0,6.1,7.83
8480015,O. Tippett,PHI,F,54,986.87,0.33,0.3,0.63,2.65,1.83,0.5,-0.11,0.48,0.0,0.0,0.0,3.0,0.17,2.67,0.52,0.5,1.83,4.91,2.54,0.07,0.06,0.0,1.06,0.15,0.98,0.28,10.93,16.62,0.61,3.26,2.37,25.93,5.67,16.24,20.7,54.3,24.74,0.65,0.54,0.0,11.15,1.24,0.0,0.0,21.66,29.15,0.0,8.42,6.77
8480018,N. Suzuki,MTL,F,56,1247.11,0.32,0.84,1.16,2.11,0.79,0.84,0.45,0.18,0.0,0.0,0.0,3.46,0.18,2.16,0.46,0.84,0.79,4.45,2.09,0.04,0.04,0.0,1.0,0.05,0.88,0.34,13.78,25.96,0.95,3.32,2.49,27.41,6.05,17.93,21.45,56.3,26.0,0.8,0.61,0.0,11.8,0.93,0.0,0.0,20.15,28.31,0.0,7.39,7.07
8480021,J. Studnicka,FLA,F,18,424.28,0.0,0.0,0.0,0.89,1.06,0.33,-0.33,0.22,0.0,0.0,0.0,3.11,0.05,0.89,0.0,0.33,1.06,1.61,0.78,0.11,0.0,0.0,0.5,0.0,0.17,0.11,3.67,2.22,0.1,3.28,2.27,26.06,6.28,12.33,20.61,51.39,24.22,1.11,0.72,0.0,9.83,1.44,0.0,0.0,20.16,25.58,0.0,2.98,2.02
8480023,R. Thomas,STL,F,42,1137.62,0.26,0.52,0.79,1.43,0.17,0.55,-0.07,0.29,0.0,0.0,0.0,2.48,0.13,1.45,0.4,0.55,0.17,2.67,1.31,0.12,0.02,0.0,0.55,0.0,1.38,0.52,4.64,8.93,0.55,3.4,2.16,28.5,5.79,16.29,18.5,55.36,26.83,1.1,0.57,0.0,11.29,1.14,0.0,0.0,21.21,27.56,0.0,4.6,5.78
8480027,J. Robertson,DAL,F,56,1192.79,0.55,0.59,1.14,3.55,0.68,0.39,0.32,0.36,0.0,0.0,0.0,3.36,0.28,3.66,1.05,0.39,0.68,6.29,3.57,0.09,0.0,0.0,1.32,0.05,1.38,0.3,12.39,24.24,0.95,2.79,2.3,27.39,5.79,16.54,25.07,55.14,25.86,0.82,0.71,0.0,11.36,1.07,0.0,0.0,20.7,29.73,0.0,10.36,10.85
8480028,M. Frost,CGY,F,55,921.62,0.22,0.27,0.49,1.75,0.64,0.45,-0.27,0.36,0.0,0.0,0.0,2.51,0.14,1.82,0.49,0.45,0.64,3.11,1.76,0.04,0.02,0.0,0.51,0.0,0.6,0.24,8.21,13.49,0.46,3.02,2.53,29.02,6.02,16.11,19.33,56.56,27.16,1.11,0.75,0.0,11.65,1.0,0.0,0.0,20.31,25.06,0.0,5.34,5.33
8480035,H. Jokiharju,BOS,D,33,1077.82,0.0,0.27,0.27,0.91,0.58,0.79,0.09,0.36,0.0,0.0,0.0,3.36,0.07,0.91,0.0,0.79,0.58,2.73,0.88,0.0,0.03,0.0,0.42,0.03,1.24,0.15,14.52,8.67,0.14,3.03,2.37,29.97,5.88,17.3,21.82,60.18,29.0,0.52,0.45,0.0,12.45,1.09,0.0,0.0,19.71,24.87,0.0,4.49,3.02
8480036,M. Heiskanen,DAL,D,54,1559.5,0.13,0.69,0.81,2.02,0.3,1.83,0.11,0.3,0.0,0.0,0.0,3.44,0.14,2.02,0.17,1.83,0.3,4.43,1.83,0.0,0.19,0.0,0.76,0.0,1.22,0.59,10.59,16.53,0.7,2.8,2.28,27.44,5.72,16.33,25.13,54.78,25.91,0.83,0.7,0.0,11.22,1.11,0.0,0.0,20.75,30.15,0.0,7.8,5.87
8480039,M. Necas,COL,F,52,1258.73,0.42,0.77,1.19,2.38,1.1,0.37,0.67,0.5,0.0,0.0,0.0,3.9,0.2,2.46,0.67,0.37,1.1,4.83,2.38,0.02,0.06,0.0,0.87,0.02,1.67,0.29,14.7,30.24,0.86,2.58,2.36,27.0,5.71,15.04,20.56,53.65,25.5,0.98,0.52,0.0,10.69,1.19,0.0,0.0,20.56,27.21,0.0,8.58,8.04
8480043,T. Liljegren,SJS,D,41,1214.8,0.0,0.24,0.24,0.78,0.85,1.98,-0.17,0.66,0.0,0.0,0.0,3.17,0.07,0.78,0.05,1.98,0.85,2.32,0.76,0.0,0.02,0.0,0.49,0.05,1.07,0.12,9.73,11.21,0.2,3.41,2.25,30.46,5.78,17.68,17.2,60.02,29.17,0.61,0.68,0.0,11.98,0.98,0.0,0.0,19.53,25.88,0.0,4.06,3.24
8480045,U. Luukkonen,BUF,G,40,1780.45,0.0,0.0,0.0,0.0,0.0,0.0,0.0,0.0,0.0,0.0,0.0,3.55,0.0,0.0,0.0,0.0,0.0,0.0,0.0,0.0,0.0,0.0,0.0,0.0,0.0,0.0,0.0,0.0,0.78,3.05,2.13,13.85,0.0,0.0,0.0,0.0,0.0,0.0,0.0,0.0,0.0,0.0,0.0,0.0,0.0,0.0,0.0,0.0,0.0
8480049,D. Samberg,WPG,D,39,1276.77,0.0,0.23,0.23,1.23,0.87,1.62,0.0,0.21,0.0,0.0,0.0,2.74,0.1,1.23,0.0,1.62,0.87,3.23,1.15,0.0,0.08,0.0,0.49,0.13,0.97,0.41,14.07,16.94,0.25,3.28,2.29,27.59,6.0,14.67,18.77,53.21,26.13,0.77,0.69,0.0,10.72,1.13,0.0,0.0,20.05,27.61,0.0,5.91,4.28
8480051,C. Primeau,TOR,G,14,777.71,0.0,0.0,0.0,0.0,0.0,0.0,0.0,0.0,0.0,0.0,0.0,3.71,0.0,0.0,0.0,0.0,0.0,0.0,0.0,0.0,0.0,0.0,0.0,0.0,0.0,0.0,0.0,0.0,1.55,3.57,2.48,5.71,0.0,0.0,0.0,0.0,0.0,0.0,0.0,0.0,0.0,0.0,0.0,0.0,0.0,0.0,0.0,0.0,0.0
8480058,P. Joseph,VAN,D,20,798.8,0.0,0.15,0.15,0.75,0.4,0.95,-0.55,0.1,0.0,0.0,0.0,2.15,0.05,0.75,0.05,0.95,0.4,1.8,0.75,0.0,0.0,0.0,0.25,0.0,0.65,0.25,3.15,6.4,0.15,3.65,2.54,30.7,6.7,16.65,19.2,59.6,29.5,0.45,0.75,0.0,12.95,0.85,0.0,0.0,19.62,31.1,0.0,2.86,1.9
8480064,J. Norris,BUF,F,19,957.32,0.32,0.58,0.89,1.42,0.32,0.58,0.0,0.32,0.0,0.0,0.0,3.42,0.17,1.47,0.53,0.58,0.32,3.0,1.47,0.0,0.0,0.0,0.47,0.0,0.47,0.16,13.66,34.39,0.73,2.79,2.14,28.84,5.0,15.42,24.05,57.05,27.21,0.63,1.0,0.0,10.58,0.95,0.0,0.0,18.81,23.17,0.0,4.96,7.17
8480068,R. Poehling,ANA,F,48,855.15,0.1,0.33,0.44,1.04,0.48,1.17,0.15,0.17,0.0,0.0,0.0,3.35,0.1,1.04,0.15,1.17,0.48,2.12,0.94,0.08,0.02,0.0,0.5,0.02,0.67,0.21,5.92,9.97,0.38,3.52,2.27,29.1,5.88,16.58,18.25,57.44,27.56,0.62,0.92,0.0,11.75,1.17,0.0,0.0,20.31,25.87,0.0,3.7,4.42
8480069,C. Makar,COL,D,54,1505.11,0.28,0.76,1.04,2.74,0.5,1.67,0.5,0.37,0.0,0.0,0.0,3.85,0.23,2.76,0.39,1.67,0.5,7.17,2.67,0.0,0.09,0.0,0.98,0.06,1.07,0.59,16.66,19.51,0.94,2.52,2.34,26.98,5.67,15.06,20.59,53.78,25.5,0.94,0.54,0.0,10.67,1.17,0.0,0.0,20.69,27.24,0.0,11.99,9.11
8480074,A. Texier,STL/MTL,F,38,830.05,0.18,0.29,0.47,1.53,1.05,0.34,0.24,0.26,0.0,0.0,0.0,3.39,0.11,1.61,0.29,0.34,1.05,2.87,1.47,0.08,0.05,0.0,0.5,0.03,0.45,0.13,7.9,18.57,0.44,3.16,2.45,27.53,5.89,17.26,20.66,55.66,26.13,0.76,0.63,0.0,11.58,1.11,0.0,0.0,19.25,27.67,0.0,5.12,4.57
8480078,F. Chytil,VAN,F,12,900.33,0.25,0.0,0.25,2.0,0.33,0.33,-0.58,0.5,0.0,0.0,0.0,2.83,0.19,2.0,0.58,0.33,0.33,3.33,2.0,0.0,0.0,0.0,0.5,0.0,1.0,0.33,8.24,8.06,0.25,3.25,2.73,30.67,6.67,17.0,21.58,61.42,29.08,1.0,0.58,0.0,10.92,1.25,0.0,0.0,21.3,30.39,0.0,5.23,7.0
8480084,N. DeSimone,UTA,D,31,849.1,0.06,0.1,0.16,0.97,0.48,0.58,0.1,0.19,0.0,0.0,0.0,3.13,0.07,0.97,0.13,0.58,0.48,2.1,0.97,0.0,0.0,0.0,0.48,0.03,0.74,0.1,10.17,11.81,0.13,2.52,2.06,26.23,4.48,14.94,21.74,53.03,24.65,1.03,0.55,0.0,11.03,1.32,0.0,0.0,19.52,26.64,0.0,3.99,3.42
8480113,A. Iafallo,WPG,F,55,915.09,0.16,0.2,0.36,1.29,1.35,0.73,0.04,0.22,0.0,0.0,0.0,2.89,0.1,1.29,0.29,0.73,1.35,2.36,1.18,0.05,0.05,0.0,0.42,0.04,0.35,0.15,5.86,4.92,0.39,3.09,2.4,28.2,5.96,15.71,18.44,55.58,26.95,0.67,0.58,0.0,11.04,1.07,0.0,0.0,20.74,27.14,0.0,4.05,3.95
8480144,D. Kampf,VAN,F,33,914.21,0.06,0.12,0.18,1.03,1.12,0.55,-0.27,0.24,0.0,0.0,0.0,2.36,0.09,1.03,0.27,0.55,1.12,1.88,0.94,0.06,0.03,0.0,0.3,0.0,0.48,0.18,4.17,6.67,0.21,3.82,2.61,29.64,6.79,13.82,18.0,55.7,28.24,0.61,0.79,0.0,11.79,1.09,0.0,0.0,18.26,27.2,0.0,3.41,3.28
8480145,N. Pionk,WPG,D,40,1367.4,0.05,0.15,0.2,1.9,2.1,1.6,-0.02,0.48,0.0,0.0,0.0,3.0,0.11,1.9,0.08,1.6,2.1,4.3,1.75,0.12,0.02,0.0,0.82,0.0,1.18,0.28,9.16,11.69,0.27,3.12,2.41,27.75,6.08,15.5,18.2,54.85,26.62,0.7,0.42,0.0,10.95,1.0,0.0,0.0,20.57,26.74,0.0,7.19,4.54
8480185,E. Luostarinen,FLA,F,47,1008.26,0.13,0.36,0.49,1.57,2.02,0.81,0.04,0.34,0.0,0.0,0.0,3.0,0.12,1.57,0.4,0.81,2.02,2.79,1.47,0.04,0.06,0.0,0.51,0.0,0.62,0.38,7.09,11.04,0.5,3.23,2.2,25.43,5.94,13.38,20.66,49.96,23.62,1.0,0.81,0.0,9.87,1.32,0.0,0.0,21.19,28.61,0.0,5.29,5.33
8480188,F. Zetterlund,OTT,F,55,828.35,0.22,0.18,0.4,1.69,1.87,0.44,-0.13,0.25,0.0,0.0,0.0,3.38,0.18,1.69,0.47,0.44,1.87,3.55,1.65,0.04,0.0,0.0,0.85,0.02,0.47,0.22,5.06,6.7,0.44,3.25,1.88,24.84,5.0,14.93,23.16,48.56,23.62,0.56,0.65,0.0,10.36,0.85,0.0,0.0,19.84,28.25,0.0,6.86,8.72
8480191,M. Villalta,UTA,G,1,0.0,0.0,0.0,0.0,0.0,0.0,0.0,0.0,0.0,0.0,0.0,0.0,3.0,0.0,0.0,0.0,0.0,0.0,0.0,0.0,0.0,0.0,0.0,0.0,0.0,0.0,0.0,0.0,0.0,1.59,4.0,1.59,0.0,0.0,0.0,0.0,0.0,0.0,0.0,0.0,0.0,0.0,0.0,0.0,0.0,0.0,0.0,0.0,0.0,0.0
8480192,J. Kovacevic,NJD,D,9,1015.33,0.0,0.22,0.22,1.11,1.78,1.22,-0.33,1.0,0.0,0.0,0.0,2.78,0.05,1.11,0.0,1.22,1.78,2.11,1.11,0.0,0.0,0.0,0.56,0.0,1.0,0.11,6.17,6.44,0.21,3.22,2.17,26.22,5.67,14.56,19.0,53.11,25.22,0.56,0.44,0.0,10.11,0.89,0.0,0.0,23.21,24.7,0.0,4.0,2.42
8480193,D. Tarasov,FLA,G,55,1151.27,0.0,0.0,0.0,0.0,0.0,0.0,0.0,0.0,0.0,0.0,0.0,3.05,0.0,0.0,0.0,0.0,0.0,0.0,0.0,0.0,0.0,0.0,0.0,0.0,0.0,0.0,0.0,0.0,1.44,3.29,2.3,8.93,0.0,0.0,0.0,0.0,0.0,0.0,0.0,0.0,0.0,0.0,0.0,0.0,0.0,0.0,0.0,0.0,0.0
8480196,J. Bryson,BUF,D,33,610.73,0.06,0.09,0.15,0.33,0.27,0.61,0.0,0.24,0.0,0.0,0.0,3.36,0.04,0.33,0.06,0.61,0.27,1.09,0.33,0.0,0.0,0.0,0.15,0.03,0.3,0.06,3.15,3.82,0.13,3.21,2.16,30.24,5.36,16.45,22.73,59.52,28.42,1.0,0.82,0.0,11.3,1.06,0.0,0.0,20.72,27.0,0.0,2.01,2.01
8480208,D. Batherson,OTT,F,52,1068.06,0.37,0.56,0.92,2.08,1.46,0.31,-0.04,0.4,0.0,0.0,0.0,3.42,0.22,2.12,0.75,0.31,1.46,4.08,2.1,0.02,0.0,0.0,1.08,0.0,0.73,0.35,10.93,22.24,0.8,3.17,1.89,24.77,4.94,14.87,22.81,48.58,23.54,0.56,0.67,0.0,10.38,0.87,0.0,0.0,19.55,27.27,0.0,7.85,10.38
8480220,N. Cates,PHI,F,54,979.63,0.19,0.3,0.48,1.57,1.17,0.7,0.28,0.61,0.0,0.0,0.0,3.0,0.13,1.57,0.43,0.7,1.17,2.72,1.48,0.06,0.04,0.0,0.41,0.0,0.48,0.28,6.02,10.59,0.48,3.26,2.37,25.93,5.67,16.24,20.7,54.3,24.74,0.65,0.54,0.0,11.15,1.24,0.0,0.0,21.66,29.15,0.0,4.89,5.19
8480238,J. Patera,VAN,G,13,262.23,0.0,0.0,0.0,0.0,0.0,0.0,0.0,0.0,0.0,0.0,0.0,3.46,0.0,0.0,0.0,0.0,0.0,0.0,0.0,0.0,0.0,0.0,0.0,0.0,0.0,0.0,0.0,0.0,2.3,4.08,2.84,3.08,0.0,0.0,0.0,0.0,0.0,0.0,0.0,0.0,0.0,0.0,0.0,0.0,0.0,0.0,0.0,0.0,0.0
8480245,O. Lycksell,OTT,F,7,592.57,0.14,0.14,0.29,1.0,0.57,0.57,-0.29,0.0,0.0,0.0,0.0,3.0,0.03,1.0,0.14,0.57,0.57,1.29,0.86,0.14,0.0,0.0,0.43,0.0,0.14,0.14,0.29,2.14,0.32,4.14,1.7,24.71,5.29,14.57,24.29,45.14,24.29,0.14,0.29,0.0,9.29,1.0,0.0,0.0,19.76,33.39,0.0,2.84,2.04
8480246,N. Perbix,NSH,D,52,1163.6,0.06,0.1,0.15,1.02,0.46,1.04,-0.27,0.27,0.0,0.0,0.0,2.92,0.09,1.02,0.12,1.04,0.46,2.46,0.92,0.02,0.08,0.0,0.46,0.0,1.1,0.23,10.59,11.44,0.11,3.46,2.04,29.19,5.44,13.02,20.04,52.15,28.02,0.73,0.44,0.0,10.81,1.08,0.0,0.0,20.63,25.98,0.0,4.68,4.51
8480259,B. Jones,MIN,F,26,516.46,0.04,0.04,0.08,0.96,2.04,0.42,-0.38,0.0,0.0,0.0,0.0,3.54,0.06,0.96,0.08,0.42,2.04,1.73,0.96,0.0,0.0,0.0,0.46,0.12,0.31,0.04,4.88,6.65,0.16,2.65,2.64,30.31,5.92,17.65,18.54,61.19,29.08,0.69,0.54,0.0,12.27,1.0,0.0,0.0,20.28,24.97,0.0,2.84,2.33
8480280,J. Swayman,BOS,G,56,2402.82,0.0,0.0,0.0,0.0,0.0,0.0,0.0,0.0,0.0,0.0,0.0,3.41,0.0,0.0,0.0,0.0,0.0,0.0,0.0,0.0,0.0,0.0,0.0,0.0,0.0,0.0,0.0,0.0,0.42,3.16,2.34,19.96,0.0,0.0,0.0,0.0,0.0,0.0,0.0,0.0,0.0,0.0,0.0,0.0,0.0,0.0,0.0,0.0,0.0
8480281,A. Toropchenko,STL,F,40,730.85,0.05,0.1,0.15,0.98,2.22,0.95,-0.25,0.6,0.0,0.0,0.0,2.42,0.08,0.98,0.2,0.95,2.22,1.78,0.92,0.02,0.02,0.0,0.32,0.0,0.48,0.15,4.58,6.96,0.23,3.42,2.07,27.55,5.22,16.4,16.8,55.72,25.72,1.15,0.68,0.0,10.45,1.12,0.0,0.0,21.72,30.41,0.0,3.11,3.85
8480289,M. Barron,WPG,F,46,758.3,0.15,0.22,0.37,1.57,2.26,0.52,0.11,0.52,0.0,0.0,0.0,2.85,0.12,1.57,0.33,0.52,2.26,2.7,1.41,0.11,0.04,0.0,0.65,0.07,0.54,0.33,2.6,3.8,0.42,3.09,2.36,28.48,6.09,15.33,18.54,54.8,27.17,0.7,0.61,0.0,10.76,1.17,0.0,0.0,21.05,26.61,0.0,4.91,5.01
8480313,L. Thompson,WSH,G,54,2494.56,0.0,0.0,0.0,0.0,0.0,0.0,0.0,0.0,0.0,0.0,0.0,3.17,0.0,0.0,0.0,0.0,0.0,0.0,0.0,0.0,0.0,0.0,0.0,0.0,0.0,0.0,0.0,0.0,0.87,3.04,2.58,19.28,0.0,0.0,0.0,0.0,0.0,0.0,0.0,0.0,0.0,0.0,0.0,0.0,0.0,0.0,0.0,0.0,0.0
8480336,S. Walker,CAR,D,55,1335.07,0.07,0.18,0.25,2.18,1.67,1.53,-0.11,0.85,0.0,0.0,0.0,3.47,0.18,2.18,0.11,1.53,1.67,5.8,2.09,0.07,0.02,0.0,1.04,0.05,1.13,0.4,15.15,15.17,0.34,2.91,2.17,24.91,6.02,11.84,24.07,46.29,23.36,0.89,0.65,0.0,9.64,1.31,0.0,0.0,19.88,29.78,0.0,11.54,8.03
8480355,M. Kastelic,BOS,F,56,796.46,0.14,0.14,0.29,1.29,2.75,0.82,0.09,1.93,0.0,0.0,0.0,3.41,0.12,1.29,0.36,0.82,2.75,2.52,1.11,0.09,0.09,0.0,0.66,0.07,0.54,0.39,10.08,9.9,0.37,3.16,2.34,30.34,5.84,16.95,22.12,59.48,29.27,0.68,0.39,0.0,12.04,0.95,0.0,0.0,19.43,25.58,0.0,4.06,4.75
8480426,C. D'Astous,TBL,D,43,1163.44,0.07,0.33,0.4,1.21,1.23,1.05,0.0,1.33,0.0,0.0,0.0,3.7,0.08,1.23,0.09,1.05,1.23,2.84,1.16,0.05,0.02,0.0,0.47,0.02,0.86,0.33,10.17,11.44,0.36,2.47,1.89,25.7,4.58,13.58,22.12,49.42,24.12,0.84,0.74,0.0,9.98,0.95,0.0,0.0,20.71,29.49,0.0,5.63,4.44
8480434,S. Durzi,UTA,D,35,1214.94,0.11,0.4,0.51,1.63,0.54,1.77,-0.2,0.8,0.0,0.0,0.0,3.2,0.14,1.63,0.23,1.77,0.54,4.11,1.54,0.06,0.03,0.0,0.6,0.06,1.23,0.2,13.19,14.74,0.43,2.63,2.11,26.86,4.63,16.11,20.91,54.89,25.37,0.94,0.54,0.0,10.94,1.29,0.0,0.0,19.2,27.64,0.0,7.21,6.59
8480448,P. Kelly,COL,F,54,745.56,0.22,0.17,0.39,1.33,2.2,0.7,0.2,0.3,0.0,0.0,0.0,3.85,0.11,1.33,0.28,0.7,2.2,2.54,1.17,0.15,0.02,0.0,0.54,0.09,0.54,0.19,6.44,7.35,0.41,2.52,2.34,26.98,5.67,15.06,20.59,53.78,25.5,0.94,0.54,0.0,10.67,1.17,0.0,0.0,20.69,27.24,0.0,4.57,4.38
8480459,P. Suter,STL,F,39,987.9,0.18,0.21,0.38,1.59,0.77,0.36,-0.05,0.31,0.0,0.0,0.0,2.67,0.19,1.59,0.56,0.36,0.77,2.85,1.51,0.05,0.03,0.0,0.51,0.0,0.54,0.23,6.63,12.01,0.38,3.59,2.16,28.05,5.9,15.69,18.44,53.9,26.23,1.18,0.64,0.0,10.87,1.15,0.0,0.0,21.41,29.04,0.0,5.03,7.88
8480528,J. Kowalkoski,SJS,G,1,0.0,0.0,0.0,0.0,0.0,0.0,0.0,0.0,0.0,0.0,0.0,0.0,1.0,0.0,0.0,0.0,0.0,0.0,0.0,0.0,0.0,0.0,0.0,0.0,0.0,0.0,0.0,0.0,0.0,2.25,4.0,2.25,0.0,0.0,0.0,0.0,0.0,0.0,0.0,0.0,0.0,0.0,0.0,0.0,0.0,0.0,0.0,0.0,0.0,0.0
8480727,Z. Whitecloud,VGK/CGY,D,54,1158.48,0.04,0.11,0.15,0.83,1.57,1.37,-0.17,0.41,0.0,0.0,0.0,3.19,0.07,0.83,0.04,1.37,1.57,2.37,0.76,0.06,0.02,0.0,0.43,0.06,0.78,0.19,10.37,11.36,0.18,3.11,2.44,25.35,5.69,16.74,20.61,54.11,24.0,0.8,0.56,0.0,11.67,0.96,0.0,0.0,22.0,27.7,0.0,4.24,2.87
8480748,K. Sherwood,VAN,F,44,1052.36,0.39,0.14,0.52,2.48,4.77,0.48,-0.27,0.5,0.0,0.0,0.0,2.75,0.17,2.5,0.57,0.48,4.77,5.0,2.45,0.05,0.0,0.0,1.36,0.07,1.07,0.41,9.8,10.95,0.59,3.59,2.6,29.52,6.93,15.32,18.73,56.91,28.2,0.68,0.64,0.0,11.8,1.11,0.0,0.0,19.17,29.21,0.0,8.45,7.04
8480762,E. Robinson,CAR,F,44,704.36,0.23,0.11,0.34,1.34,1.36,0.16,0.16,0.05,0.0,0.0,0.0,3.5,0.12,1.34,0.39,0.16,1.36,2.77,1.27,0.02,0.05,0.0,0.57,0.05,0.36,0.16,4.53,7.62,0.35,2.93,2.1,24.0,5.73,11.61,23.32,45.16,22.48,0.89,0.64,0.0,9.39,1.36,0.0,0.0,19.67,30.29,0.0,5.93,5.6
8480796,M. Fehérváry,WSH,D,56,1139.82,0.07,0.29,0.36,1.05,1.14,2.09,0.18,0.41,0.0,0.0,0.0,3.2,0.08,1.05,0.12,2.09,1.14,2.3,0.91,0.09,0.05,0.0,0.48,0.02,0.64,0.18,6.34,8.58,0.39,3.0,2.57,28.84,6.39,17.02,18.71,57.82,27.46,0.79,0.59,0.0,11.48,1.05,0.0,0.0,19.77,28.65,0.0,3.94,3.16
8480797,J. Farabee,CGY,F,55,1008.65,0.22,0.2,0.42,1.8,0.69,0.69,-0.2,0.36,0.0,0.0,0.0,2.51,0.13,1.8,0.31,0.69,0.69,3.24,1.73,0.04,0.04,0.0,0.73,0.05,0.85,0.25,6.28,9.2,0.39,3.02,2.53,29.02,6.02,16.11,19.33,56.56,27.16,1.11,0.75,0.0,11.65,1.0,0.0,0.0,20.31,25.06,0.0,5.46,4.92
8480798,P. Kurashev,SJS,F,33,953.39,0.18,0.3,0.48,1.48,1.03,0.3,0.03,0.24,0.0,0.0,0.0,2.79,0.12,1.52,0.27,0.3,1.03,3.0,1.48,0.03,0.0,0.0,0.48,0.06,0.85,0.15,11.77,19.47,0.39,3.33,2.32,31.97,5.94,17.36,16.39,61.76,30.58,0.7,0.7,0.0,12.52,1.09,0.0,0.0,20.0,24.7,0.0,4.88,5.67
8480800,Q. Hughes,VAN/MIN,D,51,1670.35,0.1,0.98,1.08,2.78,0.1,1.14,0.0,0.43,0.0,0.0,0.0,3.35,0.22,2.78,0.12,1.14,0.1,6.65,2.71,0.02,0.06,0.0,0.86,0.02,1.49,0.41,10.51,13.45,0.84,3.39,2.64,29.43,6.67,16.43,18.73,58.06,28.25,0.76,0.41,0.0,11.47,1.06,0.0,0.0,20.15,27.66,0.0,10.58,8.09
8480801,B. Tkachuk,OTT,F,35,1022.77,0.4,0.63,1.03,3.89,2.74,0.26,-0.11,0.97,0.0,0.0,0.0,3.4,0.34,3.89,1.26,0.26,2.74,6.4,3.69,0.17,0.03,0.0,1.34,0.03,0.63,0.26,12.65,9.22,1.04,3.4,1.92,24.46,5.17,14.63,22.37,47.66,23.0,0.6,0.86,0.0,10.46,0.71,0.0,0.0,20.31,24.41,0.0,11.96,14.96
8480802,R. McLeod,BUF,F,55,1060.67,0.2,0.51,0.71,1.18,0.25,0.36,0.35,0.15,0.0,0.0,0.0,3.45,0.1,1.18,0.31,0.36,0.25,2.22,1.13,0.04,0.02,0.0,0.45,0.02,1.09,0.42,5.52,5.98,0.5,3.04,2.22,30.09,5.47,16.71,22.56,59.31,28.31,0.96,0.82,0.0,11.55,1.15,0.0,0.0,20.68,26.59,0.0,3.84,4.65
8480803,E. Bouchard,EDM,D,56,1482.5,0.27,0.8,1.07,2.8,0.41,1.34,0.21,0.39,0.0,0.0,0.0,3.45,0.17,2.82,0.34,1.34,0.41,5.45,2.75,0.02,0.05,0.0,0.96,0.05,1.48,0.5,12.61,21.03,0.88,3.3,2.16,27.27,5.29,15.86,19.57,54.7,26.0,0.71,0.55,0.0,10.79,0.84,0.0,0.0,20.77,26.84,0.0,9.33,7.88
8480806,I. Lundestrom,CBJ,F,40,737.3,0.05,0.12,0.18,0.82,0.48,0.45,-0.12,0.1,0.0,0.0,0.0,3.2,0.06,0.82,0.18,0.45,0.48,1.25,0.72,0.1,0.0,0.0,0.28,0.0,0.57,0.1,2.55,7.8,0.15,3.35,2.21,31.0,5.82,15.62,18.23,58.75,29.42,1.0,0.57,0.0,10.8,1.23,0.0,0.0,21.14,30.77,0.0,2.07,2.68
8480807,M. Samuelsson,BUF,D,53,1382.55,0.17,0.43,0.6,1.38,1.68,2.11,0.53,0.3,0.0,0.0,0.0,3.42,0.11,1.38,0.21,2.11,1.68,2.89,1.28,0.04,0.06,0.0,0.47,0.02,0.91,0.19,11.9,14.12,0.57,3.02,2.21,29.83,5.47,16.62,22.64,59.02,28.06,0.98,0.79,0.0,11.55,1.19,0.0,0.0,20.71,26.62,0.0,4.96,5.06
8480813,J. Veleno,MTL,F,48,734.08,0.04,0.04,0.08,0.92,2.38,0.5,-0.17,0.31,0.0,0.0,0.0,3.4,0.07,0.92,0.17,0.5,2.38,1.73,0.85,0.02,0.04,0.0,0.29,0.02,0.29,0.15,3.65,4.97,0.18,3.4,2.58,27.73,6.4,18.1,20.67,57.0,26.23,0.85,0.65,0.0,11.94,0.9,0.0,0.0,19.7,27.98,0.0,2.99,2.52
8480817,K. Miller,CAR,D,47,1354.51,0.09,0.38,0.47,1.68,1.28,1.02,-0.02,0.81,0.0,0.0,0.0,3.51,0.12,1.68,0.13,1.02,1.28,4.43,1.62,0.04,0.02,0.0,0.77,0.02,1.19,0.72,13.71,18.45,0.44,2.89,2.15,24.04,5.74,11.87,23.91,45.34,22.64,0.79,0.62,0.0,9.45,1.43,0.0,0.0,20.05,30.93,0.0,9.32,5.79
8480819,J. Skarek,SJS,G,1,0.0,0.0,0.0,0.0,0.0,0.0,0.0,0.0,0.0,0.0,0.0,0.0,0.0,0.0,0.0,0.0,0.0,0.0,0.0,0.0,0.0,0.0,0.0,0.0,0.0,0.0,0.0,0.0,0.0,2.64,2.0,2.64,0.0,0.0,0.0,0.0,0.0,0.0,0.0,0.0,0.0,0.0,0.0,0.0,0.0,0.0,0.0,0.0,0.0,0.0
8480825,P. Giles,SJS,F,3,532.0,0.0,0.33,0.33,0.67,1.0,0.67,0.33,0.0,0.0,0.0,0.0,3.33,0.04,0.67,0.0,0.67,1.0,2.0,0.67,0.0,0.0,0.0,0.33,0.0,0.33,0.0,0.0,0.0,0.29,2.33,2.37,35.0,6.0,20.67,19.67,68.67,33.67,0.67,0.67,0.0,14.33,1.0,0.0,0.0,21.18,36.51,0.0,2.77,1.8
8480828,M. Callahan,BOS,D,5,779.4,0.0,0.0,0.0,0.6,0.6,1.8,-0.2,0.0,0.0,0.0,0.0,3.4,0.02,0.6,0.0,1.8,0.6,0.8,0.6,0.0,0.0,0.0,0.4,0.0,0.6,0.4,0.0,0.0,0.1,4.6,2.51,29.4,7.8,19.2,18.6,60.4,28.8,0.6,0.0,0.0,15.0,1.2,0.0,0.0,20.17,26.16,0.0,1.48,0.64
8480829,J. Kotkaniemi,CAR,F,34,666.0,0.06,0.21,0.26,1.12,1.62,0.41,0.03,0.24,0.0,0.0,0.0,3.59,0.09,1.12,0.26,0.41,1.62,2.03,1.0,0.09,0.03,0.0,0.47,0.09,0.68,0.09,6.79,3.57,0.24,3.35,2.26,26.82,6.65,12.44,23.68,48.18,25.0,1.06,0.76,0.0,10.29,1.06,0.0,0.0,19.99,28.57,0.0,4.3,3.99
8480830,A. Svechnikov,CAR,F,55,1016.58,0.36,0.49,0.85,2.69,1.71,0.18,0.05,0.73,0.0,0.0,0.0,3.47,0.22,2.75,0.71,0.18,1.71,5.58,2.73,0.02,0.0,0.0,1.09,0.07,1.15,0.36,16.75,30.17,0.73,2.91,2.17,24.91,6.02,11.84,24.07,46.29,23.36,0.89,0.65,0.0,9.64,1.31,0.0,0.0,19.88,29.78,0.0,11.05,9.59
8480831,A. Regula,EDM,D,29,868.14,0.0,0.1,0.1,0.62,0.52,1.52,-0.55,1.21,0.0,0.0,0.0,3.48,0.05,0.62,0.03,1.52,0.52,1.76,0.62,0.0,0.0,0.0,0.14,0.0,0.97,0.24,9.64,9.18,0.09,3.48,2.29,27.9,5.69,16.52,20.86,55.66,26.62,0.69,0.59,0.0,11.03,0.9,0.0,0.0,20.49,28.01,0.0,3.01,2.43
8480834,T. Emberson,EDM,D,51,961.29,0.02,0.18,0.2,0.59,1.51,1.73,0.08,0.27,0.0,0.0,0.0,3.53,0.04,0.59,0.02,1.73,1.51,1.55,0.51,0.02,0.06,0.0,0.16,0.04,0.76,0.22,4.65,3.8,0.21,3.12,2.12,26.96,5.12,15.82,20.18,54.51,25.65,0.73,0.59,0.0,10.63,0.78,0.0,0.0,20.62,26.5,0.0,2.81,1.92
8480835,J. Drury,COL,F,54,888.76,0.15,0.2,0.35,1.11,0.44,0.83,0.24,0.33,0.0,0.0,0.0,3.85,0.09,1.11,0.19,0.83,0.44,2.37,1.0,0.07,0.04,0.0,0.57,0.04,0.48,0.24,8.38,13.57,0.34,2.52,2.34,26.98,5.67,15.06,20.59,53.78,25.5,0.94,0.54,0.0,10.67,1.17,0.0,0.0,20.69,27.24,0.0,4.42,3.77
8480839,R. Dahlin,BUF,D,51,1466.78,0.22,0.69,0.9,2.65,0.98,1.29,-0.1,1.0,0.0,0.0,0.0,3.49,0.2,2.67,0.31,1.29,0.98,5.67,2.59,0.0,0.08,0.0,0.84,0.08,1.59,0.37,11.06,15.52,0.73,2.92,2.23,29.92,5.39,16.76,22.57,59.04,28.18,0.94,0.8,0.0,11.55,1.1,0.0,0.0,20.73,26.62,0.0,9.28,8.43
8480840,O. Bäck,DAL,F,46,733.65,0.09,0.09,0.17,0.57,0.39,0.52,0.07,0.13,0.0,0.0,0.0,3.5,0.04,0.57,0.13,0.52,0.39,1.09,0.48,0.04,0.04,0.0,0.22,0.0,0.61,0.17,2.13,2.76,0.13,2.74,2.28,26.93,5.8,16.02,25.11,53.91,25.57,0.74,0.63,0.0,11.07,0.96,0.0,0.0,20.25,30.24,0.0,2.03,1.82
8480842,F. Hallander,PIT,F,13,788.54,0.08,0.23,0.31,1.69,0.23,0.38,0.31,0.15,0.0,0.0,0.0,3.54,0.27,1.69,0.85,0.38,0.23,3.69,1.62,0.0,0.08,0.0,0.62,0.08,0.92,0.15,5.63,9.95,0.25,3.08,2.25,31.0,5.62,18.23,25.0,61.62,29.92,0.92,0.15,0.0,12.38,1.0,0.0,0.0,19.44,24.78,0.0,5.77,10.52
8480843,L. Dostal,ANA,G,46,2761.07,0.0,0.0,0.0,0.0,0.0,0.0,0.0,0.0,0.0,0.0,0.0,3.22,0.0,0.0,0.0,0.0,0.0,0.0,0.0,0.0,0.0,0.0,0.0,0.0,0.0,0.0,0.0,0.0,-0.02,3.46,2.24,21.87,0.0,0.0,0.0,0.0,0.0,0.0,0.0,0.0,0.0,0.0,0.0,0.0,0.0,0.0,0.0,0.0,0.0
8480848,T. Dellandrea,SJS,F,42,864.21,0.05,0.21,0.26,1.05,2.79,0.86,-0.36,0.43,0.0,0.0,0.0,3.14,0.1,1.05,0.24,0.86,2.79,2.07,1.0,0.05,0.0,0.0,0.52,0.12,0.57,0.17,5.73,3.05,0.31,3.52,2.27,31.55,6.0,17.17,16.69,60.45,30.02,0.79,0.74,0.0,11.98,1.05,0.0,0.0,19.46,24.91,0.0,3.55,4.64
8480849,B. Hayton,UTA,F,51,919.31,0.14,0.25,0.39,1.78,0.41,0.47,0.18,0.82,0.0,0.0,0.0,3.16,0.16,1.78,0.41,0.47,0.41,3.04,1.73,0.06,0.0,0.0,0.57,0.08,0.63,0.24,8.91,11.61,0.38,2.88,1.95,25.76,4.67,14.8,21.75,51.51,24.2,1.02,0.55,0.0,10.76,1.35,0.0,0.0,20.6,28.06,0.0,5.51,7.41
8480855,J. McBain,UTA,F,56,843.89,0.11,0.23,0.34,1.41,3.43,0.66,0.09,1.0,0.0,0.0,0.0,3.2,0.17,1.41,0.46,0.66,3.43,2.95,1.36,0.02,0.04,0.0,0.61,0.05,0.66,0.14,4.77,5.72,0.38,2.79,1.99,25.93,4.64,15.36,21.62,52.41,24.41,1.0,0.52,0.0,10.8,1.38,0.0,0.0,20.38,27.68,0.0,5.38,7.78
8480860,K. Bahl,CGY,D,54,1308.41,0.06,0.19,0.24,0.83,1.56,1.46,0.19,0.61,0.0,0.0,0.0,2.56,0.05,0.83,0.09,1.46,1.56,1.93,0.74,0.02,0.07,0.0,0.31,0.04,1.28,0.63,13.06,11.72,0.22,3.0,2.54,29.06,6.06,16.17,19.35,56.81,27.2,1.09,0.76,0.0,11.7,0.98,0.0,0.0,20.16,24.71,0.0,3.38,2.36
8480865,N. Dobson,MTL,D,56,1365.18,0.18,0.46,0.64,2.02,0.66,2.46,0.18,0.5,0.0,0.0,0.0,3.46,0.14,2.02,0.34,2.46,0.66,4.34,1.93,0.04,0.05,0.0,0.68,0.02,1.18,0.41,16.62,12.08,0.61,3.32,2.49,27.41,6.05,17.93,21.45,56.3,26.0,0.8,0.61,0.0,11.8,0.93,0.0,0.0,20.15,28.31,0.0,7.52,5.83
8480871,A. Boqvist,NYI,D,20,750.4,0.0,0.05,0.05,0.35,0.45,0.9,-0.15,0.3,0.0,0.0,0.0,2.8,0.04,0.35,0.0,0.9,0.45,1.3,0.3,0.05,0.0,0.0,0.15,0.0,0.4,0.15,1.05,3.35,0.07,2.65,2.28,27.75,5.85,15.7,19.1,56.2,26.6,0.95,0.2,0.0,11.85,0.8,0.0,0.0,17.99,24.33,0.0,2.26,1.74
8480873,R. Sandin,WSH,D,50,1129.12,0.04,0.32,0.36,1.24,1.16,1.64,0.12,0.16,0.0,0.0,0.0,3.38,0.08,1.24,0.06,1.64,1.16,2.66,1.14,0.02,0.08,0.0,0.62,0.06,1.22,0.38,9.68,8.56,0.31,2.86,2.56,28.92,6.24,17.24,18.86,58.36,27.54,0.8,0.58,0.0,11.54,1.1,0.0,0.0,19.76,26.84,0.0,4.59,3.24
8480874,A. Ginning,PHI,D,5,920.4,0.0,0.0,0.0,0.4,0.8,1.0,0.0,0.0,0.0,0.0,0.0,3.0,0.05,0.4,0.0,1.0,0.8,1.8,0.4,0.0,0.0,0.0,0.4,0.0,1.0,0.0,5.1,9.9,-0.05,3.2,2.19,28.6,5.4,16.2,23.2,56.6,27.6,0.8,0.2,0.0,12.4,0.6,0.0,0.0,25.26,31.82,0.0,3.0,2.64
8480876,C. Douglas,TBL,F,27,358.19,0.0,0.07,0.07,0.56,1.07,0.22,0.04,2.78,0.0,0.0,0.0,3.37,0.06,0.56,0.11,0.22,1.07,1.22,0.48,0.07,0.0,0.0,0.22,0.04,0.33,0.11,3.2,2.69,0.09,2.67,2.0,27.04,4.78,13.7,23.11,51.67,25.33,0.93,0.78,0.0,10.3,0.89,0.0,0.0,20.91,26.28,0.0,2.47,3.14
8480878,N. Lundkvist,DAL,D,29,981.55,0.1,0.14,0.24,0.93,0.72,1.0,0.24,0.41,0.0,0.0,0.0,3.52,0.06,0.93,0.14,1.0,0.72,2.21,0.86,0.0,0.07,0.0,0.55,0.03,1.03,0.17,13.79,12.72,0.17,3.0,2.35,27.66,5.97,17.38,26.24,55.97,25.86,0.97,0.83,0.0,11.34,0.9,0.0,0.0,20.24,30.45,0.0,3.9,2.96
8480879,J. Bernard-Docker,DET,D,41,897.88,0.0,0.1,0.1,0.66,1.24,1.49,0.2,0.34,0.0,0.0,0.0,3.34,0.05,0.66,0.0,1.49,1.24,1.83,0.66,0.0,0.0,0.0,0.29,0.05,0.73,0.17,6.68,6.24,0.13,2.88,2.61,28.41,5.85,18.95,21.51,60.07,27.0,0.68,0.73,0.0,11.88,0.68,0.0,0.0,18.52,24.17,0.0,3.13,1.82
8480887,J. Harris,BOS,D,5,937.8,0.2,0.2,0.4,1.8,0.8,0.6,0.0,0.0,0.0,0.0,0.0,3.2,0.05,1.8,0.2,0.6,0.8,2.2,1.2,0.2,0.4,0.0,0.4,0.0,1.0,0.2,11.0,17.2,0.34,3.6,2.05,26.4,5.4,16.0,24.4,54.2,25.8,0.4,0.2,0.0,11.8,1.0,0.0,0.0,20.82,26.9,0.0,4.22,2.52
8480891,M. Kesselring,BUF,D,23,861.3,0.0,0.04,0.04,1.35,0.74,1.39,-0.04,1.52,0.0,0.0,0.0,3.52,0.11,1.35,0.04,1.39,0.74,3.22,1.35,0.0,0.0,0.0,0.61,0.0,1.22,0.26,16.35,17.07,0.06,2.96,2.36,30.43,5.78,16.87,22.48,59.78,28.61,1.04,0.78,0.0,11.87,1.26,0.0,0.0,20.71,25.95,0.0,5.26,4.55
8480893,K. Marchenko,CBJ,F,50,1125.22,0.38,0.54,0.92,3.04,0.8,0.6,0.14,0.4,0.0,0.0,0.0,3.24,0.25,3.16,0.78,0.6,0.8,5.82,3.08,0.08,0.0,0.0,1.22,0.02,1.32,0.58,16.46,26.5,0.8,3.26,2.2,31.1,5.7,16.56,17.4,59.78,29.7,0.94,0.46,0.0,10.74,1.14,0.0,0.0,20.59,29.03,0.0,9.09,10.72
8480947,K. Lankinen,VAN,G,54,1876.78,0.0,0.0,0.0,0.0,0.0,0.0,0.0,0.0,0.0,0.0,0.0,2.59,0.0,0.0,0.0,0.0,0.0,0.0,0.0,0.0,0.0,0.0,0.0,0.0,0.0,0.0,0.0,0.0,0.79,3.67,2.68,15.37,0.0,0.0,0.0,0.0,0.0,0.0,0.0,0.0,0.0,0.0,0.0,0.0,0.0,0.0,0.0,0.0,0.0
8480950,I. Lyubushkin,DAL,D,39,970.33,0.03,0.15,0.18,0.62,1.38,1.72,0.0,0.92,0.0,0.0,0.0,3.23,0.03,0.62,0.03,1.72,1.38,1.23,0.59,0.0,0.03,0.0,0.18,0.03,0.95,0.18,6.08,4.0,0.17,2.72,2.3,26.69,5.56,16.59,25.0,55.15,25.15,0.82,0.72,0.0,11.49,1.18,0.0,0.0,20.76,28.41,0.0,2.23,1.19
8480980,C. Dewar,PIT,F,54,816.0,0.24,0.19,0.43,1.48,1.94,0.48,0.17,0.19,0.0,0.0,0.0,3.39,0.12,1.48,0.37,0.48,1.94,3.15,1.3,0.13,0.06,0.0,0.81,0.09,0.44,0.09,5.44,9.86,0.44,3.0,2.15,27.78,5.52,16.46,21.09,56.43,26.7,0.74,0.33,0.0,11.06,1.07,0.0,0.0,20.92,28.91,0.0,5.29,5.19
8480981,J. Hofer,STL,G,56,1772.05,0.0,0.0,0.0,0.0,0.0,0.0,0.0,0.0,0.0,0.0,0.0,2.55,0.0,0.0,0.0,0.0,0.0,0.0,0.0,0.0,0.0,0.0,0.0,0.0,0.0,0.0,0.0,0.0,0.68,3.54,2.12,13.79,0.0,0.0,0.0,0.0,0.0,0.0,0.0,0.0,0.0,0.0,0.0,0.0,0.0,0.0,0.0,0.0,0.0
8480990,D. Chisholm,WSH,D,21,834.67,0.05,0.14,0.19,0.9,0.38,0.9,0.0,0.19,0.0,0.0,0.0,3.14,0.06,0.9,0.05,0.9,0.38,2.14,0.9,0.0,0.0,0.0,0.48,0.0,1.05,0.24,2.05,4.24,0.13,2.76,2.47,27.86,6.24,15.86,19.29,57.24,26.67,0.67,0.52,0.0,11.76,1.1,0.0,0.0,20.65,33.41,0.0,3.64,2.58
8480995,P. Holmberg,TBL,F,46,810.26,0.17,0.15,0.33,1.37,0.83,0.52,0.13,0.3,0.0,0.0,0.0,3.61,0.15,1.37,0.37,0.52,0.83,2.91,1.3,0.07,0.0,0.0,0.63,0.04,0.63,0.2,8.99,5.96,0.31,2.54,1.99,26.83,4.83,13.7,22.87,50.91,25.17,0.78,0.87,0.0,10.22,1.0,0.0,0.0,21.09,29.88,0.0,5.54,7.22
8481006,T. Tucker,STL,D,51,850.71,0.06,0.18,0.24,1.1,1.45,0.75,-0.14,1.14,0.0,0.0,0.0,2.55,0.07,1.1,0.06,0.75,1.45,2.35,1.0,0.04,0.06,0.0,0.47,0.0,0.82,0.14,9.66,9.76,0.21,3.69,2.08,27.73,5.65,15.55,17.35,54.1,26.18,0.88,0.67,0.0,10.41,1.18,0.0,0.0,21.34,28.43,0.0,4.31,3.29
8481013,J. Berggren,DET/STL,F,35,809.14,0.2,0.2,0.4,1.23,0.66,0.23,-0.11,0.17,0.0,0.0,0.0,3.06,0.1,1.23,0.23,0.23,0.66,2.4,1.17,0.06,0.0,0.0,0.43,0.06,0.91,0.14,6.19,4.5,0.29,3.37,2.24,27.51,5.43,16.26,18.17,56.06,25.89,1.06,0.57,0.0,10.86,0.94,0.0,0.0,20.36,30.19,0.0,4.01,4.27
8481014,A. Romanov,NYI,D,15,1166.73,0.0,0.07,0.07,1.13,2.07,2.07,-0.47,0.4,0.0,0.0,0.0,2.87,0.06,1.13,0.0,2.07,2.07,2.53,1.07,0.07,0.0,0.0,0.53,0.0,1.2,0.27,6.4,9.3,0.13,3.07,2.38,28.6,6.47,16.6,17.13,56.8,27.33,0.6,0.67,0.0,11.53,0.8,0.0,0.0,18.8,23.4,0.0,4.44,2.76
8481020,J. Annunen,NSH,G,55,930.42,0.0,0.0,0.0,0.0,0.0,0.0,0.0,0.0,0.0,0.0,0.0,2.95,0.0,0.0,0.0,0.0,0.0,0.0,0.0,0.0,0.0,0.0,0.0,0.0,0.0,0.0,0.0,0.0,1.24,3.42,2.04,7.13,0.0,0.0,0.0,0.0,0.0,0.0,0.0,0.0,0.0,0.0,0.0,0.0,0.0,0.0,0.0,0.0,0.0
8481024,L. Karlsson,VAN,F,53,691.0,0.21,0.25,0.45,1.57,1.19,0.25,-0.23,0.49,0.0,0.0,0.0,2.62,0.13,1.57,0.45,0.25,1.19,2.89,1.53,0.04,0.0,0.0,0.6,0.0,0.57,0.25,6.7,11.57,0.43,3.7,2.67,30.25,7.06,15.32,18.43,57.92,29.04,0.57,0.64,0.0,12.09,1.0,0.0,0.0,18.8,28.32,0.0,4.87,4.69
8481028,M. Pospisil,CGY,F,6,684.33,0.0,0.0,0.0,1.17,4.33,0.17,-0.67,0.67,0.0,0.0,0.0,1.83,0.08,1.17,0.17,0.17,4.33,2.83,1.17,0.0,0.0,0.0,0.67,0.17,0.33,0.33,15.83,22.25,0.19,3.5,2.49,25.83,6.17,17.0,16.33,55.33,23.83,1.0,1.0,0.0,10.33,0.83,0.0,0.0,19.94,21.66,0.0,4.53,2.97
8481030,J. St. Ivany,PIT,D,17,938.94,0.0,0.41,0.41,0.94,2.35,1.35,0.41,0.35,0.0,0.0,0.0,3.76,0.05,0.94,0.0,1.35,2.35,2.0,0.88,0.0,0.06,0.0,0.24,0.0,1.0,0.24,7.58,7.2,0.36,2.82,2.1,27.0,5.41,15.47,20.76,55.65,25.71,0.76,0.53,0.0,11.35,1.41,0.0,0.0,22.32,31.68,0.0,3.61,2.83
8481032,P. Cotter,NJD,F,52,693.13,0.1,0.1,0.19,0.88,2.65,0.33,-0.25,0.33,0.0,0.0,0.0,2.69,0.09,0.94,0.31,0.33,2.65,1.96,0.85,0.08,0.02,0.0,0.46,0.06,0.4,0.13,5.19,13.89,0.24,3.0,2.22,28.19,5.52,16.48,19.69,55.96,26.83,0.79,0.58,0.0,10.81,1.08,0.0,0.0,20.57,26.12,0.0,3.5,4.24
8481033,A. Schmid,VGK,G,55,1773.27,0.0,0.0,0.0,0.0,0.0,0.0,0.0,0.0,0.0,0.0,0.0,3.31,0.0,0.0,0.0,0.0,0.0,0.0,0.0,0.0,0.0,0.0,0.0,0.0,0.0,0.0,0.0,0.0,1.18,3.2,2.43,11.85,0.0,0.0,0.0,0.0,0.0,0.0,0.0,0.0,0.0,0.0,0.0,0.0,0.0,0.0,0.0,0.0,0.0
8481035,S. Ersson,PHI,G,49,1695.45,0.0,0.0,0.0,0.0,0.0,0.0,0.0,0.0,0.0,0.0,0.0,3.02,0.0,0.0,0.0,0.0,0.0,0.0,0.0,0.0,0.0,0.0,0.0,0.0,0.0,0.0,0.0,0.0,0.73,3.29,2.38,11.49,0.0,0.0,0.0,0.0,0.0,0.0,0.0,0.0,0.0,0.0,0.0,0.0,0.0,0.0,0.0,0.0,0.0
8481043,C. Koepke,WPG,F,39,601.28,0.13,0.15,0.28,1.18,3.13,0.21,0.0,0.36,0.0,0.0,0.0,2.95,0.09,1.18,0.28,0.21,3.13,2.15,1.03,0.03,0.13,0.0,0.74,0.03,0.38,0.26,7.35,10.46,0.35,2.97,2.48,29.1,6.13,15.36,18.41,56.18,27.9,0.69,0.51,0.0,11.21,1.13,0.0,0.0,21.44,27.71,0.0,3.78,3.6
8481056,S. Stastney,NSH/EDM,D,55,927.4,0.04,0.15,0.18,0.96,0.24,1.02,-0.11,0.25,0.0,0.0,0.0,3.18,0.06,0.96,0.04,1.02,0.24,2.07,0.96,0.0,0.0,0.0,0.45,0.0,1.02,0.31,10.38,10.59,0.14,3.33,1.99,28.31,5.31,13.8,20.27,52.82,27.09,0.6,0.62,0.0,10.51,0.85,0.0,0.0,20.5,25.41,0.0,3.96,3.14
8481065,A. Crookshank,NJD,F,8,516.38,0.12,0.0,0.12,0.5,0.62,0.88,0.12,0.5,0.0,0.0,0.0,2.25,0.08,0.5,0.25,0.88,0.62,1.12,0.38,0.0,0.12,0.0,0.0,0.0,0.25,0.0,0.5,0.12,0.15,2.88,2.28,29.88,5.75,16.12,20.25,56.88,27.75,1.12,1.0,0.0,10.75,1.0,0.0,0.0,21.43,28.54,0.0,2.06,4.24
8481068,Y. Sharangovich,CGY,F,51,967.35,0.22,0.18,0.39,1.98,0.27,0.41,-0.35,0.16,0.0,0.0,0.0,2.57,0.15,1.98,0.33,0.41,0.27,4.1,1.86,0.1,0.02,0.0,0.73,0.1,0.73,0.24,11.15,15.17,0.37,3.1,2.54,29.37,6.06,16.14,19.43,57.1,27.47,1.14,0.76,0.0,11.73,1.02,0.0,0.0,20.63,25.6,0.0,6.87,5.8
8481070,H. McGing,STL,F,3,652.33,0.33,0.33,0.67,1.33,0.0,0.67,0.0,0.0,0.0,0.0,0.0,2.33,0.1,1.33,0.33,0.67,0.0,1.33,1.33,0.0,0.0,0.0,0.33,0.0,0.67,0.33,6.67,7.67,0.55,4.67,2.39,29.0,7.33,12.0,15.33,49.0,28.67,0.33,0.0,0.0,10.33,1.0,0.0,0.0,19.61,44.78,0.0,2.67,4.13
8481077,J. Leonard,DET,F,9,721.22,0.22,0.22,0.44,1.0,0.89,0.67,-0.22,0.0,0.0,0.0,0.0,3.44,0.11,1.0,0.44,0.67,0.89,2.78,0.78,0.22,0.0,0.0,0.33,0.0,1.11,0.22,8.5,15.28,0.31,2.67,2.79,28.11,6.11,18.89,21.11,61.89,27.0,0.78,0.33,0.0,10.78,0.33,0.0,0.0,19.68,25.99,0.0,4.37,3.93
8481122,S. Benoit,TOR,D,48,1040.12,0.0,0.06,0.06,0.65,2.65,1.58,-0.12,0.6,0.0,0.0,0.0,3.0,0.05,0.65,0.02,1.58,2.65,1.85,0.58,0.0,0.06,0.0,0.19,0.02,0.94,0.19,6.04,7.08,0.12,3.44,2.66,31.67,6.88,17.46,17.98,61.42,30.4,0.79,0.48,0.0,11.12,0.81,0.0,0.0,21.35,29.51,0.0,3.09,2.11
8481133,C. Reinhardt,VGK,F,38,576.53,0.05,0.11,0.16,0.66,1.89,0.16,-0.11,0.32,0.0,0.0,0.0,3.26,0.05,0.66,0.11,0.16,1.89,1.5,0.63,0.03,0.0,0.0,0.26,0.08,0.47,0.08,2.61,4.68,0.16,3.08,2.35,25.37,5.58,16.37,20.71,54.05,24.24,0.63,0.5,0.0,11.95,0.87,0.0,0.0,22.27,27.78,0.0,2.72,2.24
8481161,J. Christiansen,CBJ,D,32,611.56,0.0,0.06,0.06,0.69,0.78,0.47,-0.28,0.12,0.0,0.0,0.0,3.19,0.07,0.69,0.0,0.47,0.78,2.06,0.69,0.0,0.0,0.0,0.19,0.03,0.34,0.06,6.64,4.95,0.09,2.94,2.08,30.5,5.12,16.5,16.69,59.56,29.03,0.97,0.5,0.0,10.03,0.97,0.0,0.0,21.02,29.87,0.0,3.42,3.42
8481167,B. Pachal,CGY,D,26,786.92,0.0,0.12,0.12,0.73,2.5,0.85,-0.08,1.42,0.0,0.0,0.0,2.58,0.08,0.73,0.04,0.85,2.5,2.54,0.73,0.0,0.0,0.0,0.5,0.0,0.73,0.19,10.15,10.83,0.15,3.15,2.49,29.69,6.27,16.5,19.12,57.31,27.96,0.96,0.77,0.0,11.27,0.96,0.0,0.0,19.4,28.66,0.0,4.51,3.74
8481178,E. Zamula,PHI/CBJ,D,23,854.57,0.0,0.09,0.09,0.61,0.13,1.26,0.26,0.17,0.0,0.0,0.0,3.09,0.05,0.61,0.0,1.26,0.13,1.57,0.61,0.0,0.0,0.0,0.17,0.0,0.83,0.17,3.57,3.65,0.07,2.87,2.36,28.48,5.61,16.91,18.57,58.0,27.61,0.57,0.3,0.0,11.22,0.91,0.0,0.0,20.85,25.64,0.0,2.62,2.16
8481219,J. Aspirot,BOS,D,36,997.94,0.06,0.14,0.19,0.64,1.67,1.22,0.64,0.86,0.0,0.0,0.0,3.69,0.04,0.64,0.06,1.22,1.67,1.72,0.56,0.03,0.06,0.0,0.28,0.03,0.78,0.17,5.11,7.46,0.19,2.67,2.41,31.42,5.64,16.67,22.22,61.19,30.33,0.58,0.5,0.0,11.86,0.92,0.0,0.0,18.91,25.51,0.0,2.73,1.73
8481237,K. MacLean,NYI,F,40,643.28,0.05,0.08,0.12,0.8,2.0,0.38,-0.08,0.72,0.0,0.0,0.0,2.9,0.07,0.8,0.08,0.38,2.0,1.52,0.78,0.02,0.0,0.0,0.32,0.02,0.4,0.1,4.5,3.52,0.17,2.95,2.33,28.52,5.92,16.52,19.75,57.4,27.18,1.05,0.3,0.0,12.02,0.82,0.0,0.0,19.02,27.6,0.0,2.72,3.1
8481477,N. Sturm,MIN,F,34,673.06,0.09,0.18,0.26,0.85,1.0,0.41,0.03,0.24,0.0,0.0,0.0,3.47,0.08,0.85,0.26,0.41,1.0,1.53,0.79,0.0,0.06,0.0,0.38,0.03,0.41,0.21,8.56,6.57,0.26,2.85,2.66,30.18,6.09,17.56,18.47,60.26,28.76,0.94,0.47,0.0,11.59,0.85,0.0,0.0,20.85,30.02,0.0,2.49,2.95
8481481,B. Lizotte,PIT,F,45,827.87,0.13,0.24,0.38,0.93,0.87,0.56,0.22,0.47,0.0,0.0,0.0,3.51,0.1,0.93,0.24,0.56,0.87,1.84,0.87,0.04,0.02,0.0,0.4,0.0,0.6,0.18,5.03,5.41,0.32,2.67,2.15,27.67,5.24,16.82,22.02,56.82,26.62,0.69,0.36,0.0,11.18,1.09,0.0,0.0,20.47,28.47,0.0,3.28,4.67
8481491,N. Philp,EDM/CAR,F,17,596.59,0.12,0.06,0.18,0.82,1.76,0.12,-0.41,0.24,0.0,0.0,0.0,3.12,0.06,0.82,0.24,0.12,1.76,1.18,0.82,0.0,0.0,0.0,0.41,0.0,0.41,0.29,4.06,4.71,0.21,3.47,2.3,25.76,5.53,16.59,17.76,53.41,24.41,0.82,0.53,0.0,11.18,1.29,0.0,0.0,21.34,28.82,0.0,2.26,2.42
8481517,B. Leason,WSH,F,6,514.83,0.0,0.0,0.0,0.17,1.67,0.0,-0.33,0.0,0.0,0.0,0.0,2.5,0.02,0.17,0.0,0.0,1.67,0.67,0.17,0.0,0.0,0.0,0.17,0.0,0.17,0.0,2.0,3.17,0.03,3.0,2.37,27.17,5.83,14.0,19.0,52.33,24.5,1.33,1.33,0.0,11.83,0.5,0.0,0.0,19.73,18.21,0.0,1.42,1.18
8481519,S. Knight,CHI,G,54,2529.2,0.0,0.0,0.0,0.0,0.0,0.0,0.0,0.0,0.0,0.0,0.0,2.78,0.0,0.0,0.0,0.0,0.0,0.0,0.0,0.0,0.0,0.0,0.0,0.0,0.0,0.0,0.0,0.0,0.75,3.26,2.58,20.09,0.0,0.0,0.0,0.0,0.0,0.0,0.0,0.0,0.0,0.0,0.0,0.0,0.0,0.0,0.0,0.0,0.0
8481522,P. Krebs,BUF,F,55,819.78,0.13,0.33,0.45,1.11,2.33,0.56,0.09,1.09,0.0,0.0,0.0,3.45,0.08,1.11,0.24,0.56,2.33,2.11,1.0,0.09,0.02,0.0,0.55,0.02,0.75,0.29,6.55,6.37,0.41,3.04,2.22,30.09,5.47,16.71,22.56,59.31,28.31,0.96,0.82,0.0,11.55,1.15,0.0,0.0,20.68,26.59,0.0,3.66,3.83
8481523,K. Dach,MTL,F,22,842.68,0.32,0.18,0.5,1.45,1.27,0.95,0.0,1.05,0.0,0.0,0.0,3.5,0.12,1.45,0.45,0.95,1.27,2.64,1.41,0.05,0.0,0.0,0.86,0.0,0.5,0.45,2.97,8.93,0.52,3.5,2.3,25.82,5.55,17.27,22.5,53.86,24.45,0.86,0.5,0.0,11.64,1.0,0.0,0.0,21.64,27.17,0.0,4.63,4.97
8481524,B. Byram,BUF,D,55,1345.2,0.18,0.31,0.49,1.27,0.56,1.22,0.2,0.51,0.0,0.0,0.0,3.45,0.12,1.29,0.24,1.22,0.56,2.78,1.15,0.02,0.13,0.0,0.47,0.02,1.24,0.2,6.99,13.81,0.36,3.04,2.22,30.09,5.47,16.71,22.56,59.31,28.31,0.96,0.82,0.0,11.55,1.15,0.0,0.0,20.68,26.59,0.0,4.56,5.28
8481525,M. Robertson,NYR,D,46,1029.72,0.09,0.15,0.24,1.0,1.52,1.24,-0.13,0.65,0.0,0.0,0.0,2.54,0.09,1.0,0.09,1.24,1.52,2.85,0.89,0.04,0.07,0.0,0.43,0.04,0.67,0.04,4.3,5.12,0.25,3.37,2.49,28.76,6.26,16.65,19.96,57.3,27.46,0.72,0.59,0.0,11.04,0.83,0.0,0.0,20.74,26.32,0.0,4.88,3.67
8481527,K. Korczak,VGK,D,55,1014.07,0.05,0.16,0.22,0.89,1.51,1.38,0.07,0.29,0.0,0.0,0.0,3.31,0.07,0.89,0.07,1.38,1.51,2.15,0.78,0.05,0.05,0.0,0.45,0.02,1.29,0.15,8.7,8.35,0.15,3.2,2.43,25.11,5.78,16.49,21.67,53.78,23.8,0.8,0.51,0.0,11.78,0.96,0.0,0.0,22.03,28.93,0.0,3.95,2.65
8481528,D. Cozens,OTT,F,55,1029.13,0.33,0.42,0.75,2.36,2.62,0.31,-0.24,0.73,0.0,0.0,0.0,3.38,0.22,2.36,0.62,0.31,2.62,4.16,2.33,0.02,0.02,0.0,1.07,0.07,0.65,0.24,8.92,13.74,0.72,3.25,1.88,24.84,5.0,14.93,23.16,48.56,23.62,0.56,0.65,0.0,10.36,0.85,0.0,0.0,19.84,28.25,0.0,7.96,10.33
8481529,T. Miner,COL,G,19,747.05,0.0,0.0,0.0,0.0,0.0,0.0,0.0,0.0,0.0,0.0,0.0,3.42,0.0,0.0,0.0,0.0,0.0,0.0,0.0,0.0,0.0,0.0,0.0,0.0,0.0,0.0,0.0,0.0,1.92,2.68,2.29,5.47,0.0,0.0,0.0,0.0,0.0,0.0,0.0,0.0,0.0,0.0,0.0,0.0,0.0,0.0,0.0,0.0,0.0
8481532,A. Turcotte,LAK,F,49,656.53,0.06,0.18,0.24,1.14,0.59,0.51,-0.08,0.39,0.0,0.0,0.0,2.69,0.1,1.14,0.22,0.51,0.59,2.53,1.12,0.02,0.0,0.0,0.51,0.06,0.45,0.22,8.91,8.64,0.26,2.9,2.41,27.73,6.39,15.14,20.24,53.84,26.12,1.12,0.49,0.0,10.22,1.14,0.0,0.0,21.31,33.74,0.0,4.73,4.43
8481533,T. Zegras,PHI,F,54,1120.57,0.37,0.5,0.87,2.2,0.44,0.28,-0.13,0.63,0.0,0.0,0.0,3.0,0.17,2.3,0.59,0.28,0.44,4.33,2.13,0.15,0.02,0.0,0.72,0.0,0.94,0.28,11.55,23.68,0.7,3.26,2.37,25.93,5.67,16.24,20.7,54.3,24.74,0.65,0.54,0.0,11.15,1.24,0.0,0.0,21.66,29.15,0.0,7.58,6.88
8481535,N. Hoglander,VAN,F,18,691.56,0.0,0.11,0.11,1.0,1.56,0.22,0.06,0.33,0.0,0.0,0.0,2.33,0.12,1.0,0.11,0.22,1.56,2.5,1.0,0.0,0.0,0.0,0.89,0.0,0.56,0.11,2.39,0.89,0.13,3.39,2.44,27.78,6.22,13.56,18.56,52.5,26.44,0.89,0.44,0.0,10.78,0.78,0.0,0.0,18.38,24.86,0.0,4.92,5.52
8481540,C. Caufield,MTL,F,56,1095.57,0.57,0.45,1.02,2.96,0.73,0.25,0.34,0.25,0.0,0.0,0.0,3.46,0.23,3.07,0.96,0.25,0.73,5.07,2.98,0.09,0.0,0.0,1.07,0.05,0.64,0.34,13.33,30.3,0.93,3.32,2.49,27.41,6.05,17.93,21.45,56.3,26.0,0.8,0.61,0.0,11.8,0.93,0.0,0.0,20.15,28.31,0.0,8.46,8.85
8481542,M. Seider,DET,D,57,1534.54,0.12,0.53,0.65,2.14,1.49,2.23,0.25,0.75,0.0,0.0,0.0,3.04,0.13,2.14,0.16,2.23,1.49,4.65,2.0,0.11,0.04,0.0,0.89,0.04,1.18,0.35,17.45,14.87,0.63,3.0,2.55,27.98,5.93,18.25,21.11,58.47,26.53,0.81,0.65,0.0,11.51,0.88,0.0,0.0,18.69,25.02,0.0,7.72,5.26
8481544,M. Sogaard,OTT,G,4,1161.25,0.0,0.0,0.0,0.0,0.0,0.0,0.0,0.0,0.0,0.0,0.0,3.0,0.0,0.0,0.0,0.0,0.0,0.0,0.0,0.0,0.0,0.0,0.0,0.0,0.0,0.0,0.0,0.0,0.44,3.75,1.94,9.0,0.0,0.0,0.0,0.0,0.0,0.0,0.0,0.0,0.0,0.0,0.0,0.0,0.0,0.0,0.0,0.0,0.0
8481546,C. York,PHI,D,47,1372.87,0.09,0.38,0.47,1.43,0.15,2.04,-0.04,0.43,0.0,0.0,0.0,3.02,0.09,1.43,0.17,2.04,0.15,2.87,1.28,0.02,0.13,0.0,0.45,0.02,0.89,0.21,6.29,11.21,0.43,3.34,2.39,25.74,5.83,16.19,20.32,53.81,24.55,0.66,0.53,0.0,11.09,1.32,0.0,0.0,21.4,28.07,0.0,5.25,3.71
8481547,S. Lundmark,TBL,D,1,1005.0,0.0,0.0,0.0,1.0,2.0,2.0,1.0,0.0,0.0,0.0,0.0,5.0,0.02,1.0,0.0,2.0,2.0,1.0,1.0,0.0,0.0,0.0,0.0,0.0,0.0,0.0,0.0,0.0,0.22,8.0,1.84,31.0,10.0,9.0,27.0,43.0,28.0,2.0,1.0,0.0,8.0,0.0,0.0,0.0,15.0,16.75,0.0,2.3,1.1
8481551,C. Ellis,BUF,G,31,1292.52,0.0,0.0,0.0,0.0,0.0,0.0,0.0,0.0,0.0,0.0,0.0,3.58,0.0,0.0,0.0,0.0,0.0,0.0,0.0,0.0,0.0,0.0,0.0,0.0,0.0,0.0,0.0,0.0,1.16,3.03,2.25,10.71,0.0,0.0,0.0,0.0,0.0,0.0,0.0,0.0,0.0,0.0,0.0,0.0,0.0,0.0,0.0,0.0,0.0
8481553,B. Brink,PHI,F,48,910.4,0.27,0.21,0.48,1.69,1.21,0.58,-0.12,0.42,0.0,0.0,0.0,3.12,0.12,1.75,0.46,0.58,1.21,2.92,1.69,0.04,0.02,0.0,0.46,0.04,0.58,0.12,6.52,15.08,0.46,3.02,2.35,26.15,5.4,16.62,20.77,55.06,25.08,0.6,0.46,0.0,11.12,1.29,0.0,0.0,22.12,30.65,0.0,5.09,4.51
8481554,K. Kakko,SEA,F,38,862.34,0.16,0.37,0.53,1.45,0.53,0.16,0.13,0.16,0.0,0.0,0.0,3.0,0.14,1.5,0.37,0.16,0.53,2.58,1.45,0.05,0.0,0.0,0.37,0.05,0.66,0.29,7.96,17.0,0.44,3.08,2.44,30.0,5.63,17.76,20.37,61.53,28.58,0.82,0.61,0.0,12.68,1.32,0.0,0.0,19.63,28.51,0.0,4.18,5.58
8481556,J. Beecher,BOS/CGY,F,25,589.16,0.04,0.08,0.12,0.84,0.72,0.72,-0.2,1.16,0.0,0.0,0.0,3.12,0.09,0.84,0.2,0.72,0.72,1.64,0.8,0.0,0.04,0.0,0.56,0.0,0.32,0.08,2.46,1.5,0.16,2.68,2.62,29.4,5.92,18.04,19.8,60.24,27.84,1.04,0.52,0.0,13.04,0.88,0.0,0.0,21.13,25.89,0.0,2.7,3.34
8481557,M. Boldy,MIN,F,53,1252.64,0.55,0.55,1.09,3.15,0.75,0.62,0.26,0.49,0.0,0.0,0.0,3.25,0.29,3.28,1.02,0.62,0.75,6.17,3.09,0.13,0.06,0.0,1.25,0.09,1.13,0.43,13.18,28.46,0.95,2.83,2.67,30.26,6.11,17.49,19.06,60.42,28.91,0.85,0.51,0.0,11.55,0.87,0.0,0.0,20.34,29.98,0.0,9.51,10.02
8481559,J. Hughes,NJD,F,36,1257.25,0.33,0.67,1.0,3.53,0.08,0.47,-0.17,0.0,0.0,0.0,0.0,2.81,0.31,3.53,0.69,0.47,0.08,6.44,3.47,0.06,0.0,0.0,1.42,0.03,1.83,0.75,9.93,23.3,0.81,3.06,2.19,27.14,5.5,16.72,19.42,54.92,25.81,0.69,0.64,0.0,10.89,1.11,0.0,0.0,20.67,26.38,0.0,10.95,13.39
8481560,A. Kaliyev,OTT,F,2,636.5,0.0,0.5,0.5,2.0,0.0,0.0,0.0,0.0,0.0,0.0,0.0,4.0,0.18,2.0,0.5,0.0,0.0,4.0,2.0,0.0,0.0,0.0,0.5,0.5,1.0,0.0,4.0,11.5,0.35,4.0,2.28,29.0,8.0,16.0,27.5,55.5,29.0,0.0,0.0,0.0,8.0,1.0,0.0,0.0,21.9,31.96,0.0,6.95,7.75
8481562,D. Fensore,CAR,D,1,1162.0,0.0,0.0,0.0,2.0,1.0,3.0,-2.0,0.0,0.0,0.0,0.0,3.0,0.13,2.0,0.0,3.0,1.0,5.0,2.0,0.0,0.0,0.0,1.0,0.0,0.0,0.0,27.0,26.0,0.33,6.0,2.65,35.0,8.0,17.0,22.0,59.0,32.0,3.0,0.0,0.0,14.0,1.0,0.0,0.0,20.38,16.5,0.0,7.8,4.7
8481563,D. Helleson,ANA,D,48,1047.67,0.04,0.19,0.23,0.69,1.12,1.42,-0.21,0.42,0.0,0.0,0.0,3.31,0.08,0.69,0.04,1.42,1.12,2.19,0.65,0.0,0.04,0.0,0.33,0.04,0.77,0.46,8.34,5.4,0.24,3.48,2.27,29.29,5.94,16.4,18.71,57.27,27.6,0.73,0.96,0.0,11.98,1.23,0.0,0.0,20.66,26.42,0.0,3.78,3.32
8481564,R. Johnson,BUF,D,3,540.0,0.0,0.0,0.0,0.0,0.67,1.0,0.0,0.67,0.0,0.0,0.0,3.0,0.03,0.0,0.0,1.0,0.67,1.33,0.0,0.0,0.0,0.0,0.33,0.0,0.67,0.67,0.0,0.0,0.04,3.67,2.27,35.67,5.33,17.33,23.0,63.33,33.0,0.67,2.0,0.0,10.67,0.67,0.0,0.0,17.98,25.48,0.0,2.2,1.37
8481567,H. Thrun,TOR,D,4,891.75,0.0,0.0,0.0,1.0,0.75,1.0,-0.25,0.0,0.0,0.0,0.0,2.0,0.02,1.0,0.0,1.0,0.75,1.25,1.0,0.0,0.0,0.0,0.25,0.0,0.25,0.0,4.25,10.25,0.11,3.75,2.64,31.0,7.75,15.75,16.75,56.5,29.5,1.0,0.5,0.0,11.0,0.25,0.0,0.0,22.18,32.01,0.0,2.1,0.9
8481568,A. Vlasic,CHI,D,55,1255.51,0.04,0.22,0.25,1.05,0.35,1.42,-0.22,0.2,0.0,0.0,0.0,2.76,0.07,1.05,0.04,1.42,0.35,2.75,0.98,0.0,0.07,0.0,0.44,0.05,1.07,0.35,9.18,12.14,0.21,3.24,2.59,29.96,6.91,13.95,22.76,56.36,28.31,1.11,0.55,0.0,11.91,1.02,0.0,0.0,19.7,28.75,0.0,4.79,2.98
8481569,M. Warren,NYI,D,8,688.62,0.0,0.38,0.38,0.88,0.88,0.62,0.0,0.5,0.0,0.0,0.0,2.25,0.06,0.88,0.12,0.62,0.88,2.38,0.88,0.0,0.0,0.0,0.38,0.0,0.88,0.12,13.12,11.25,0.26,3.25,2.38,27.75,6.5,15.0,21.38,55.75,27.0,0.62,0.12,0.0,9.38,0.5,0.0,0.0,22.11,41.53,0.0,3.72,2.44
8481577,P. Tomasino,PIT,F,9,730.33,0.0,0.11,0.11,1.0,1.22,0.78,-0.22,0.0,0.0,0.0,0.0,3.22,0.13,1.0,0.33,0.78,1.22,2.44,0.89,0.0,0.11,0.0,0.44,0.0,0.33,0.0,14.39,24.72,0.17,2.78,2.08,28.67,4.78,17.22,26.78,57.56,27.44,1.11,0.11,0.0,13.56,1.44,0.0,0.0,19.58,28.5,0.0,4.02,5.84
8481580,C. McMichael,WSH,F,55,1022.51,0.15,0.42,0.56,1.91,0.55,0.55,0.11,0.29,0.0,0.0,0.0,3.18,0.15,1.95,0.44,0.55,0.55,3.29,1.8,0.05,0.09,0.0,0.6,0.04,0.73,0.36,7.17,14.37,0.51,3.04,2.56,28.82,6.42,16.91,18.73,57.56,27.42,0.8,0.6,0.0,11.38,1.07,0.0,0.0,19.79,28.84,0.0,5.68,5.63
8481581,T. Harley,DAL,D,44,1391.02,0.11,0.39,0.5,1.64,0.66,2.32,-0.07,0.23,0.0,0.0,0.0,3.23,0.12,1.64,0.11,2.32,0.66,4.09,1.55,0.05,0.05,0.0,0.89,0.05,1.3,0.61,11.99,16.28,0.48,3.0,2.32,27.27,5.82,16.91,25.36,55.36,25.59,0.93,0.75,0.0,11.41,0.98,0.0,0.0,20.87,29.6,0.0,6.87,5.03
8481582,N. Robertson,TOR,F,53,750.3,0.23,0.26,0.49,1.6,1.08,0.51,-0.06,0.04,0.0,0.0,0.0,3.34,0.1,1.6,0.34,0.51,1.08,2.79,1.53,0.08,0.0,0.0,0.72,0.02,0.89,0.32,6.14,8.06,0.43,3.42,2.6,31.55,6.55,17.04,18.08,60.96,30.15,0.81,0.58,0.0,10.98,0.94,0.0,0.0,20.88,29.55,0.0,4.48,3.74
8481591,S. Poulin,PIT,F,2,829.0,0.0,0.0,0.0,0.5,1.0,1.0,-1.0,0.0,0.0,0.0,0.0,1.0,0.09,0.5,0.0,1.0,1.0,3.0,0.5,0.0,0.0,0.0,1.5,1.0,0.5,0.5,0.0,0.0,0.09,4.0,1.72,21.0,5.0,14.0,21.0,46.0,20.5,0.5,0.0,0.0,6.0,0.0,0.0,0.0,22.18,24.56,0.0,6.1,4.9
8481592,J. Pelletier,TBL,F,2,542.5,0.0,0.0,0.0,0.0,1.5,1.0,0.0,0.0,0.0,0.0,0.0,4.0,0.1,0.0,0.0,1.0,1.5,1.5,0.0,0.0,0.0,0.0,0.0,0.0,0.5,0.0,0.0,0.0,0.02,4.5,1.78,27.0,5.5,12.0,26.0,52.0,25.0,1.5,0.5,0.0,9.5,0.0,0.0,0.0,19.42,28.62,0.0,2.35,4.95
8481593,J. Struble,MTL,D,38,846.87,0.0,0.18,0.18,0.32,1.87,0.45,-0.08,0.95,0.0,0.0,0.0,3.37,0.05,0.32,0.0,0.45,1.87,1.55,0.26,0.03,0.03,0.0,0.18,0.03,1.0,0.16,7.63,3.97,0.09,3.26,2.46,26.84,6.05,17.37,20.11,54.82,25.29,0.92,0.63,0.0,11.68,0.87,0.0,0.0,20.15,28.31,0.0,2.76,1.85
8481594,N. Légaré,NJD,F,1,495.0,0.0,0.0,0.0,0.0,2.0,1.0,0.0,0.0,0.0,0.0,0.0,3.0,0.0,0.0,0.0,1.0,2.0,0.0,0.0,0.0,0.0,0.0,0.0,0.0,0.0,0.0,0.0,0.0,0.1,2.0,2.31,34.0,6.0,23.0,26.0,70.0,34.0,0.0,0.0,0.0,16.0,0.0,0.0,0.0,20.21,35.96,0.0,0.0,0.0
8481596,S. Pinto,OTT,F,45,1126.76,0.33,0.29,0.62,2.18,1.2,0.6,0.04,0.62,0.0,0.0,0.0,3.29,0.21,2.22,0.6,0.6,1.2,4.13,2.2,0.02,0.0,0.0,1.13,0.02,0.71,0.31,10.59,16.63,0.6,3.31,1.86,24.67,5.04,15.4,23.38,48.87,23.58,0.51,0.58,0.0,10.33,0.89,0.0,0.0,19.67,28.46,0.0,7.76,10.12
8481598,P. Broberg,STL,D,55,1381.56,0.05,0.27,0.33,1.29,0.42,1.42,0.0,0.18,0.0,0.0,0.0,2.55,0.11,1.29,0.09,1.42,0.42,3.27,1.25,0.02,0.02,0.0,0.6,0.02,1.35,0.33,13.35,10.26,0.24,3.6,2.12,27.75,5.67,15.71,17.73,54.27,26.05,1.05,0.64,0.0,10.65,1.11,0.0,0.0,21.34,28.84,0.0,5.79,4.99
8481599,V. Soderstrom,BOS,D,8,820.62,0.0,0.12,0.12,1.0,0.12,1.25,0.38,0.0,0.0,0.0,0.0,3.38,0.04,1.0,0.0,1.25,0.12,1.88,1.0,0.0,0.0,0.0,0.0,0.12,1.38,0.25,13.25,6.5,0.05,3.25,2.06,28.62,5.12,16.38,22.88,55.38,27.12,1.25,0.25,0.0,11.5,0.38,0.0,0.0,19.95,25.63,0.0,3.24,1.78
8481600,T. Bjornfot,FLA,D,9,698.89,0.22,0.11,0.33,0.89,0.78,0.78,0.44,0.0,0.0,0.0,0.0,3.11,0.04,0.89,0.22,0.78,0.78,1.22,0.78,0.0,0.11,0.0,0.22,0.0,0.56,0.11,0.0,0.0,0.3,3.0,1.98,22.89,5.11,11.22,21.44,43.22,21.33,0.78,0.78,0.0,9.44,1.78,0.0,0.0,22.32,26.7,0.0,2.36,2.0
8481601,S. Holmstrom,NYI,F,54,993.37,0.24,0.28,0.52,1.15,0.17,0.69,0.11,0.26,0.0,0.0,0.0,2.85,0.13,1.22,0.43,0.69,0.17,2.52,1.13,0.02,0.07,0.0,0.57,0.02,0.65,0.3,7.89,22.19,0.43,2.87,2.33,28.46,5.98,16.52,19.56,57.5,27.15,0.96,0.35,0.0,11.94,0.87,0.0,0.0,19.29,27.61,0.0,4.23,5.23
8481604,P. Dorofeyev,VGK,F,55,1056.49,0.44,0.31,0.75,2.67,0.4,0.4,-0.11,0.33,0.0,0.0,0.0,3.31,0.23,2.75,0.64,0.4,0.4,5.29,2.73,0.02,0.0,0.0,1.05,0.04,0.76,0.18,12.51,26.93,0.68,3.2,2.43,25.11,5.78,16.49,21.67,53.78,23.8,0.8,0.51,0.0,11.78,0.96,0.0,0.0,22.03,28.93,0.0,9.08,8.76
8481605,J. LaCombe,ANA,D,55,1471.4,0.11,0.53,0.64,1.98,0.87,1.71,-0.11,0.18,0.0,0.0,0.0,3.29,0.17,1.98,0.2,1.71,0.87,4.38,1.96,0.0,0.02,0.0,0.8,0.02,1.38,0.56,13.62,14.38,0.55,3.51,2.26,29.13,5.95,16.56,18.58,57.31,27.45,0.73,0.95,0.0,11.91,1.24,0.0,0.0,20.49,25.76,0.0,7.42,7.82
8481606,J. Spence,OTT,D,46,1040.11,0.09,0.3,0.39,1.37,0.76,0.72,0.3,0.22,0.0,0.0,0.0,3.33,0.12,1.37,0.15,0.72,0.76,3.54,1.33,0.04,0.0,0.0,0.63,0.02,0.74,0.24,15.12,18.45,0.35,3.22,1.92,24.93,5.09,14.65,22.13,48.33,23.63,0.61,0.7,0.0,10.2,0.87,0.0,0.0,19.43,26.02,0.0,6.94,6.06
8481607,A. Johansson,DET,D,57,973.33,0.02,0.11,0.12,0.7,0.75,1.4,-0.18,0.21,0.0,0.0,0.0,3.04,0.07,0.7,0.07,1.4,0.75,2.14,0.68,0.02,0.0,0.0,0.33,0.0,0.81,0.26,5.72,6.16,0.14,3.0,2.55,27.98,5.93,18.25,21.11,58.47,26.53,0.81,0.65,0.0,11.51,0.88,0.0,0.0,18.69,25.02,0.0,3.73,2.53
8481609,V. Kolyachonok,DAL/BOS,D,13,752.46,0.08,0.15,0.23,0.92,0.38,1.0,0.15,0.31,0.0,0.0,0.0,3.08,0.06,0.92,0.08,1.0,0.38,1.85,0.92,0.0,0.0,0.0,0.38,0.0,0.31,0.23,4.0,0.54,0.27,2.85,2.29,30.15,6.0,15.62,22.46,56.23,28.92,0.54,0.69,0.0,11.31,1.23,0.0,0.0,21.16,32.75,0.0,2.96,2.33
8481611,P. Kochetkov,CAR,G,14,2100.64,0.0,0.0,0.0,0.0,0.0,0.0,0.0,0.0,0.0,0.0,0.0,3.43,0.0,0.0,0.0,0.0,0.0,0.0,0.0,0.0,0.0,0.0,0.0,0.0,0.0,0.0,0.0,0.0,0.63,3.0,1.99,13.5,0.0,0.0,0.0,0.0,0.0,0.0,0.0,0.0,0.0,0.0,0.0,0.0,0.0,0.0,0.0,0.0,0.0
8481617,V. Podkolzin,EDM,F,56,920.3,0.21,0.2,0.41,1.52,2.91,0.52,0.23,0.79,0.0,0.0,0.0,3.45,0.14,1.52,0.46,0.52,2.91,2.38,1.46,0.04,0.02,0.0,0.66,0.16,0.62,0.16,5.54,7.74,0.43,3.3,2.16,27.27,5.29,15.86,19.57,54.7,26.0,0.71,0.55,0.0,10.79,0.84,0.0,0.0,20.77,26.84,0.0,4.32,6.42
8481618,A. Newhook,MTL,F,17,878.47,0.35,0.35,0.71,1.41,1.53,0.29,0.41,0.47,0.0,0.0,0.0,3.41,0.1,1.41,0.53,0.29,1.53,2.06,1.35,0.06,0.0,0.0,0.65,0.0,0.24,0.06,5.47,6.09,0.64,3.47,2.3,26.71,5.53,17.59,22.06,54.71,25.41,0.94,0.35,0.0,12.0,0.94,0.0,0.0,21.77,25.13,0.0,3.64,4.11
8481624,I. Mikheyev,CHI,F,51,1062.98,0.22,0.24,0.45,1.63,0.49,0.33,0.02,0.27,0.0,0.0,0.0,2.67,0.13,1.63,0.41,0.33,0.49,2.71,1.59,0.02,0.02,0.0,0.69,0.04,0.8,0.29,6.58,10.61,0.39,3.08,2.67,30.35,6.92,14.39,23.22,57.53,28.63,1.14,0.59,0.0,12.02,1.08,0.0,0.0,19.94,28.29,0.0,4.57,4.82
8481641,J. Kiviranta,COL,F,27,596.33,0.07,0.19,0.26,0.81,1.52,0.3,0.07,0.22,0.0,0.0,0.0,3.67,0.05,0.81,0.07,0.3,1.52,1.56,0.74,0.0,0.07,0.0,0.22,0.07,0.33,0.15,5.35,7.57,0.26,2.52,2.38,28.0,5.67,14.89,21.22,54.63,26.48,0.93,0.59,0.0,10.63,1.07,0.0,0.0,19.67,25.1,0.0,2.79,2.27
8481655,C. Schwindt,FLA,F,19,518.26,0.16,0.05,0.21,0.63,1.16,0.37,0.11,0.11,0.0,0.0,0.0,3.21,0.05,0.63,0.32,0.37,1.16,1.21,0.63,0.0,0.0,0.0,0.32,0.11,0.32,0.11,6.14,10.62,0.21,3.37,2.14,24.74,5.74,13.58,20.68,48.16,23.21,0.79,0.74,0.0,11.37,1.37,0.0,0.0,20.57,29.41,0.0,2.61,2.26
8481656,A. Protas,WSH,F,54,1103.31,0.33,0.35,0.69,2.22,0.48,0.59,0.26,0.33,0.0,0.0,0.0,3.2,0.15,2.22,0.52,0.59,0.48,4.19,2.06,0.11,0.06,0.0,0.93,0.02,1.19,0.3,13.33,19.08,0.56,2.96,2.54,28.11,6.2,16.67,19.2,57.19,26.74,0.81,0.56,0.0,11.35,1.11,0.0,0.0,19.89,27.9,0.0,7.08,5.97
8481668,A. Silovs,PIT,G,54,1618.37,0.0,0.0,0.0,0.0,0.0,0.0,0.0,0.0,0.0,0.0,0.0,3.39,0.0,0.0,0.0,0.0,0.0,0.0,0.0,0.0,0.0,0.0,0.0,0.0,0.0,0.0,0.0,0.0,0.84,3.0,2.15,12.48,0.0,0.0,0.0,0.0,0.0,0.0,0.0,0.0,0.0,0.0,0.0,0.0,0.0,0.0,0.0,0.0,0.0
8481692,D. Wolf,CGY,G,55,2507.18,0.0,0.0,0.0,0.0,0.0,0.0,0.0,0.0,0.0,0.0,0.0,2.51,0.0,0.0,0.0,0.0,0.0,0.0,0.0,0.0,0.0,0.0,0.0,0.0,0.0,0.0,0.0,0.0,0.45,3.02,2.53,19.98,0.0,0.0,0.0,0.0,0.0,0.0,0.0,0.0,0.0,0.0,0.0,0.0,0.0,0.0,0.0,0.0,0.0
8481704,J. Parssinen,NYR,F,14,535.79,0.14,0.07,0.21,0.86,1.43,0.64,0.21,0.14,0.0,0.0,0.0,2.5,0.07,0.86,0.21,0.64,1.43,1.5,0.86,0.0,0.0,0.0,0.57,0.0,0.43,0.21,2.0,0.5,0.25,2.86,2.06,26.86,4.93,15.36,17.93,53.79,25.57,0.43,0.86,0.0,9.43,1.14,0.0,0.0,21.95,33.49,0.0,2.64,3.71
8481711,M. Maccelli,TOR,F,45,883.78,0.18,0.31,0.49,1.2,0.27,0.24,-0.29,0.18,0.0,0.0,0.0,3.33,0.1,1.2,0.29,0.24,0.27,2.33,1.16,0.04,0.0,0.0,0.44,0.0,0.82,0.16,3.19,5.16,0.35,3.71,2.63,31.47,6.91,16.73,17.98,60.38,30.09,0.8,0.58,0.0,11.16,1.04,0.0,0.0,20.83,29.58,0.0,3.8,4.02
8481712,M. Blümel,BOS,F,4,652.0,0.0,0.0,0.0,1.0,0.5,0.5,-0.75,0.0,0.0,0.0,0.0,2.25,0.12,1.0,0.25,0.5,0.5,2.5,1.0,0.0,0.0,0.0,1.25,0.0,0.75,0.0,6.75,7.5,0.0,2.25,3.19,35.25,6.75,22.0,16.0,74.25,34.5,0.25,0.5,0.0,12.5,1.25,0.0,0.0,15.92,23.0,0.0,3.32,4.15
8481715,H. Skinner,STL,D,1,645.0,0.0,0.0,0.0,0.0,4.0,1.0,1.0,0.0,0.0,0.0,0.0,5.0,0.02,0.0,0.0,1.0,4.0,1.0,0.0,0.0,0.0,0.0,0.0,0.0,0.0,0.0,0.0,0.0,0.15,6.0,2.2,33.0,9.0,12.0,18.0,48.0,29.0,4.0,0.0,0.0,9.0,0.0,0.0,0.0,21.89,49.89,0.0,2.0,0.9
8481716,D. Voronkov,CBJ,F,54,882.13,0.31,0.28,0.59,1.89,1.72,0.44,-0.06,1.09,0.0,0.0,0.0,3.19,0.19,1.89,0.76,0.44,1.72,3.2,1.78,0.09,0.02,0.0,0.57,0.04,0.7,0.17,8.11,9.66,0.55,3.28,2.21,30.87,5.78,16.28,17.46,59.35,29.41,0.96,0.5,0.0,10.8,1.13,0.0,0.0,20.62,29.53,0.0,5.22,7.78
8481719,M. Crozier,TBL,D,34,959.82,0.03,0.26,0.29,1.29,1.12,0.91,0.21,1.18,0.0,0.0,0.0,3.59,0.08,1.29,0.06,0.91,1.12,2.85,1.06,0.06,0.18,0.0,0.35,0.0,0.53,0.15,12.15,12.9,0.31,2.76,1.97,25.94,5.15,13.85,23.44,50.35,24.38,0.79,0.76,0.0,10.12,1.03,0.0,0.0,21.51,29.34,0.0,5.71,4.3
8481721,A. Gritsyuk,NJD,F,51,907.49,0.18,0.27,0.45,2.24,0.96,0.29,-0.06,0.35,0.0,0.0,0.0,2.67,0.15,2.25,0.27,0.29,0.96,4.12,2.22,0.04,0.0,0.0,0.98,0.1,0.69,0.29,9.46,18.51,0.46,3.22,2.16,28.08,5.55,16.1,19.69,54.98,26.76,0.71,0.61,0.0,10.96,1.08,0.0,0.0,20.36,26.21,0.0,7.48,7.19
8481725,E. Soderblom,DET,F,37,647.03,0.05,0.03,0.08,1.14,1.68,0.3,-0.11,0.32,0.0,0.0,0.0,2.78,0.11,1.14,0.16,0.3,1.68,2.65,1.08,0.05,0.0,0.0,0.43,0.05,0.76,0.19,5.28,6.14,0.11,2.95,2.57,28.49,5.86,18.54,22.05,59.62,27.0,0.86,0.62,0.0,11.78,0.95,0.0,0.0,19.1,25.67,0.0,4.39,4.2
8481726,A. Edstrom,NYR,F,24,574.0,0.08,0.08,0.17,0.88,2.0,0.54,0.21,0.08,0.0,0.0,0.0,2.75,0.06,0.88,0.21,0.54,2.0,1.54,0.83,0.04,0.0,0.0,0.29,0.0,0.5,0.21,4.23,4.42,0.21,2.58,2.53,28.71,5.83,16.42,19.42,57.71,27.42,0.79,0.5,0.0,9.54,0.83,0.0,0.0,21.72,29.56,0.0,2.67,2.29
8481732,A. Lee,LAK,F,7,617.0,0.14,0.14,0.29,0.71,2.43,0.43,-0.29,0.0,0.0,0.0,0.0,2.0,0.11,0.71,0.14,0.43,2.43,1.86,0.71,0.0,0.0,0.0,0.43,0.0,0.29,0.43,0.0,0.0,0.34,3.29,2.25,26.43,6.86,13.29,21.71,49.14,25.86,0.43,0.14,0.0,10.57,1.43,0.0,0.0,20.0,41.32,0.0,3.57,4.77
8481754,N. Nesterenko,ANA,F,29,735.41,0.03,0.28,0.31,1.07,1.83,0.28,-0.07,0.28,0.0,0.0,0.0,3.76,0.1,1.07,0.17,0.28,1.83,2.34,0.86,0.17,0.03,0.0,0.59,0.0,0.48,0.03,4.25,6.3,0.29,3.62,2.27,29.0,6.24,16.14,18.72,56.24,27.21,0.76,1.03,0.0,11.55,1.31,0.0,0.0,21.05,25.88,0.0,4.23,4.33
8481789,T. Kartye,SEA,F,38,644.76,0.05,0.13,0.18,0.68,2.5,0.61,-0.18,0.55,0.0,0.0,0.0,2.66,0.08,0.68,0.21,0.61,2.5,1.89,0.68,0.0,0.0,0.0,0.42,0.03,0.5,0.24,5.78,3.78,0.22,2.97,2.39,29.95,5.74,17.5,20.0,60.79,28.63,0.76,0.55,0.0,12.26,1.13,0.0,0.0,19.77,27.5,0.0,3.32,3.67
8481806,L. Crevier,CHI,D,53,976.75,0.08,0.21,0.28,1.47,1.58,1.08,0.0,0.81,0.0,0.0,0.0,2.79,0.09,1.49,0.13,1.08,1.58,3.17,1.38,0.02,0.09,0.0,0.55,0.04,0.83,0.21,16.12,15.08,0.3,3.26,2.59,29.96,6.94,14.11,23.0,56.57,28.3,1.11,0.55,0.0,11.92,1.04,0.0,0.0,19.9,28.94,0.0,5.43,3.66
8481848,J. Gaucher,PHI,F,3,526.0,0.0,0.0,0.0,1.0,0.67,0.33,-0.33,0.0,0.0,0.0,0.0,2.67,0.05,1.0,0.0,0.33,0.67,1.33,1.0,0.0,0.0,0.0,0.33,0.0,0.67,0.0,0.0,0.0,0.01,3.67,1.91,23.0,6.67,13.67,23.67,45.0,21.67,0.67,0.67,0.0,11.67,2.67,0.0,0.0,25.4,26.35,0.0,2.9,2.77
8482055,D. O'Connor,VAN,F,56,839.12,0.23,0.14,0.38,1.45,0.77,0.32,0.05,0.39,0.0,0.0,0.0,2.62,0.14,1.45,0.43,0.32,0.77,2.96,1.41,0.04,0.0,0.0,0.7,0.04,0.79,0.23,7.79,15.13,0.32,3.66,2.69,30.25,7.04,15.41,18.86,58.05,28.93,0.68,0.64,0.0,12.04,1.05,0.0,0.0,18.92,28.4,0.0,5.12,5.06
8482062,C. Smith,NSH,F,36,868.83,0.17,0.08,0.25,1.42,2.97,0.25,-0.14,0.86,0.0,0.0,0.0,2.86,0.17,1.42,0.47,0.25,2.97,2.89,1.25,0.06,0.11,0.0,0.67,0.03,0.36,0.28,7.78,12.48,0.35,3.33,2.1,30.08,5.64,13.56,20.19,53.78,28.97,0.75,0.36,0.0,11.14,1.19,0.0,0.0,21.11,26.53,0.0,5.23,7.66
8482070,M. Chaffee,TBL,F,7,569.43,0.0,0.0,0.0,1.14,2.71,0.29,0.0,0.57,0.0,0.0,0.0,2.57,0.09,1.14,0.29,0.29,2.71,1.43,1.14,0.0,0.0,0.0,0.14,0.0,0.71,0.0,3.57,5.93,0.06,3.43,2.28,30.43,5.43,15.57,26.57,58.71,28.43,1.14,0.86,0.0,11.71,1.0,0.0,0.0,22.77,28.24,0.0,2.53,3.89
8482072,J. Ahcan,COL,D,9,686.67,0.0,0.22,0.22,0.56,0.67,0.67,0.33,0.0,0.0,0.0,0.0,4.44,0.08,0.56,0.11,0.67,0.67,1.56,0.56,0.0,0.0,0.0,0.33,0.0,0.56,0.0,9.44,5.67,0.16,2.89,2.52,27.0,6.0,15.44,21.56,54.67,25.22,0.89,0.89,0.0,13.11,1.22,0.0,0.0,22.39,35.16,0.0,2.88,3.36
8482073,B. Schneider,NYR,D,56,1216.89,0.04,0.16,0.2,1.32,2.14,1.59,-0.25,0.29,0.0,0.0,0.0,2.7,0.08,1.32,0.05,1.59,2.14,3.11,1.21,0.02,0.09,0.0,0.66,0.07,1.09,0.3,9.79,9.53,0.24,3.18,2.49,28.59,6.18,16.39,19.68,57.14,27.29,0.68,0.62,0.0,10.61,0.8,0.0,0.0,20.92,27.56,0.0,5.36,3.31
8482074,C. Zary,CGY,F,53,868.51,0.15,0.23,0.38,1.51,0.62,0.26,-0.11,0.26,0.0,0.0,0.0,2.51,0.12,1.55,0.36,0.26,0.62,2.64,1.38,0.17,0.0,0.0,0.66,0.04,0.6,0.17,6.55,8.29,0.34,2.98,2.52,28.91,5.91,16.23,19.51,56.66,27.02,1.11,0.77,0.0,11.66,0.98,0.0,0.0,20.28,24.25,0.0,4.52,4.7
8482076,N. Daws,NJD,G,5,720.0,0.0,0.0,0.0,0.0,0.0,0.0,0.0,0.0,0.0,0.0,0.0,4.0,0.0,0.0,0.0,0.0,0.0,0.0,0.0,0.0,0.0,0.0,0.0,0.0,0.0,0.0,0.0,0.0,1.94,1.6,2.14,6.2,0.0,0.0,0.0,0.0,0.0,0.0,0.0,0.0,0.0,0.0,0.0,0.0,0.0,0.0,0.0,0.0,0.0
8482077,D. Holloway,STL,F,34,1063.18,0.24,0.26,0.5,2.32,2.68,0.79,-0.38,0.32,0.0,0.0,0.0,2.47,0.18,2.32,0.38,0.79,2.68,4.5,2.26,0.03,0.03,0.0,1.03,0.03,0.62,0.12,8.97,12.08,0.56,3.62,2.17,28.12,5.97,15.94,18.38,53.71,26.47,1.03,0.62,0.0,10.76,1.12,0.0,0.0,21.15,26.84,0.0,7.92,8.17
8482078,L. Raymond,DET,F,55,1113.45,0.35,0.75,1.09,2.13,0.53,0.44,0.2,0.22,0.0,0.0,0.0,3.04,0.16,2.22,0.58,0.44,0.53,4.24,2.16,0.05,0.0,0.0,0.84,0.09,1.0,0.44,11.2,26.26,0.87,3.07,2.52,28.04,5.87,18.04,20.93,58.15,26.55,0.82,0.67,0.0,11.38,0.85,0.0,0.0,18.74,25.25,0.0,7.02,6.07
8482079,M. Rossi,MIN/VAN,F,25,1097.56,0.2,0.4,0.6,1.44,0.64,0.8,-0.44,0.16,0.0,0.0,0.0,2.92,0.13,1.48,0.32,0.8,0.64,2.92,1.48,0.0,0.0,0.0,0.76,0.04,0.84,0.24,5.23,3.96,0.49,3.32,2.69,31.36,6.88,16.48,20.12,59.32,29.96,0.64,0.76,0.0,11.44,0.72,0.0,0.0,19.45,30.71,0.0,4.68,4.84
8482087,K. Guhle,MTL,D,16,1117.62,0.06,0.19,0.25,1.0,2.12,1.31,-0.12,0.81,0.0,0.0,0.0,3.69,0.07,1.0,0.12,1.31,2.12,2.56,1.0,0.0,0.0,0.0,0.5,0.0,1.06,0.62,3.19,4.06,0.28,3.31,2.36,25.69,5.25,18.25,22.94,54.31,24.31,0.69,0.69,0.0,10.94,0.94,0.0,0.0,21.27,29.35,0.0,4.59,3.51
8482088,J. Sourdif,WSH,F,53,878.6,0.23,0.25,0.47,1.49,1.26,0.45,0.25,0.4,0.0,0.0,0.0,3.19,0.14,1.49,0.42,0.45,1.26,2.94,1.45,0.04,0.0,0.0,0.58,0.0,0.64,0.25,6.34,6.85,0.44,3.02,2.55,28.89,6.38,16.89,18.85,57.92,27.64,0.74,0.51,0.0,11.4,1.15,0.0,0.0,19.72,29.52,0.0,4.95,5.38
8482089,J. Neighbours,STL,F,43,943.58,0.33,0.26,0.58,1.4,2.47,0.51,-0.21,0.51,0.0,0.0,0.0,2.53,0.17,1.44,0.63,0.51,2.47,2.44,1.37,0.05,0.02,0.0,0.6,0.02,0.7,0.21,8.08,12.88,0.53,3.44,2.15,27.51,5.49,15.53,18.37,54.58,25.98,0.88,0.65,0.0,10.67,1.05,0.0,0.0,21.23,28.25,0.0,4.41,7.16
8482090,J. Finley,TBL,F,20,512.15,0.1,0.05,0.15,0.5,1.65,0.2,0.1,1.05,0.0,0.0,0.0,2.75,0.05,0.5,0.1,0.2,1.65,0.85,0.5,0.0,0.0,0.0,0.15,0.0,0.25,0.0,2.5,4.4,0.16,2.2,1.73,24.95,3.9,13.15,22.3,48.8,23.65,0.8,0.5,0.0,9.95,0.75,0.0,0.0,22.97,30.71,0.0,1.69,2.57
8482092,R. Greig,OTT,F,50,1000.34,0.18,0.32,0.5,1.78,1.26,0.66,0.16,1.22,0.0,0.0,0.0,3.44,0.16,1.78,0.46,0.66,1.26,3.16,1.7,0.06,0.02,0.0,0.64,0.02,0.66,0.22,7.98,11.3,0.48,3.32,1.86,24.64,5.02,15.12,23.26,48.38,23.42,0.5,0.72,0.0,10.38,0.78,0.0,0.0,19.88,27.16,0.0,6.19,7.99
8482093,S. Jarvis,CAR,F,47,1142.53,0.49,0.38,0.87,3.17,1.47,0.43,0.17,0.13,0.0,0.0,0.0,3.51,0.23,3.28,0.89,0.43,1.47,4.74,3.26,0.02,0.0,0.0,1.17,0.04,0.87,0.53,11.29,22.11,0.85,2.7,2.09,24.77,5.64,11.6,24.38,45.83,23.32,0.83,0.62,0.0,9.64,1.34,0.0,0.0,19.75,30.67,0.0,9.59,10.09
8482094,D. Hunt,MIN,D,25,710.72,0.0,0.2,0.2,0.48,0.6,1.4,0.0,0.16,0.0,0.0,0.0,3.72,0.04,0.48,0.0,1.4,0.6,1.32,0.44,0.0,0.04,0.0,0.32,0.04,0.48,0.04,4.08,5.54,0.19,2.6,2.65,29.48,5.6,17.04,17.56,60.04,28.56,0.76,0.16,0.0,11.84,0.92,0.0,0.0,20.85,26.36,0.0,2.28,1.82
8482095,T. Kleven,OTT,D,50,1000.9,0.02,0.2,0.22,1.26,1.78,1.4,-0.06,0.52,0.0,0.0,0.0,3.32,0.08,1.26,0.02,1.4,1.78,2.72,1.12,0.02,0.12,0.0,0.46,0.0,1.04,0.42,13.18,11.62,0.25,3.14,1.87,24.72,4.86,15.14,22.54,48.88,23.5,0.6,0.62,0.0,10.24,0.9,0.0,0.0,19.32,27.6,0.0,5.25,4.24
8482097,J. Quinn,BUF,F,55,938.76,0.22,0.42,0.64,2.04,0.47,0.36,0.04,0.22,0.0,0.0,0.0,3.45,0.17,2.09,0.49,0.36,0.47,4.02,2.04,0.05,0.0,0.0,0.78,0.0,0.96,0.18,7.85,19.46,0.51,3.04,2.22,30.09,5.47,16.71,22.56,59.31,28.31,0.96,0.82,0.0,11.55,1.15,0.0,0.0,20.68,26.59,0.0,6.46,7.46
8482100,A. Nikishin,CAR,D,54,1107.13,0.13,0.28,0.41,1.59,1.83,1.15,0.19,0.43,0.0,0.0,0.0,3.46,0.11,1.59,0.17,1.15,1.83,4.02,1.52,0.02,0.06,0.0,0.56,0.06,1.19,0.3,13.48,20.31,0.37,2.91,2.19,24.85,6.06,11.89,23.98,46.3,23.31,0.87,0.67,0.0,9.59,1.3,0.0,0.0,19.79,29.99,0.0,8.27,5.08
8482103,O. Wiesblatt,NSH,F,29,627.55,0.03,0.1,0.14,0.83,2.52,0.48,-0.24,1.1,0.0,0.0,0.0,2.72,0.08,0.86,0.14,0.48,2.52,1.79,0.76,0.1,0.0,0.0,0.52,0.0,0.45,0.21,4.28,8.79,0.2,3.72,1.89,28.07,5.45,11.14,19.72,49.24,26.97,0.66,0.45,0.0,10.21,1.14,0.0,0.0,21.17,23.95,0.0,3.57,4.19
8482105,J. Sanderson,OTT,D,55,1506.55,0.18,0.62,0.8,2.11,0.49,1.96,0.18,0.15,0.0,0.0,0.0,3.38,0.17,2.11,0.2,1.96,0.49,5.33,2.04,0.02,0.05,0.0,0.64,0.04,1.13,0.47,15.33,21.77,0.72,3.25,1.88,24.84,5.0,14.93,23.16,48.56,23.62,0.56,0.65,0.0,10.36,0.85,0.0,0.0,19.84,28.25,0.0,10.04,8.19
8482109,A. Lafrenière,NYR,F,56,1024.73,0.21,0.36,0.57,1.88,1.38,0.62,-0.25,0.25,0.0,0.0,0.0,2.7,0.17,1.88,0.38,0.62,1.38,3.86,1.84,0.04,0.0,0.0,0.75,0.12,0.57,0.27,11.16,15.91,0.56,3.18,2.49,28.59,6.18,16.39,19.68,57.14,27.29,0.68,0.62,0.0,10.61,0.8,0.0,0.0,20.92,27.56,0.0,6.39,6.58
8482110,D. Mercer,NJD,F,55,1100.95,0.24,0.31,0.55,1.91,0.42,0.62,0.02,0.56,0.0,0.0,0.0,2.64,0.19,1.91,0.49,0.62,0.42,3.84,1.78,0.11,0.02,0.0,0.78,0.04,0.85,0.36,9.57,15.31,0.49,3.07,2.18,28.2,5.53,16.11,19.71,55.35,26.82,0.76,0.62,0.0,10.84,1.05,0.0,0.0,20.59,26.74,0.0,6.74,8.77
8482111,J. Barron,NSH,D,31,828.9,0.0,0.16,0.16,0.61,0.58,1.03,-0.16,0.26,0.0,0.0,0.0,2.87,0.06,0.61,0.03,1.03,0.58,1.87,0.61,0.0,0.0,0.0,0.23,0.0,1.19,0.03,6.56,4.37,0.05,3.65,2.0,30.06,5.55,12.55,19.77,52.06,29.03,0.68,0.35,0.0,10.71,1.19,0.0,0.0,20.97,24.36,0.0,3.55,3.15
8482113,A. Lundell,FLA,F,52,1150.46,0.29,0.4,0.69,2.31,1.21,0.6,-0.17,0.54,0.0,0.0,0.0,3.08,0.18,2.38,0.56,0.6,1.21,4.38,2.31,0.08,0.0,0.0,0.96,0.04,1.06,0.17,10.13,26.44,0.59,3.25,2.31,26.0,6.31,13.83,20.44,51.29,24.29,1.0,0.71,0.0,10.35,1.31,0.0,0.0,20.6,27.66,0.0,8.06,7.43
8482116,T. Stützle,OTT,F,55,1234.91,0.47,0.6,1.07,2.56,1.58,0.67,0.15,0.56,0.0,0.0,0.0,3.38,0.24,2.6,0.95,0.67,1.58,4.2,2.56,0.02,0.02,0.0,1.18,0.09,1.36,0.44,11.19,18.34,0.88,3.25,1.88,24.84,5.0,14.93,23.16,48.56,23.62,0.56,0.65,0.0,10.36,0.85,0.0,0.0,19.84,28.25,0.0,8.02,10.92
8482117,L. Reichel,CHI/VAN,F,19,735.21,0.11,0.16,0.26,0.79,0.37,0.58,-0.21,0.32,0.0,0.0,0.0,3.37,0.08,0.79,0.16,0.58,0.37,1.89,0.79,0.0,0.0,0.0,0.42,0.0,0.68,0.11,4.79,6.37,0.2,3.58,2.88,31.0,7.58,16.26,19.32,60.58,29.89,0.53,0.58,0.0,14.0,0.89,0.0,0.0,19.93,32.69,0.0,3.11,2.64
8482118,S. Colangelo,ANA,F,9,610.67,0.11,0.0,0.11,0.78,1.22,0.11,-0.33,0.44,0.0,0.0,0.0,3.11,0.06,0.78,0.11,0.11,1.22,1.89,0.78,0.0,0.0,0.0,0.56,0.11,0.89,0.11,5.89,6.67,0.06,2.67,2.59,31.89,5.89,15.67,20.11,62.56,29.78,1.0,1.11,0.0,12.22,1.67,0.0,0.0,19.7,29.87,0.0,2.98,2.13
8482122,B. Faber,MIN,D,57,1497.63,0.23,0.4,0.63,2.12,0.32,2.09,0.33,0.25,0.0,0.0,0.0,3.33,0.14,2.12,0.26,2.09,0.32,4.26,2.02,0.02,0.09,0.0,0.91,0.05,1.23,0.54,14.8,16.21,0.6,2.88,2.64,30.26,6.07,17.47,19.07,60.25,28.91,0.86,0.49,0.0,11.63,0.89,0.0,0.0,20.41,29.63,0.0,6.88,5.24
8482123,D. Commesso,CHI,G,2,3600.0,0.0,0.0,0.0,0.0,0.0,0.0,0.0,0.0,0.0,0.0,0.0,2.0,0.0,0.0,0.0,0.0,0.0,0.0,0.0,0.0,0.0,0.0,0.0,0.0,0.0,0.0,0.0,0.0,0.17,2.5,2.66,30.0,0.0,0.0,0.0,0.0,0.0,0.0,0.0,0.0,0.0,0.0,0.0,0.0,0.0,0.0,0.0,0.0,0.0
8482124,Q. Byfield,LAK,F,53,1201.64,0.21,0.36,0.57,2.08,0.74,0.55,-0.09,0.49,0.0,0.0,0.0,2.68,0.18,2.11,0.45,0.55,0.74,4.23,2.04,0.06,0.02,0.0,0.81,0.02,1.04,0.45,8.85,10.93,0.5,2.81,2.4,27.85,6.17,15.15,19.91,54.38,26.23,1.13,0.49,0.0,10.4,1.15,0.0,0.0,21.11,33.18,0.0,7.48,7.3
8482125,A. Holtz,VGK,F,24,682.54,0.08,0.21,0.29,1.0,0.96,0.46,0.0,0.42,0.0,0.0,0.0,3.62,0.08,1.0,0.12,0.46,0.96,2.38,0.96,0.04,0.0,0.0,0.29,0.0,0.71,0.04,3.96,5.38,0.23,3.12,2.42,24.96,5.88,17.29,20.54,54.67,23.46,0.96,0.54,0.0,12.58,0.88,0.0,0.0,20.46,28.11,0.0,4.09,3.07
8482126,E. Andrae,PHI,D,40,1014.1,0.02,0.25,0.28,0.65,1.15,0.98,0.28,0.4,0.0,0.0,0.0,3.22,0.07,0.65,0.08,0.98,1.15,2.2,0.6,0.02,0.02,0.0,0.28,0.0,0.7,0.12,10.4,11.6,0.23,3.22,2.37,25.72,5.6,16.05,20.88,54.42,24.52,0.6,0.6,0.0,11.08,1.3,0.0,0.0,21.42,29.94,0.0,4.04,3.02
8482131,D. Sebrango,OTT/FLA,D,18,762.61,0.0,0.11,0.11,0.56,1.61,0.67,-0.22,2.44,0.0,0.0,0.0,3.0,0.06,0.56,0.0,0.67,1.61,2.11,0.5,0.0,0.06,0.0,0.44,0.06,0.83,0.11,12.33,9.36,0.08,4.0,2.24,27.17,7.0,12.67,21.0,50.78,25.61,0.72,0.83,0.0,10.67,1.06,0.0,0.0,21.37,35.64,0.0,4.12,2.86
8482132,B. Berard,NYR,F,13,632.54,0.0,0.0,0.0,0.77,1.31,0.69,-0.08,0.46,0.0,0.0,0.0,2.85,0.12,0.77,0.23,0.69,1.31,2.69,0.77,0.0,0.0,0.0,0.69,0.0,0.69,0.08,10.41,3.28,0.03,2.62,2.65,28.08,5.08,18.38,21.46,59.31,26.92,0.62,0.54,0.0,11.85,0.85,0.0,0.0,21.97,26.5,0.0,4.42,4.33
8482137,Y. Askarov,SJS,G,53,2087.96,0.0,0.0,0.0,0.0,0.0,0.0,0.0,0.0,0.0,0.0,0.0,3.17,0.0,0.0,0.0,0.0,0.0,0.0,0.0,0.0,0.0,0.0,0.0,0.0,0.0,0.0,0.0,0.0,0.2,3.49,2.24,18.06,0.0,0.0,0.0,0.0,0.0,0.0,0.0,0.0,0.0,0.0,0.0,0.0,0.0,0.0,0.0,0.0,0.0
8482142,J. Drysdale,PHI,D,51,1288.33,0.06,0.35,0.41,1.16,0.24,1.08,-0.16,0.47,0.0,0.0,0.0,3.1,0.1,1.16,0.12,1.08,0.24,3.18,1.14,0.0,0.02,0.0,0.65,0.08,0.63,0.2,8.69,10.61,0.36,3.18,2.36,26.04,5.59,16.29,20.98,54.55,24.9,0.67,0.47,0.0,11.22,1.27,0.0,0.0,21.93,29.76,0.0,5.7,4.1
8482145,M. Bourque,DAL,F,56,861.43,0.18,0.2,0.38,1.64,0.71,0.29,-0.05,0.07,0.0,0.0,0.0,3.36,0.09,1.64,0.29,0.29,0.71,2.5,1.61,0.0,0.04,0.0,0.55,0.04,0.57,0.18,4.43,6.11,0.36,2.79,2.3,27.39,5.79,16.54,25.07,55.14,25.86,0.82,0.71,0.0,11.36,1.07,0.0,0.0,20.7,29.73,0.0,4.38,3.91
8482146,L. Evangelista,NSH,F,54,1005.28,0.13,0.63,0.76,2.19,0.19,0.26,0.13,0.22,0.0,0.0,0.0,2.96,0.21,2.19,0.43,0.26,0.19,4.24,2.06,0.11,0.02,0.0,0.87,0.02,0.8,0.33,9.76,13.36,0.63,3.46,2.03,29.22,5.52,12.83,19.8,52.0,28.02,0.72,0.48,0.0,10.72,1.07,0.0,0.0,20.63,26.36,0.0,7.95,9.89
8482148,H. Lapierre,WSH,F,54,511.31,0.04,0.13,0.17,0.78,0.63,0.3,0.0,0.22,0.0,0.0,0.0,3.26,0.08,0.78,0.15,0.3,0.63,1.48,0.74,0.02,0.02,0.0,0.35,0.04,0.43,0.09,3.88,7.56,0.15,3.07,2.55,28.5,6.37,16.94,18.93,57.54,27.15,0.78,0.57,0.0,11.57,1.06,0.0,0.0,19.97,28.98,0.0,2.54,3.29
8482149,C. Perfetti,WPG,F,41,871.93,0.15,0.29,0.44,1.83,0.78,0.46,-0.15,0.29,0.0,0.0,0.0,2.76,0.19,1.83,0.41,0.46,0.78,3.88,1.73,0.07,0.02,0.0,0.85,0.02,0.9,0.32,9.76,14.77,0.39,3.29,2.28,27.56,5.9,14.78,18.8,53.59,26.15,0.73,0.68,0.0,10.71,1.07,0.0,0.0,20.14,27.5,0.0,6.87,8.23
8482155,A. Laferriere,LAK,F,54,1045.65,0.24,0.24,0.48,2.33,2.8,0.59,0.13,0.22,0.0,0.0,0.0,2.65,0.19,2.33,0.48,0.59,2.8,4.91,2.22,0.09,0.02,0.0,1.19,0.07,1.09,0.22,12.52,10.82,0.48,2.83,2.39,27.81,6.19,15.17,19.89,54.26,26.2,1.11,0.5,0.0,10.41,1.13,0.0,0.0,21.04,33.04,0.0,8.58,7.97
8482157,W. Cuylle,NYR,F,56,1028.89,0.23,0.25,0.48,1.88,3.54,1.0,-0.32,0.7,0.0,0.0,0.0,2.7,0.16,1.88,0.36,1.0,3.54,3.95,1.86,0.02,0.0,0.0,0.98,0.07,0.62,0.14,6.9,10.52,0.55,3.18,2.49,28.59,6.18,16.39,19.68,57.14,27.29,0.68,0.62,0.0,10.61,0.8,0.0,0.0,20.92,27.56,0.0,6.66,6.3
8482159,T. Foerster,PHI,F,21,1046.62,0.48,0.14,0.62,1.95,0.95,0.86,0.33,0.86,0.0,0.0,0.0,3.0,0.12,1.95,0.57,0.86,0.95,3.14,1.9,0.05,0.0,0.0,0.81,0.05,0.52,0.38,9.64,20.72,0.63,2.95,2.41,27.76,5.76,16.24,21.19,55.48,26.9,0.52,0.33,0.0,11.76,1.29,0.0,0.0,21.15,28.34,0.0,5.67,5.23
8482165,Y. Kuznetsov,CGY,D,41,1212.44,0.1,0.12,0.22,1.12,1.32,1.66,-0.2,0.68,0.0,0.0,0.0,2.61,0.07,1.12,0.1,1.66,1.32,2.32,1.07,0.02,0.02,0.0,0.29,0.0,0.95,0.1,12.44,19.32,0.23,2.88,2.57,28.63,5.93,16.46,18.83,57.34,26.95,1.12,0.56,0.0,12.1,1.02,0.0,0.0,20.7,23.54,0.0,4.08,2.69
8482166,S. Mukhamadullin,SJS,D,25,977.8,0.12,0.16,0.28,0.88,0.48,1.28,-0.16,0.48,0.0,0.0,0.0,3.2,0.06,0.88,0.12,1.28,0.48,2.08,0.8,0.04,0.04,0.0,0.48,0.04,1.08,0.16,4.38,6.28,0.2,3.36,2.21,30.64,5.96,16.32,17.4,58.12,29.28,0.76,0.6,0.0,11.48,1.2,0.0,0.0,18.68,23.9,0.0,3.68,2.95
8482167,B. Trineyev,WSH,F,2,631.5,0.0,0.0,0.0,0.5,0.5,1.0,0.0,0.0,0.0,0.0,0.0,2.5,0.03,0.5,0.0,1.0,0.5,1.5,0.0,0.5,0.0,0.0,0.0,0.0,0.5,0.5,0.0,0.0,0.08,2.5,2.4,28.5,6.0,14.5,25.0,53.0,26.0,1.5,1.0,0.0,12.0,0.5,0.0,0.0,14.32,26.85,0.0,2.9,1.2
8482168,M. Groshev,TBL,D,2,690.0,0.0,0.5,0.5,0.5,0.0,0.5,0.5,0.0,0.0,0.0,0.0,3.5,0.01,0.5,0.0,0.5,0.0,0.5,0.5,0.0,0.0,0.0,0.0,0.0,0.5,0.0,0.0,0.0,0.34,2.0,2.47,32.0,4.0,23.5,22.0,74.5,31.5,0.5,0.0,0.0,11.5,1.5,0.0,0.0,20.22,25.8,0.0,0.6,0.4
8482172,L. Slaggert,CHI,F,29,658.62,0.07,0.1,0.17,0.97,1.48,0.48,0.1,0.48,0.0,0.0,0.0,2.79,0.08,0.97,0.24,0.48,1.48,1.93,0.9,0.03,0.03,0.0,0.48,0.07,0.21,0.1,3.45,1.76,0.24,3.34,2.53,28.86,6.86,13.66,23.07,54.41,27.31,1.14,0.41,0.0,11.69,1.14,0.0,0.0,19.85,30.14,0.0,3.72,3.38
8482175,J. Peterka,UTA,F,56,994.8,0.36,0.32,0.68,1.96,0.23,0.29,0.2,0.43,0.0,0.0,0.0,3.2,0.17,1.98,0.54,0.29,0.23,3.71,1.95,0.04,0.0,0.0,0.73,0.0,1.11,0.25,5.39,6.96,0.52,2.79,1.99,25.93,4.64,15.36,21.62,52.41,24.41,1.0,0.52,0.0,10.8,1.38,0.0,0.0,20.38,27.68,0.0,6.9,8.09
8482176,W. Kaiser,CHI,D,56,1168.21,0.09,0.12,0.21,1.04,0.64,0.84,-0.21,0.43,0.0,0.0,0.0,2.75,0.06,1.04,0.09,0.84,0.64,2.21,0.91,0.09,0.04,0.0,0.45,0.02,1.21,0.46,10.31,9.25,0.16,3.23,2.59,30.09,6.89,14.04,22.86,56.54,28.46,1.09,0.54,0.0,11.98,1.02,0.0,0.0,19.6,28.49,0.0,3.82,2.33
8482177,M. Khusnutdinov,BOS,F,51,857.47,0.24,0.25,0.49,1.06,0.53,0.51,0.16,0.24,0.0,0.0,0.0,3.41,0.09,1.08,0.41,0.51,0.53,1.82,1.0,0.06,0.02,0.0,0.39,0.04,0.59,0.31,5.44,10.77,0.42,3.02,2.32,30.16,5.69,16.45,22.53,58.82,29.06,0.71,0.39,0.0,11.82,0.92,0.0,0.0,19.45,26.37,0.0,3.01,3.92
8482178,I. Moore,ANA,D,40,844.52,0.05,0.15,0.2,0.98,0.4,1.5,-0.02,0.45,0.0,0.0,0.0,3.02,0.09,0.98,0.05,1.5,0.4,2.7,0.9,0.05,0.02,0.0,0.52,0.0,0.75,0.32,9.13,11.34,0.22,3.4,2.2,28.72,5.65,16.82,19.1,57.5,27.1,0.72,0.9,0.0,11.55,1.12,0.0,0.0,20.12,25.22,0.0,4.71,4.06
8482188,G. Bjorklund,WSH,G,3,0.0,0.0,0.0,0.0,0.0,0.0,0.0,0.0,0.0,0.0,0.0,0.0,3.33,0.0,0.0,0.0,0.0,0.0,0.0,0.0,0.0,0.0,0.0,0.0,0.0,0.0,0.0,0.0,0.0,3.03,2.33,3.03,0.0,0.0,0.0,0.0,0.0,0.0,0.0,0.0,0.0,0.0,0.0,0.0,0.0,0.0,0.0,0.0,0.0,0.0
8482192,I. Phillips,WPG,D,2,491.5,0.0,0.0,0.0,1.5,0.5,0.5,0.0,1.0,0.0,0.0,0.0,1.5,0.04,1.5,0.0,0.5,0.5,2.0,1.0,0.0,0.5,0.0,1.0,0.0,1.0,0.0,0.0,0.0,0.0,1.5,2.05,23.5,2.5,19.0,16.5,58.5,21.5,1.5,0.5,0.0,6.5,1.0,0.0,0.0,21.38,15.7,0.0,3.4,2.05
8482193,D. Garand,NYR,G,4,0.0,0.0,0.0,0.0,0.0,0.0,0.0,0.0,0.0,0.0,0.0,0.0,3.5,0.0,0.0,0.0,0.0,0.0,0.0,0.0,0.0,0.0,0.0,0.0,0.0,0.0,0.0,0.0,0.0,2.84,2.5,2.84,0.0,0.0,0.0,0.0,0.0,0.0,0.0,0.0,0.0,0.0,0.0,0.0,0.0,0.0,0.0,0.0,0.0,0.0
8482201,G. Goncalves,TBL,F,49,729.92,0.12,0.2,0.33,0.86,1.04,0.39,0.33,0.59,0.0,0.0,0.0,3.49,0.08,0.96,0.29,0.39,1.04,1.76,0.96,0.0,0.0,0.0,0.35,0.04,0.78,0.22,7.36,19.87,0.25,2.51,1.92,26.47,4.43,14.04,22.53,51.24,24.84,0.88,0.76,0.0,10.35,0.88,0.0,0.0,21.18,29.0,0.0,3.46,4.39
8482206,E. Cardwell,SJS,F,7,715.86,0.14,0.0,0.14,0.86,1.29,0.14,-0.43,0.29,0.0,0.0,0.0,3.43,0.1,0.86,0.14,0.14,1.29,2.86,0.71,0.14,0.0,0.0,0.71,0.0,0.71,0.43,13.14,19.57,0.15,3.0,2.4,31.86,6.14,17.14,18.29,60.29,29.86,1.14,0.86,0.0,12.71,0.71,0.0,0.0,19.98,30.88,0.0,4.71,4.69
8482209,R. Kerins,CGY,F,2,951.0,0.0,0.0,0.0,0.5,0.5,1.5,-0.5,0.0,0.0,0.0,0.0,2.5,0.24,0.5,0.0,1.5,0.5,3.0,0.5,0.0,0.0,0.0,0.5,0.0,0.5,0.0,7.66,58.0,0.05,2.0,2.5,21.5,5.0,19.0,20.0,54.5,21.0,0.5,0.0,0.0,14.5,1.0,0.0,0.0,23.86,22.98,0.0,5.05,7.15
8482245,A. Zub,OTT,D,54,1207.61,0.07,0.28,0.35,1.15,1.0,1.43,0.3,0.63,0.0,0.0,0.0,3.41,0.08,1.15,0.09,1.43,1.0,2.76,1.07,0.06,0.02,0.0,0.57,0.0,1.06,0.35,9.1,10.05,0.31,3.24,1.87,24.78,4.94,14.85,23.22,48.44,23.56,0.56,0.67,0.0,10.24,0.85,0.0,0.0,19.79,28.31,0.0,5.45,4.41
8482259,B. McMann,TOR,F,55,918.16,0.33,0.24,0.56,2.02,2.22,0.42,0.0,0.73,0.0,0.0,0.0,3.29,0.15,2.02,0.56,0.42,2.22,3.49,1.87,0.15,0.0,0.0,0.89,0.07,0.44,0.24,6.09,3.91,0.6,3.44,2.64,31.64,6.67,17.11,17.84,61.35,30.25,0.82,0.56,0.0,11.18,0.95,0.0,0.0,21.01,29.92,0.0,5.64,5.62
8482408,J. Malott,LAK,F,38,537.89,0.08,0.13,0.21,0.95,3.03,0.45,-0.08,0.97,0.0,0.0,0.0,2.53,0.12,0.95,0.21,0.45,3.03,2.29,0.89,0.05,0.0,0.0,0.55,0.03,0.37,0.16,5.23,6.01,0.28,3.08,2.43,27.89,6.39,15.79,19.58,54.55,26.58,0.97,0.34,0.0,10.42,1.11,0.0,0.0,20.03,32.21,0.0,4.25,5.08
8482411,H. Shepard,OTT,G,11,195.18,0.0,0.0,0.0,0.0,0.0,0.0,0.0,0.0,0.0,0.0,0.0,3.09,0.0,0.0,0.0,0.0,0.0,0.0,0.0,0.0,0.0,0.0,0.0,0.0,0.0,0.0,0.0,0.0,1.61,3.09,1.79,1.09,0.0,0.0,0.0,0.0,0.0,0.0,0.0,0.0,0.0,0.0,0.0,0.0,0.0,0.0,0.0,0.0,0.0
8482445,D. Cooley,CGY,G,54,1109.93,0.0,0.0,0.0,0.0,0.0,0.0,0.0,0.0,0.0,0.0,0.0,2.54,0.0,0.0,0.0,0.0,0.0,0.0,0.0,0.0,0.0,0.0,0.0,0.0,0.0,0.0,0.0,0.0,1.84,2.98,2.52,8.7,0.0,0.0,0.0,0.0,0.0,0.0,0.0,0.0,0.0,0.0,0.0,0.0,0.0,0.0,0.0,0.0,0.0
8482447,L. Meriläinen,OTT,G,46,1427.59,0.0,0.0,0.0,0.0,0.0,0.0,0.0,0.0,0.0,0.0,0.0,3.35,0.0,0.0,0.0,0.0,0.0,0.0,0.0,0.0,0.0,0.0,0.0,0.0,0.0,0.0,0.0,0.0,0.48,3.39,1.87,9.93,0.0,0.0,0.0,0.0,0.0,0.0,0.0,0.0,0.0,0.0,0.0,0.0,0.0,0.0,0.0,0.0,0.0
8482451,M. Pyyhtia,CBJ,F,5,615.6,0.2,0.0,0.2,1.2,0.2,0.4,-0.2,0.0,0.0,0.0,0.0,3.0,0.08,1.2,0.4,0.4,0.2,2.8,1.2,0.0,0.0,0.0,0.8,0.4,0.2,0.2,12.1,4.2,0.25,3.0,2.08,29.4,5.0,19.0,12.6,58.0,28.4,0.8,0.2,0.0,10.6,0.8,0.0,0.0,16.69,22.58,0.0,4.42,3.46
8482460,M. Rempe,NYR,F,25,520.0,0.04,0.0,0.04,0.6,3.28,0.2,-0.12,0.44,0.0,0.0,0.0,2.56,0.06,0.6,0.2,0.2,3.28,1.36,0.56,0.04,0.0,0.0,0.32,0.04,0.2,0.08,7.48,5.02,0.15,3.28,2.45,27.64,6.16,15.24,20.04,55.12,26.32,0.76,0.56,0.0,10.04,0.72,0.0,0.0,21.11,26.67,0.0,2.42,2.53
8482465,R. Poirier,DAL,G,1,0.0,0.0,0.0,0.0,0.0,0.0,0.0,0.0,0.0,0.0,0.0,0.0,3.0,0.0,0.0,0.0,0.0,0.0,0.0,0.0,0.0,0.0,0.0,0.0,0.0,0.0,0.0,0.0,0.0,2.0,4.0,2.0,0.0,0.0,0.0,0.0,0.0,0.0,0.0,0.0,0.0,0.0,0.0,0.0,0.0,0.0,0.0,0.0,0.0,0.0
8482470,I. Solovyov,COL/PIT,D,19,719.58,0.05,0.16,0.21,0.74,1.11,1.16,0.16,0.53,0.0,0.0,0.0,3.68,0.06,0.74,0.05,1.16,1.11,2.37,0.74,0.0,0.0,0.0,0.42,0.05,0.47,0.16,4.67,6.21,0.24,2.95,2.23,25.84,5.95,15.26,19.32,51.84,24.58,0.89,0.37,0.0,10.63,1.21,0.0,0.0,19.85,26.62,0.0,4.59,2.77
8482475,E. Chinakhov,CBJ/PIT,F,45,685.82,0.22,0.13,0.36,1.53,0.82,0.31,-0.02,0.13,0.0,0.0,0.0,3.36,0.13,1.58,0.49,0.31,0.82,3.16,1.51,0.07,0.0,0.0,0.69,0.04,0.49,0.16,10.01,20.64,0.35,3.13,2.15,28.96,5.64,15.87,19.31,57.33,27.62,0.8,0.53,0.0,11.2,1.24,0.0,0.0,20.72,31.42,0.0,5.41,6.16
8482476,E. Heineman,NYI,F,56,1012.38,0.27,0.14,0.41,2.25,3.2,0.71,-0.09,0.25,0.0,0.0,0.0,2.88,0.18,2.3,0.48,0.71,3.2,4.11,2.25,0.0,0.05,0.0,0.98,0.05,0.55,0.11,12.66,23.29,0.51,2.8,2.3,28.25,5.82,16.5,19.55,57.2,26.93,0.96,0.36,0.0,11.93,0.89,0.0,0.0,19.16,27.67,0.0,6.93,7.49
8482479,T. Kuntar,BUF,F,1,312.0,0.0,0.0,0.0,0.0,1.0,0.0,-1.0,0.0,0.0,0.0,0.0,3.0,0.1,0.0,0.0,0.0,1.0,1.0,0.0,0.0,0.0,0.0,0.0,0.0,0.0,0.0,0.0,0.0,0.03,2.0,2.31,32.0,4.0,28.0,22.0,82.0,30.0,2.0,0.0,0.0,19.0,1.0,0.0,0.0,19.94,23.39,0.0,1.2,4.1
8482482,A. Wilsby,NSH,D,41,1022.15,0.02,0.22,0.24,1.07,0.39,0.78,-0.1,0.54,0.0,0.0,0.0,2.93,0.08,1.07,0.1,0.78,0.39,2.27,1.05,0.02,0.0,0.0,0.32,0.0,0.88,0.24,6.29,8.12,0.19,3.15,2.12,29.54,5.44,13.39,19.85,53.41,28.29,0.8,0.44,0.0,11.0,1.02,0.0,0.0,20.37,27.43,0.0,4.21,3.65
8482484,J. Vikman,VGK,G,1,0.0,0.0,0.0,0.0,0.0,0.0,0.0,0.0,0.0,0.0,0.0,0.0,3.0,0.0,0.0,0.0,0.0,0.0,0.0,0.0,0.0,0.0,0.0,0.0,0.0,0.0,0.0,0.0,0.0,2.47,0.0,2.47,0.0,0.0,0.0,0.0,0.0,0.0,0.0,0.0,0.0,0.0,0.0,0.0,0.0,0.0,0.0,0.0,0.0,0.0
8482487,J. Dobes,MTL,G,51,1838.69,0.0,0.0,0.0,0.0,0.0,0.0,0.0,0.0,0.0,0.0,0.0,3.43,0.0,0.0,0.0,0.0,0.0,0.0,0.0,0.0,0.0,0.0,0.0,0.0,0.0,0.0,0.0,0.0,0.98,3.25,2.49,13.92,0.0,0.0,0.0,0.0,0.0,0.0,0.0,0.0,0.0,0.0,0.0,0.0,0.0,0.0,0.0,0.0,0.0
8482496,N. Aman,VAN,F,2,519.5,0.0,0.0,0.0,0.5,1.0,0.5,0.0,0.0,0.0,0.0,0.0,1.0,0.07,0.5,0.0,0.5,1.0,1.5,0.5,0.0,0.0,0.0,0.0,0.0,0.5,0.0,23.0,19.5,0.02,3.5,2.92,30.5,8.0,24.0,19.5,60.5,30.0,0.5,0.0,0.0,10.0,0.0,0.0,0.0,14.73,16.77,0.0,2.4,2.2
8482511,M. Lohrei,BOS,D,51,999.76,0.12,0.33,0.45,0.98,0.51,1.27,0.14,0.24,0.0,0.0,0.0,3.39,0.08,0.98,0.12,1.27,0.51,2.59,0.94,0.0,0.04,0.0,0.43,0.04,1.25,0.27,10.51,11.48,0.31,3.25,2.36,30.18,5.9,17.08,22.25,59.37,29.12,0.67,0.39,0.0,12.08,0.98,0.0,0.0,19.35,25.02,0.0,4.27,3.61
8482515,A. Akhtyamov,TOR,G,5,126.4,0.0,0.0,0.0,0.0,0.0,0.0,0.0,0.0,0.0,0.0,0.0,2.2,0.0,0.0,0.0,0.0,0.0,0.0,0.0,0.0,0.0,0.0,0.0,0.0,0.0,0.0,0.0,0.0,3.19,3.0,3.19,1.0,0.0,0.0,0.0,0.0,0.0,0.0,0.0,0.0,0.0,0.0,0.0,0.0,0.0,0.0,0.0,0.0,0.0
8482516,M. Kessel,STL,D,21,730.57,0.1,0.05,0.14,0.52,0.43,0.67,0.0,0.19,0.0,0.0,0.0,2.43,0.05,0.52,0.1,0.67,0.43,1.29,0.43,0.05,0.05,0.0,0.33,0.0,0.57,0.05,4.19,5.33,0.11,2.57,2.15,29.86,5.0,17.33,17.95,58.52,27.76,1.62,0.48,0.0,12.0,1.19,0.0,0.0,21.94,28.41,0.0,2.25,2.49
8482623,J. Dunne,BUF,F,28,570.61,0.04,0.11,0.14,0.86,1.21,0.43,-0.14,1.21,0.0,0.0,0.0,2.86,0.1,0.86,0.11,0.43,1.21,1.71,0.79,0.04,0.04,0.0,0.32,0.0,0.5,0.18,8.73,3.98,0.16,3.21,2.3,30.07,5.89,17.18,19.54,60.04,28.14,1.21,0.71,0.0,11.43,1.14,0.0,0.0,22.42,27.9,0.0,3.02,4.29
8482624,D. Miromanov,CGY,D,1,1069.0,0.0,0.0,0.0,0.0,0.0,2.0,0.0,0.0,0.0,0.0,0.0,2.0,0.04,0.0,0.0,2.0,0.0,2.0,0.0,0.0,0.0,0.0,0.0,0.0,1.0,0.0,0.0,0.0,-0.05,4.0,2.58,30.0,6.0,20.0,26.0,65.0,26.0,3.0,1.0,0.0,19.0,2.0,0.0,0.0,16.31,24.27,0.0,3.0,1.5
8482634,A. Steeves,BOS,F,37,726.03,0.24,0.16,0.41,1.24,3.32,0.7,0.14,0.86,0.0,0.0,0.0,3.41,0.1,1.24,0.35,0.7,3.32,2.41,1.22,0.03,0.0,0.0,0.62,0.0,0.49,0.24,8.6,10.66,0.46,3.08,2.36,30.49,5.73,16.92,22.14,59.41,29.38,0.65,0.46,0.0,11.86,0.97,0.0,0.0,18.92,24.33,0.0,4.02,4.19
8482641,M. Kiersted,MIN,D,4,822.0,0.0,0.25,0.25,1.0,0.0,1.25,-0.25,0.0,0.0,0.0,0.0,3.75,0.02,1.0,0.0,1.25,0.0,1.25,1.0,0.0,0.0,0.0,0.0,0.0,1.25,0.0,10.5,40.5,0.12,2.0,2.9,30.75,6.0,21.25,21.0,65.5,28.75,1.5,0.5,0.0,14.5,1.0,0.0,0.0,18.17,20.43,0.0,1.8,0.85
8482655,J. Moser,TBL,D,51,1336.71,0.1,0.25,0.35,1.45,0.76,1.33,0.76,0.59,0.0,0.0,0.0,3.57,0.11,1.45,0.12,1.33,0.76,3.27,1.35,0.02,0.08,0.0,0.53,0.0,1.0,0.31,12.8,15.01,0.33,2.47,1.95,26.27,4.67,13.65,22.35,50.55,24.69,0.84,0.75,0.0,10.16,0.96,0.0,0.0,21.12,28.94,0.0,6.3,5.25
8482659,J. Doan,BUF,F,55,963.85,0.31,0.38,0.69,2.16,0.95,0.42,-0.05,0.42,0.0,0.0,0.0,3.45,0.21,2.16,0.75,0.42,0.95,3.64,2.13,0.02,0.02,0.0,0.85,0.0,0.82,0.64,8.59,15.68,0.65,3.04,2.22,30.09,5.47,16.71,22.56,59.31,28.31,0.96,0.82,0.0,11.55,1.15,0.0,0.0,20.68,26.59,0.0,5.92,9.17
8482660,K. Johnson,CBJ,F,53,823.74,0.11,0.23,0.34,1.55,0.15,0.53,-0.17,0.23,0.0,0.0,0.0,3.21,0.13,1.62,0.34,0.53,0.15,3.04,1.55,0.06,0.02,0.0,0.62,0.0,0.64,0.15,9.35,19.1,0.31,3.32,2.2,30.94,5.72,16.19,17.62,59.26,29.47,0.96,0.51,0.0,10.89,1.09,0.0,0.0,20.52,29.28,0.0,4.92,6.05
8482661,J. Wallstedt,MIN,G,56,1488.54,0.0,0.0,0.0,0.0,0.0,0.0,0.0,0.0,0.0,0.0,0.0,3.32,0.0,0.0,0.0,0.0,0.0,0.0,0.0,0.0,0.0,0.0,0.0,0.0,0.0,0.0,0.0,0.0,1.54,2.88,2.65,12.95,0.0,0.0,0.0,0.0,0.0,0.0,0.0,0.0,0.0,0.0,0.0,0.0,0.0,0.0,0.0,0.0,0.0
8482665,M. Beniers,SEA,F,54,1174.85,0.26,0.43,0.69,1.87,0.41,0.83,0.0,0.3,0.0,0.0,0.0,2.89,0.2,1.89,0.46,0.83,0.41,3.96,1.87,0.0,0.02,0.0,0.7,0.04,1.0,0.22,15.86,25.93,0.56,2.94,2.41,29.52,5.56,17.91,20.33,61.15,28.17,0.78,0.57,0.0,12.56,1.3,0.0,0.0,20.02,28.23,0.0,6.22,7.83
8482666,S. Morrow,NYR,D,28,940.46,0.0,0.21,0.21,0.82,0.32,1.0,-0.14,0.14,0.0,0.0,0.0,2.68,0.1,0.82,0.0,1.0,0.32,3.14,0.75,0.04,0.04,0.0,0.43,0.0,0.75,0.14,6.4,7.39,0.17,3.64,2.54,29.43,6.89,15.61,19.04,56.82,28.14,0.64,0.64,0.0,11.11,0.64,0.0,0.0,20.77,25.08,0.0,5.28,3.85
8482667,W. Eklund,SJS,F,50,1167.24,0.22,0.48,0.7,2.5,0.86,0.68,-0.46,0.52,0.0,0.0,0.0,3.12,0.26,2.54,0.82,0.68,0.86,4.52,2.48,0.06,0.0,0.0,0.76,0.0,1.0,0.28,9.63,15.9,0.62,3.66,2.2,30.3,5.84,16.76,16.86,58.44,28.9,0.72,0.68,0.0,11.34,1.18,0.0,0.0,19.01,24.22,0.0,7.62,10.86
8482671,O. Power,BUF,D,54,1295.78,0.07,0.24,0.31,1.54,0.48,1.02,0.06,0.11,0.0,0.0,0.0,3.52,0.11,1.54,0.13,1.02,0.48,3.22,1.44,0.07,0.02,0.0,0.65,0.0,1.02,0.3,9.12,10.03,0.28,3.02,2.23,30.04,5.48,16.76,22.46,59.37,28.3,0.96,0.78,0.0,11.59,1.13,0.0,0.0,20.8,26.63,0.0,5.52,5.06
8482673,X. Bourgault,OTT,F,2,357.5,0.0,0.0,0.0,1.5,1.5,0.0,-0.5,0.0,0.0,0.0,0.0,5.0,0.15,1.5,0.0,0.0,1.5,3.5,1.5,0.0,0.0,0.0,1.5,0.0,0.5,0.0,0.0,0.0,0.08,4.5,1.8,25.5,7.0,9.0,27.0,44.0,24.0,0.0,1.5,0.0,10.5,0.5,0.0,0.0,20.4,18.04,0.0,7.4,8.7
8482679,M. Coronato,CGY,F,54,998.57,0.26,0.28,0.54,2.48,0.2,0.31,-0.41,0.3,0.0,0.0,0.0,2.46,0.19,2.5,0.5,0.31,0.2,4.8,2.44,0.06,0.0,0.0,1.22,0.04,0.67,0.22,13.58,22.47,0.52,3.06,2.52,28.98,6.06,16.04,19.17,56.37,27.15,1.09,0.74,0.0,11.52,0.96,0.0,0.0,20.16,25.11,0.0,8.08,7.32
8482684,L. Hughes,NJD,D,49,1383.53,0.1,0.43,0.53,2.12,0.27,0.8,-0.16,0.49,0.0,0.0,0.0,2.63,0.17,2.12,0.18,0.8,0.27,5.63,2.02,0.02,0.08,0.0,0.82,0.02,1.65,0.37,16.97,18.96,0.37,3.06,2.18,28.47,5.43,16.37,19.67,55.88,27.04,0.78,0.65,0.0,11.02,1.06,0.0,0.0,20.13,26.58,0.0,9.68,7.91
8482691,A. Raty,VAN,F,44,728.77,0.07,0.2,0.27,0.98,2.36,0.2,0.05,0.41,0.0,0.0,0.0,2.52,0.08,0.98,0.11,0.2,2.36,2.41,0.93,0.02,0.02,0.0,0.5,0.05,0.57,0.18,3.48,6.16,0.27,3.77,2.76,30.84,7.18,15.64,18.57,58.45,29.48,0.77,0.59,0.0,12.14,1.09,0.0,0.0,18.75,28.62,0.0,4.25,3.07
8482698,T. Broz,PIT,F,1,690.0,0.0,0.0,0.0,2.0,0.0,0.0,-1.0,0.0,0.0,0.0,0.0,4.0,0.04,2.0,0.0,0.0,0.0,2.0,2.0,0.0,0.0,0.0,0.0,0.0,1.0,0.0,4.0,5.0,0.0,2.0,1.95,31.0,4.0,11.0,21.0,58.0,28.0,1.0,2.0,0.0,8.0,0.0,0.0,0.0,21.73,20.36,0.0,3.3,2.0
8482699,D. Guenther,UTA,F,54,1031.09,0.44,0.41,0.85,3.22,0.8,0.35,0.11,0.41,0.0,0.0,0.0,3.17,0.24,3.22,0.69,0.35,0.8,6.13,3.19,0.04,0.0,0.0,1.13,0.02,0.81,0.2,16.45,18.55,0.8,2.74,2.0,25.72,4.63,15.31,21.43,52.06,24.19,1.02,0.52,0.0,10.56,1.41,0.0,0.0,20.41,27.8,0.0,11.1,11.25
8482702,L. Stankoven,CAR,F,55,912.31,0.18,0.27,0.45,2.0,0.53,0.27,0.07,0.42,0.0,0.0,0.0,3.47,0.16,2.02,0.38,0.27,0.53,3.73,1.96,0.05,0.0,0.0,0.71,0.09,0.53,0.31,8.74,12.08,0.46,2.91,2.17,24.91,6.02,11.84,24.07,46.29,23.36,0.89,0.65,0.0,9.64,1.31,0.0,0.0,19.88,29.78,0.0,7.79,7.22
8482703,C. Dach,CHI,F,51,712.41,0.06,0.12,0.18,1.0,3.59,0.53,-0.27,0.88,0.0,0.0,0.0,2.82,0.08,1.0,0.14,0.53,3.59,2.2,0.98,0.0,0.02,0.0,0.45,0.08,0.53,0.25,5.96,6.17,0.27,3.25,2.58,30.14,6.9,14.2,23.14,56.61,28.55,1.08,0.51,0.0,11.9,1.04,0.0,0.0,19.76,28.74,0.0,3.92,3.15
8482705,C. Sillinger,CBJ,F,53,927.34,0.11,0.34,0.45,1.72,1.23,0.53,0.06,0.42,0.0,0.0,0.0,3.17,0.13,1.72,0.25,0.53,1.23,3.13,1.64,0.06,0.02,0.0,0.7,0.08,0.81,0.4,9.36,9.85,0.43,3.25,2.21,31.0,5.7,16.3,17.36,59.6,29.53,0.98,0.49,0.0,10.81,1.13,0.0,0.0,20.63,29.21,0.0,5.11,5.76
8482713,M. Samoskevich,FLA,F,53,861.11,0.09,0.28,0.38,2.11,1.87,0.4,-0.13,0.34,0.0,0.0,0.0,3.04,0.16,2.11,0.3,0.4,1.87,4.43,2.02,0.08,0.02,0.0,1.0,0.02,0.64,0.15,9.1,10.99,0.41,3.26,2.3,25.91,6.23,13.72,20.3,50.68,24.21,0.98,0.72,0.0,10.23,1.28,0.0,0.0,20.71,27.93,0.0,8.02,6.71
8482720,M. Knies,TOR,F,53,1136.51,0.25,0.58,0.83,1.94,2.08,0.45,-0.23,0.4,0.0,0.0,0.0,3.32,0.15,1.94,0.55,0.45,2.08,3.43,1.87,0.08,0.0,0.0,0.68,0.02,0.89,0.3,10.63,17.93,0.71,3.43,2.65,31.75,6.75,17.13,17.83,61.34,30.38,0.81,0.57,0.0,11.15,0.92,0.0,0.0,20.5,29.68,0.0,5.51,5.83
8482726,S. Helenius,LAK,F,27,468.26,0.11,0.07,0.19,0.63,2.44,0.33,0.0,1.07,0.0,0.0,0.0,2.52,0.05,0.63,0.19,0.33,2.44,1.41,0.63,0.0,0.0,0.0,0.22,0.0,0.26,0.11,1.89,2.15,0.23,3.04,2.54,29.19,6.78,15.22,19.0,56.0,27.56,1.11,0.52,0.0,10.3,1.22,0.0,0.0,20.29,30.84,0.0,2.43,2.04
8482730,B. Clarke,LAK,D,54,1150.96,0.11,0.37,0.48,2.0,0.44,1.94,0.19,0.63,0.0,0.0,0.0,2.65,0.14,2.07,0.19,1.94,0.44,3.74,1.89,0.07,0.11,0.0,0.69,0.02,1.17,0.33,11.56,17.14,0.46,2.83,2.39,27.81,6.19,15.17,19.89,54.26,26.2,1.11,0.5,0.0,10.41,1.13,0.0,0.0,21.04,33.04,0.0,6.65,5.68
8482733,L. Mailloux,STL,D,41,832.85,0.02,0.05,0.07,0.85,1.27,0.63,-0.56,0.8,0.0,0.0,0.0,2.54,0.07,0.85,0.07,0.63,1.27,2.17,0.8,0.02,0.02,0.0,0.22,0.05,0.95,0.2,10.01,8.65,0.06,3.71,2.16,26.9,5.71,15.59,17.78,54.17,25.32,0.93,0.66,0.0,10.24,0.98,0.0,0.0,20.97,29.02,0.0,3.93,3.3
8482737,Z. Bolduc,MTL,F,56,814.14,0.18,0.21,0.39,1.38,2.02,0.54,-0.2,0.39,0.0,0.0,0.0,3.46,0.12,1.38,0.32,0.54,2.02,3.11,1.3,0.07,0.0,0.0,0.54,0.02,0.79,0.2,4.83,5.16,0.37,3.32,2.49,27.41,6.05,17.93,21.45,56.3,26.0,0.8,0.61,0.0,11.8,0.93,0.0,0.0,20.15,28.31,0.0,5.33,5.12
8482740,W. Johnston,DAL,F,56,1206.32,0.52,0.54,1.05,2.61,0.41,0.77,-0.05,0.25,0.0,0.0,0.0,3.36,0.25,2.66,0.96,0.77,0.41,4.61,2.62,0.02,0.02,0.0,0.57,0.05,0.62,0.3,8.94,21.15,0.94,2.79,2.3,27.39,5.79,16.54,25.07,55.14,25.86,0.82,0.71,0.0,11.36,1.07,0.0,0.0,20.7,29.73,0.0,7.71,9.89
8482745,M. McTavish,ANA,F,50,981.12,0.26,0.34,0.6,2.12,1.1,0.54,-0.22,0.72,0.0,0.0,0.0,3.34,0.24,2.2,0.7,0.54,1.1,4.6,2.16,0.02,0.02,0.0,1.06,0.02,0.74,0.22,16.02,18.44,0.56,3.56,2.26,28.88,6.0,16.46,18.68,56.88,27.3,0.66,0.92,0.0,12.06,1.24,0.0,0.0,20.44,25.87,0.0,7.86,10.19
8482747,B. Othmann,NYR,F,16,594.5,0.06,0.0,0.06,0.81,2.44,0.44,-0.31,0.56,0.0,0.0,0.0,2.94,0.06,0.81,0.25,0.44,2.44,1.44,0.81,0.0,0.0,0.0,0.5,0.06,0.25,0.12,6.5,5.31,0.17,3.75,2.5,29.19,7.06,15.56,17.81,56.25,27.75,0.75,0.69,0.0,10.81,0.62,0.0,0.0,18.93,23.88,0.0,2.5,2.29
8482749,J. Roy,MTL,F,3,587.33,0.0,0.0,0.0,0.67,2.0,0.0,0.0,0.67,0.0,0.0,0.0,3.0,0.04,0.67,0.0,0.0,2.0,2.0,0.67,0.0,0.0,0.0,0.0,0.0,1.0,0.0,7.33,5.67,-0.05,4.33,2.57,32.67,8.67,19.33,19.0,60.0,29.0,2.0,1.67,0.0,11.0,1.67,0.0,0.0,25.32,41.67,0.0,3.9,1.83
8482751,R. Winterton,SEA,F,52,692.38,0.06,0.21,0.27,1.02,0.88,0.48,0.06,0.29,0.0,0.0,0.0,2.88,0.1,1.02,0.29,0.48,0.88,2.04,1.0,0.02,0.0,0.0,0.38,0.02,0.46,0.21,4.65,5.63,0.27,2.96,2.41,29.13,5.6,17.9,20.38,60.85,27.81,0.77,0.56,0.0,12.62,1.29,0.0,0.0,19.98,28.14,0.0,3.26,4.31
8482758,V. Koivunen,PIT,F,27,761.07,0.07,0.11,0.19,1.04,0.11,0.41,-0.19,0.3,0.0,0.0,0.0,3.41,0.12,1.11,0.33,0.41,0.11,2.74,1.07,0.04,0.0,0.0,0.67,0.0,0.44,0.19,10.66,12.32,0.19,3.26,2.22,28.93,6.0,16.44,20.7,56.59,27.89,0.78,0.26,0.0,11.19,1.15,0.0,0.0,20.99,31.17,0.0,4.91,5.97
8482761,C. Lindbom,VGK,G,21,1373.33,0.0,0.0,0.0,0.0,0.0,0.0,0.0,0.0,0.0,0.0,0.0,2.86,0.0,0.0,0.0,0.0,0.0,0.0,0.0,0.0,0.0,0.0,0.0,0.0,0.0,0.0,0.0,0.0,1.17,2.95,2.31,9.0,0.0,0.0,0.0,0.0,0.0,0.0,0.0,0.0,0.0,0.0,0.0,0.0,0.0,0.0,0.0,0.0,0.0
8482762,S. Edvinsson,DET,D,48,1354.67,0.12,0.23,0.35,1.19,1.31,2.17,0.12,1.12,0.0,0.0,0.0,3.1,0.1,1.19,0.23,2.17,1.31,2.79,1.04,0.02,0.12,0.0,0.42,0.02,1.17,0.38,10.47,11.25,0.35,2.94,2.56,28.23,5.92,18.04,21.08,58.79,26.83,0.75,0.65,0.0,11.69,0.83,0.0,0.0,19.0,25.65,0.0,4.76,4.14
8482765,I. Rosen,BUF,F,14,780.36,0.21,0.29,0.5,1.0,0.43,0.71,-0.21,0.0,0.0,0.0,0.0,3.5,0.13,1.0,0.36,0.71,0.43,2.29,1.0,0.0,0.0,0.0,0.14,0.07,0.71,0.29,5.92,8.67,0.4,3.43,2.44,31.71,6.29,19.07,18.21,63.71,29.86,1.21,0.64,0.0,12.0,1.0,0.0,0.0,23.48,29.02,0.0,3.86,5.78
8482766,W. Stromgren,CGY,F,3,437.33,0.0,0.0,0.0,0.67,0.0,0.0,-0.33,0.0,0.0,0.0,0.0,2.0,0.06,0.67,0.0,0.0,0.0,0.67,0.67,0.0,0.0,0.0,0.0,0.0,0.0,0.0,0.0,0.0,0.05,3.33,2.81,35.67,6.33,15.33,20.0,62.33,34.0,0.67,1.0,0.0,13.67,0.33,0.0,0.0,17.5,19.54,0.0,1.03,1.57
8482768,F. Svechkov,NSH,F,49,722.55,0.04,0.14,0.18,1.12,0.84,0.41,-0.16,0.29,0.0,0.0,0.0,2.94,0.09,1.12,0.14,0.41,0.84,2.24,1.1,0.02,0.0,0.0,0.39,0.06,0.57,0.18,2.83,3.39,0.19,3.35,2.01,29.12,5.35,13.35,19.86,52.39,27.92,0.69,0.51,0.0,10.59,1.08,0.0,0.0,20.49,26.17,0.0,4.06,4.53
8482775,O. Kapanen,MTL,F,56,902.96,0.3,0.23,0.54,1.75,0.36,0.98,0.05,0.32,0.0,0.0,0.0,3.46,0.12,1.75,0.43,0.98,0.36,2.7,1.66,0.07,0.02,0.0,0.52,0.02,0.41,0.2,8.44,13.41,0.54,3.32,2.49,27.41,6.05,17.93,21.45,56.3,26.0,0.8,0.61,0.0,11.8,0.93,0.0,0.0,20.15,28.31,0.0,4.72,4.81
8482781,C. Lambos,MIN,D,1,616.0,0.0,0.0,0.0,1.0,0.0,1.0,1.0,0.0,0.0,0.0,0.0,5.0,0.04,1.0,0.0,1.0,0.0,2.0,1.0,0.0,0.0,0.0,1.0,0.0,2.0,0.0,0.0,0.0,-0.17,2.0,2.42,29.0,5.0,22.0,26.0,62.0,29.0,0.0,0.0,0.0,12.0,1.0,0.0,0.0,19.41,17.94,0.0,3.1,1.6
8482783,A. Kolosov,PHI,G,12,600.08,0.0,0.0,0.0,0.0,0.0,0.0,0.0,0.0,0.0,0.0,0.0,3.08,0.0,0.0,0.0,0.0,0.0,0.0,0.0,0.0,0.0,0.0,0.0,0.0,0.0,0.0,0.0,0.0,1.62,3.75,2.29,3.92,0.0,0.0,0.0,0.0,0.0,0.0,0.0,0.0,0.0,0.0,0.0,0.0,0.0,0.0,0.0,0.0,0.0
8482785,J. Robidas,CAR,F,2,641.0,0.0,0.5,0.5,1.0,1.5,0.5,0.0,0.0,0.0,0.0,0.0,3.5,0.05,1.0,0.0,0.5,1.5,1.5,1.0,0.0,0.0,0.0,1.0,0.5,0.5,0.0,13.5,12.5,0.41,2.5,2.16,15.5,4.5,13.5,33.0,40.5,14.0,1.5,0.0,0.0,7.5,3.0,0.0,0.0,32.37,37.11,0.0,3.5,2.0
8482787,N. Chibrikov,WPG,F,8,551.75,0.0,0.0,0.0,0.62,1.25,0.62,0.0,1.5,0.0,0.0,0.0,3.25,0.05,0.62,0.0,0.62,1.25,2.0,0.62,0.0,0.0,0.0,0.25,0.0,0.75,0.25,3.5,2.25,0.02,3.0,2.78,31.38,6.25,19.5,17.25,64.12,30.62,0.25,0.5,0.0,11.62,0.5,0.0,0.0,22.98,25.79,0.0,3.06,2.01
8482803,O. Zellweger,ANA,D,54,1059.19,0.11,0.22,0.33,1.67,0.46,1.06,0.09,0.44,0.0,0.0,0.0,3.3,0.14,1.67,0.17,1.06,0.46,4.2,1.63,0.0,0.04,0.0,0.89,0.04,0.78,0.28,11.34,15.59,0.34,3.43,2.28,29.2,5.91,16.61,18.78,57.67,27.57,0.72,0.91,0.0,11.89,1.26,0.0,0.0,20.54,25.79,0.0,7.03,6.11
8482804,T. Murchison,PHI,D,3,900.33,0.0,0.0,0.0,0.33,1.67,0.67,0.33,0.0,0.0,0.0,0.0,3.0,0.01,0.33,0.0,0.67,1.67,0.67,0.33,0.0,0.0,0.0,0.0,0.0,1.0,0.0,18.67,17.33,-0.05,2.67,2.29,21.0,3.33,15.33,23.33,50.0,19.33,0.67,1.0,0.0,11.0,0.33,0.0,0.0,21.81,47.94,0.0,1.6,0.7
8482807,E. Del Mastro,CHI,D,2,981.0,0.0,0.0,0.0,1.5,3.0,1.5,-0.5,0.0,0.0,0.0,0.0,2.0,0.16,1.5,0.0,1.5,3.0,2.5,1.5,0.0,0.0,0.0,0.0,0.0,1.5,0.0,31.5,5.0,0.04,3.0,1.99,32.0,6.0,17.0,28.5,60.0,29.5,2.5,0.0,0.0,16.0,1.5,0.0,0.0,14.08,20.14,0.0,4.2,7.1
8482809,J. Blake,CAR,F,55,988.24,0.29,0.29,0.58,2.04,0.18,0.36,-0.02,0.55,0.0,0.0,0.0,3.47,0.17,2.11,0.53,0.36,0.18,3.85,2.09,0.02,0.0,0.0,0.78,0.04,1.05,0.38,10.9,23.34,0.48,2.91,2.17,24.91,6.02,11.84,24.07,46.29,23.36,0.89,0.65,0.0,9.64,1.31,0.0,0.0,19.88,29.78,0.0,7.97,7.79
8482821,A. Soderblom,CHI,G,54,1097.07,0.0,0.0,0.0,0.0,0.0,0.0,0.0,0.0,0.0,0.0,0.0,2.78,0.0,0.0,0.0,0.0,0.0,0.0,0.0,0.0,0.0,0.0,0.0,0.0,0.0,0.0,0.0,0.0,1.4,3.26,2.58,9.39,0.0,0.0,0.0,0.0,0.0,0.0,0.0,0.0,0.0,0.0,0.0,0.0,0.0,0.0,0.0,0.0,0.0
8482858,R. Evans,SEA,D,39,1046.56,0.13,0.18,0.31,0.72,0.64,1.05,0.1,0.56,0.0,0.0,0.0,3.0,0.06,0.72,0.13,1.05,0.64,1.69,0.69,0.03,0.0,0.0,0.15,0.0,0.72,0.13,3.15,5.03,0.25,2.85,2.44,30.0,5.54,17.41,20.15,61.72,28.64,0.82,0.54,0.0,12.69,1.41,0.0,0.0,20.12,28.89,0.0,2.77,2.52
8482859,Z. Ostapchuk,SJS,F,31,587.35,0.1,0.03,0.13,0.74,2.48,0.39,-0.26,0.32,0.0,0.0,0.0,3.06,0.06,0.74,0.19,0.39,2.48,1.26,0.68,0.06,0.0,0.0,0.29,0.06,0.26,0.16,7.29,6.9,0.21,3.45,2.21,29.52,5.65,17.42,16.84,58.55,28.1,0.71,0.71,0.0,11.42,1.26,0.0,0.0,17.67,25.2,0.0,2.16,2.89
8482861,V. Iorio,SJS,D,21,989.71,0.0,0.14,0.14,0.48,0.52,1.52,-0.19,0.57,0.0,0.0,0.0,3.67,0.04,0.48,0.0,1.52,0.52,1.62,0.48,0.0,0.0,0.0,0.38,0.0,0.67,0.19,2.19,3.9,0.14,4.14,2.14,30.24,6.33,16.1,16.57,55.9,28.52,0.9,0.81,0.0,10.0,1.33,0.0,0.0,18.22,25.27,0.0,3.05,2.27
8482874,J. Melanson,SEA,F,20,583.65,0.05,0.15,0.2,0.8,5.4,0.3,0.0,0.35,0.0,0.0,0.0,3.45,0.1,0.8,0.2,0.3,5.4,2.15,0.8,0.0,0.0,0.0,0.75,0.05,0.4,0.1,4.42,2.83,0.3,2.45,2.51,32.2,5.0,18.6,21.45,66.7,30.7,1.0,0.5,0.0,13.7,1.4,0.0,0.0,19.16,26.05,0.0,3.11,4.05
8482877,J. Chmelar,NYR,F,6,471.33,0.0,0.0,0.0,0.5,2.17,0.5,-0.33,1.17,0.0,0.0,0.0,1.83,0.04,0.5,0.0,0.5,2.17,1.0,0.5,0.0,0.0,0.0,0.17,0.0,0.17,0.0,20.0,21.67,0.09,3.17,2.09,24.5,5.0,16.67,18.33,52.33,23.33,0.33,0.83,0.0,11.83,1.17,0.0,0.0,24.78,32.3,0.0,1.9,1.42
8482896,T. Kozak,BUF,F,33,681.91,0.06,0.06,0.12,0.7,2.73,0.79,-0.09,0.06,0.0,0.0,0.0,3.61,0.06,0.7,0.09,0.79,2.73,1.45,0.67,0.03,0.0,0.0,0.21,0.06,0.58,0.3,2.07,3.66,0.19,3.18,2.14,29.85,5.48,16.39,22.18,58.18,28.12,0.85,0.88,0.0,11.24,1.12,0.0,0.0,20.58,26.87,0.0,2.51,2.63
8482911,J. Nystrom,CAR,D,37,910.08,0.03,0.22,0.24,1.16,0.24,0.57,0.14,0.16,0.0,0.0,0.0,3.41,0.1,1.16,0.03,0.57,0.24,3.24,1.14,0.0,0.03,0.0,0.41,0.08,0.84,0.14,8.48,7.28,0.18,2.92,2.2,24.95,6.32,11.16,24.41,45.65,23.3,0.95,0.7,0.0,9.54,1.14,0.0,0.0,19.74,30.04,0.0,6.82,4.98
8482929,E. Lilleberg,TBL,D,32,1040.62,0.06,0.12,0.19,0.75,1.66,1.03,0.28,1.34,0.0,0.0,0.0,3.25,0.06,0.75,0.09,1.03,1.66,1.94,0.72,0.0,0.03,0.0,0.28,0.0,0.78,0.16,6.29,10.44,0.18,2.59,2.0,27.25,4.47,14.19,22.72,52.25,25.31,1.03,0.91,0.0,10.5,0.94,0.0,0.0,21.47,27.97,0.0,3.73,3.26
8482941,S. Lachance,NJD,F,1,445.0,0.0,0.0,0.0,0.0,1.0,0.0,0.0,0.0,0.0,0.0,0.0,3.0,0.0,0.0,0.0,0.0,1.0,0.0,0.0,0.0,0.0,0.0,0.0,0.0,0.0,0.0,0.0,0.0,0.03,2.0,2.31,34.0,6.0,23.0,26.0,70.0,34.0,0.0,0.0,0.0,16.0,0.0,0.0,0.0,20.21,35.96,0.0,0.0,0.0
8482947,Z. Bardakov,COL,F,41,432.85,0.02,0.2,0.22,0.54,0.93,0.44,0.17,0.24,0.0,0.0,0.0,3.8,0.05,0.54,0.1,0.44,0.93,1.29,0.51,0.02,0.0,0.0,0.27,0.0,0.46,0.12,6.22,5.51,0.18,2.68,2.29,26.73,5.8,14.85,20.9,53.1,25.22,0.98,0.54,0.0,10.56,1.2,0.0,0.0,21.29,27.78,0.0,2.49,2.1
8482953,T. Makar,COL,F,11,387.82,0.0,0.0,0.0,0.64,1.55,0.09,0.0,0.36,0.0,0.0,0.0,3.09,0.07,0.64,0.18,0.09,1.55,1.45,0.64,0.0,0.0,0.0,0.27,0.0,0.0,0.09,3.82,4.27,0.1,2.82,2.11,25.18,5.45,13.91,21.09,50.91,24.0,0.64,0.55,0.0,10.55,1.45,0.0,0.0,21.44,31.29,0.0,2.75,3.12
8482964,A. Xhekaj,MTL,D,50,680.08,0.02,0.02,0.04,0.64,2.7,0.66,-0.14,2.08,0.0,0.0,0.0,3.46,0.05,0.64,0.02,0.66,2.7,1.82,0.62,0.0,0.02,0.0,0.28,0.04,0.54,0.04,5.71,10.5,0.1,3.42,2.46,27.58,6.14,17.92,21.64,56.28,26.18,0.84,0.56,0.0,11.72,0.96,0.0,0.0,20.18,28.14,0.0,3.25,2.11
8482982,J. Greaves,CBJ,G,54,2375.85,0.0,0.0,0.0,0.0,0.0,0.0,0.0,0.0,0.0,0.0,0.0,3.19,0.0,0.0,0.0,0.0,0.0,0.0,0.0,0.0,0.0,0.0,0.0,0.0,0.0,0.0,0.0,0.0,0.43,3.28,2.21,19.37,0.0,0.0,0.0,0.0,0.0,0.0,0.0,0.0,0.0,0.0,0.0,0.0,0.0,0.0,0.0,0.0,0.0
8483039,T. Nielsen,COL,F,4,378.25,0.0,0.25,0.25,0.75,2.25,0.25,0.25,0.0,0.0,0.0,0.0,3.25,0.06,0.75,0.25,0.25,2.25,1.5,0.75,0.0,0.0,0.0,0.5,0.25,0.5,0.0,1.25,27.25,0.22,1.25,2.27,25.0,4.5,16.75,20.0,55.5,23.0,1.25,0.75,0.0,9.5,1.0,0.0,0.0,25.77,30.93,0.0,2.78,3.4
8483114,T. Milic,WPG,G,9,924.22,0.0,0.0,0.0,0.0,0.0,0.0,0.0,0.0,0.0,0.0,0.0,2.33,0.0,0.0,0.0,0.0,0.0,0.0,0.0,0.0,0.0,0.0,0.0,0.0,0.0,0.0,0.0,0.0,1.4,3.67,2.28,6.89,0.0,0.0,0.0,0.0,0.0,0.0,0.0,0.0,0.0,0.0,0.0,0.0,0.0,0.0,0.0,0.0,0.0
8483203,D. Nozzolillo,CHI,G,1,0.0,0.0,0.0,0.0,0.0,0.0,0.0,0.0,0.0,0.0,0.0,0.0,1.0,0.0,0.0,0.0,0.0,0.0,0.0,0.0,0.0,0.0,0.0,0.0,0.0,0.0,0.0,0.0,0.0,1.56,5.0,1.56,0.0,0.0,0.0,0.0,0.0,0.0,0.0,0.0,0.0,0.0,0.0,0.0,0.0,0.0,0.0,0.0,0.0,0.0
8483395,A. Bains,VAN,F,28,552.36,0.04,0.14,0.18,0.64,0.86,0.18,-0.11,0.43,0.0,0.0,0.0,2.5,0.04,0.64,0.11,0.18,0.86,1.18,0.64,0.0,0.0,0.0,0.07,0.0,0.39,0.21,4.82,2.29,0.17,3.5,2.67,29.39,7.14,15.61,18.86,58.14,28.18,0.75,0.46,0.0,12.14,1.29,0.0,0.0,19.21,28.74,0.0,2.03,1.38
8483398,D. Carlile,TBL,D,32,862.12,0.03,0.06,0.09,0.84,0.97,0.75,0.12,0.66,0.0,0.0,0.0,4.03,0.08,0.84,0.12,0.75,0.97,2.25,0.81,0.03,0.0,0.0,0.38,0.0,0.5,0.16,7.64,11.17,0.13,2.38,1.95,26.12,4.84,13.22,22.34,50.03,24.69,0.78,0.66,0.0,10.03,1.06,0.0,0.0,20.69,30.58,0.0,4.57,4.02
8483406,T. Ward,LAK,F,13,671.15,0.15,0.15,0.31,0.85,0.85,0.31,0.31,0.0,0.0,0.0,0.0,2.46,0.11,0.85,0.23,0.31,0.85,2.77,0.85,0.0,0.0,0.0,0.31,0.0,0.92,0.08,8.5,15.23,0.19,3.08,2.39,28.38,6.38,14.69,19.69,54.0,27.15,0.85,0.38,0.0,11.0,1.23,0.0,0.0,19.74,36.94,0.0,5.05,3.92
8483424,O. Beck,MTL,F,15,551.33,0.07,0.0,0.07,0.73,1.6,0.53,0.27,0.4,0.0,0.0,0.0,3.4,0.05,0.73,0.07,0.53,1.6,1.6,0.73,0.0,0.0,0.0,0.4,0.0,0.67,0.13,2.4,1.97,0.09,2.53,2.74,26.6,5.87,18.07,19.6,57.67,25.47,0.6,0.53,0.0,12.87,0.93,0.0,0.0,16.4,21.47,0.0,2.69,1.93
8483425,L. Bichsel,DAL,D,26,948.58,0.04,0.08,0.12,0.35,3.27,0.92,0.23,0.85,0.0,0.0,0.0,3.58,0.03,0.35,0.04,0.92,3.27,1.12,0.31,0.0,0.04,0.0,0.19,0.04,0.88,0.15,5.62,2.58,0.12,2.73,2.26,27.81,5.81,15.88,24.04,55.12,26.5,0.69,0.62,0.0,11.08,1.27,0.0,0.0,21.75,29.93,0.0,2.0,1.46
8483429,S. Casey,NJD,D,2,1080.5,0.0,0.0,0.0,2.0,0.0,0.5,-1.5,0.0,0.0,0.0,0.0,3.0,0.12,2.0,0.5,0.5,0.0,4.0,2.0,0.0,0.0,0.0,0.5,0.5,1.5,1.0,48.0,21.0,0.05,6.5,2.38,35.0,9.5,13.0,16.5,51.5,33.5,0.5,1.0,0.0,14.0,1.5,0.0,0.0,22.46,23.64,0.0,7.35,4.65
8483431,L. Cooley,UTA,F,29,1069.17,0.48,0.31,0.79,2.03,1.17,0.45,0.21,0.76,0.0,0.0,0.0,3.14,0.18,2.03,0.76,0.45,1.17,3.1,1.93,0.07,0.03,0.0,0.66,0.0,1.28,0.38,10.69,14.67,0.63,2.9,1.96,24.69,4.76,15.48,22.28,50.52,23.24,1.07,0.38,0.0,10.59,1.55,0.0,0.0,21.78,27.36,0.0,5.78,8.95
8483432,L. Del Bel Belluz,CBJ,F,13,526.46,0.0,0.08,0.08,0.85,0.15,0.77,-0.15,0.31,0.0,0.0,0.0,3.0,0.05,0.85,0.08,0.77,0.15,1.23,0.85,0.0,0.0,0.0,0.15,0.0,0.08,0.15,4.38,3.85,0.16,3.54,2.33,30.46,6.31,16.85,19.92,61.0,28.62,1.23,0.62,0.0,10.54,1.38,0.0,0.0,20.34,31.93,0.0,1.97,2.17
8483433,J. Devine,FLA,F,6,506.33,0.0,0.0,0.0,1.0,0.67,0.0,-0.5,0.33,0.0,0.0,0.0,3.0,0.14,1.0,0.33,0.0,0.67,2.33,0.83,0.17,0.0,0.0,0.0,0.0,0.33,0.0,7.67,4.67,0.04,3.67,2.81,30.83,9.0,14.0,21.17,55.67,29.5,1.17,0.17,0.0,12.67,1.17,0.0,0.0,19.86,22.95,0.0,4.05,4.5
8483445,C. Gauthier,ANA,F,54,1043.17,0.44,0.44,0.89,3.8,0.81,0.3,0.02,0.33,0.0,0.0,0.0,3.3,0.24,3.81,0.7,0.3,0.81,6.87,3.69,0.11,0.02,0.0,1.5,0.04,0.98,0.24,15.86,19.96,0.84,3.56,2.26,29.2,5.98,16.5,18.48,57.35,27.54,0.74,0.93,0.0,11.96,1.24,0.0,0.0,20.49,25.83,0.0,11.05,10.2
8483447,C. Geekie,TBL,F,6,601.5,0.0,0.17,0.17,0.83,2.5,0.83,0.0,0.67,0.0,0.0,0.0,2.67,0.05,0.83,0.0,0.83,2.5,2.0,0.83,0.0,0.0,0.0,0.5,0.0,0.83,0.0,5.5,1.83,0.16,3.5,2.39,31.33,5.67,17.0,28.0,61.0,29.33,1.17,0.83,0.0,12.17,1.17,0.0,0.0,22.65,26.39,0.0,3.15,2.08
8483448,I. George,NYI,D,2,797.5,0.0,0.5,0.5,0.0,0.5,0.5,0.0,0.0,0.0,0.0,0.0,2.0,0.01,0.0,0.0,0.5,0.5,0.5,0.0,0.0,0.0,0.0,0.5,0.5,1.0,0.5,0.0,0.0,0.29,2.5,1.38,21.0,3.5,13.0,19.5,42.0,19.5,1.0,0.5,0.0,9.5,1.5,0.0,0.0,17.65,26.84,0.0,1.15,0.9
8483450,R. Greene,CHI,F,56,989.29,0.12,0.23,0.36,1.3,0.57,0.46,-0.12,0.18,0.0,0.0,0.0,2.75,0.09,1.3,0.23,0.46,0.57,2.39,1.25,0.02,0.04,0.0,0.41,0.0,0.7,0.3,7.6,9.51,0.32,3.23,2.59,30.09,6.89,14.04,22.86,56.54,28.46,1.09,0.54,0.0,11.98,1.02,0.0,0.0,19.6,28.49,0.0,4.2,3.5
8483452,H. Haight,MIN,F,5,580.6,0.0,0.0,0.0,0.8,1.2,0.2,-0.8,0.0,0.0,0.0,0.0,4.6,0.08,0.8,0.4,0.2,1.2,1.2,0.8,0.0,0.0,0.0,0.4,0.0,0.6,0.2,5.33,7.47,0.03,3.6,2.49,29.0,6.0,17.6,23.6,57.0,27.8,0.6,0.6,0.0,10.6,1.2,0.0,0.0,22.45,27.02,0.0,2.18,3.54
8483455,I. Howard,EDM,F,28,619.46,0.07,0.11,0.18,1.18,0.25,0.14,-0.21,0.43,0.0,0.0,0.0,3.18,0.1,1.18,0.07,0.14,0.25,2.54,1.14,0.04,0.0,0.0,0.43,0.04,0.61,0.07,6.61,8.77,0.15,3.18,2.08,25.32,5.07,16.43,17.18,53.61,24.0,0.75,0.57,0.0,10.93,0.64,0.0,0.0,20.49,28.98,0.0,4.6,4.69
8483457,L. Hutson,MTL,D,56,1425.2,0.16,0.86,1.02,1.61,0.41,1.57,0.36,0.43,0.0,0.0,0.0,3.46,0.12,1.61,0.25,1.57,0.41,3.59,1.54,0.04,0.04,0.0,0.54,0.04,1.04,0.46,11.27,18.38,0.82,3.32,2.49,27.41,6.05,17.93,21.45,56.3,26.0,0.8,0.61,0.0,11.8,0.93,0.0,0.0,20.15,28.31,0.0,6.32,4.93
8483460,D.Jiricek,MIN,D,25,702.68,0.0,0.0,0.0,0.6,0.32,0.76,0.0,0.56,0.0,0.0,0.0,3.6,0.05,0.6,0.0,0.76,0.32,1.6,0.56,0.0,0.04,0.0,0.2,0.04,0.96,0.12,8.12,4.92,-0.04,2.68,2.81,30.52,6.28,18.0,21.08,61.32,29.36,0.72,0.44,0.0,12.12,0.92,0.0,0.0,20.3,26.16,0.0,2.64,2.03
8483463,A. Kaskimaki,STL,F,5,623.6,0.0,0.0,0.0,1.2,0.4,0.6,-1.2,0.0,0.0,0.0,0.0,2.4,0.03,1.2,0.0,0.6,0.4,1.6,1.2,0.0,0.0,0.0,0.4,0.0,0.4,0.0,5.2,10.0,0.07,4.2,2.97,31.6,8.2,16.6,19.6,57.8,31.0,0.6,0.0,0.0,10.8,1.0,0.0,0.0,18.25,26.28,0.0,2.76,1.12
8483464,M. Kasper,DET,F,56,816.77,0.11,0.12,0.23,1.57,2.27,0.62,-0.2,0.52,0.0,0.0,0.0,3.04,0.12,1.57,0.27,0.62,2.27,2.88,1.57,0.0,0.0,0.0,0.68,0.04,0.66,0.14,5.14,9.2,0.29,3.02,2.53,27.89,5.89,18.23,21.29,58.21,26.46,0.77,0.66,0.0,11.5,0.88,0.0,0.0,18.75,24.92,0.0,5.09,4.79
8483465,J. Kemell,NSH,F,2,664.0,0.0,0.0,0.0,0.5,2.0,0.5,0.0,0.0,0.0,0.0,0.0,3.0,0.11,0.5,0.0,0.5,2.0,2.5,0.5,0.0,0.0,0.0,1.5,0.0,0.0,0.0,0.0,0.0,0.12,1.0,2.86,35.5,6.0,19.0,28.5,68.0,34.5,0.5,0.5,0.0,14.0,1.0,0.0,0.0,22.84,22.38,0.0,3.4,3.65
8483466,K. Korchinski,CHI,D,2,838.5,0.0,0.5,0.5,1.0,0.0,1.0,-1.0,1.0,0.0,0.0,0.0,2.0,0.1,1.0,0.0,1.0,0.0,1.5,1.0,0.0,0.0,0.0,0.5,0.0,1.0,0.5,0.0,0.0,0.38,2.5,2.66,30.0,6.0,9.5,16.5,51.0,28.5,1.0,0.5,0.0,11.5,0.5,0.0,0.0,14.6,23.61,0.0,2.25,2.4
8483468,J.Kulich,BUF,F,12,981.83,0.25,0.17,0.42,1.67,0.75,1.0,-0.33,0.33,0.0,0.0,0.0,3.08,0.16,1.67,0.42,1.0,0.75,3.58,1.67,0.0,0.0,0.0,0.5,0.0,0.83,0.08,8.62,25.5,0.38,3.17,2.42,32.25,5.75,18.17,22.25,63.75,29.92,1.17,1.17,0.0,11.58,1.33,0.0,0.0,21.97,30.06,0.0,5.38,6.56
8483471,B. Lambert,WPG,F,4,541.5,0.25,0.0,0.25,0.75,0.75,0.25,-0.25,0.5,0.0,0.0,0.0,1.75,0.08,0.75,0.5,0.25,0.75,1.25,0.75,0.0,0.0,0.0,0.5,0.0,0.75,0.0,4.5,1.5,0.16,2.25,2.58,29.25,7.0,17.75,16.5,58.0,28.25,0.75,0.25,0.0,11.75,1.25,0.0,0.0,20.94,23.32,0.0,2.1,3.15
8483472,M. Lamoureux,UTA,D,5,879.2,0.0,0.2,0.2,0.8,2.2,1.8,0.8,0.4,0.0,0.0,0.0,3.2,0.07,0.8,0.0,1.8,2.2,2.0,0.8,0.0,0.0,0.0,0.8,0.0,0.8,0.4,13.0,14.2,0.27,2.2,2.46,29.2,4.0,20.0,20.2,65.2,27.2,1.0,1.0,0.0,11.8,0.8,0.0,0.0,21.29,29.54,0.0,2.74,2.68
8483476,J. Lekkerimäki,VAN,F,12,694.33,0.17,0.08,0.25,0.83,0.67,0.42,-0.17,0.0,0.0,0.0,0.0,2.25,0.07,0.83,0.25,0.42,0.67,1.75,0.83,0.0,0.0,0.0,0.5,0.0,0.58,0.08,2.42,5.67,0.2,3.08,2.76,29.42,6.67,16.58,21.17,60.67,27.83,1.0,0.58,0.0,11.92,1.42,0.0,0.0,21.08,27.12,0.0,2.83,2.89
8483485,D. Mateychuk,CBJ,D,47,1205.26,0.19,0.28,0.47,1.19,0.4,1.36,0.13,0.09,0.0,0.0,0.0,3.15,0.09,1.19,0.23,1.36,0.4,2.77,1.06,0.13,0.0,0.0,0.47,0.04,1.09,0.26,9.79,9.49,0.37,3.32,2.24,31.13,5.83,16.21,17.77,59.7,29.62,0.96,0.55,0.0,10.94,1.19,0.0,0.0,20.6,29.11,0.0,4.46,4.24
8483487,R. McGroarty,PIT,F,19,714.58,0.11,0.11,0.21,1.79,1.05,0.37,-0.11,0.11,0.0,0.0,0.0,3.68,0.13,1.79,0.53,0.37,1.05,2.89,1.74,0.05,0.0,0.0,0.63,0.11,0.58,0.0,7.31,14.68,0.24,3.53,2.07,26.89,5.79,15.79,18.47,54.89,25.89,0.74,0.26,0.0,11.26,1.05,0.0,0.0,21.41,26.61,0.0,5.22,5.92
8483489,F. Minten,BOS,F,56,887.07,0.25,0.27,0.52,1.32,1.75,0.62,0.34,0.25,0.0,0.0,0.0,3.41,0.13,1.34,0.46,0.62,1.75,2.5,1.25,0.09,0.0,0.0,0.54,0.07,0.45,0.36,6.97,8.41,0.52,3.16,2.34,30.34,5.84,16.95,22.12,59.48,29.27,0.68,0.39,0.0,12.04,0.95,0.0,0.0,19.43,25.58,0.0,4.0,5.15
8483490,P. Mintyukov,ANA,D,50,1076.72,0.12,0.18,0.3,1.0,0.5,1.48,-0.06,0.08,0.0,0.0,0.0,3.4,0.1,1.0,0.14,1.48,0.5,2.64,0.92,0.0,0.08,0.0,0.4,0.04,0.84,0.24,8.47,8.98,0.28,3.5,2.27,29.36,5.96,16.38,18.18,57.24,27.68,0.72,0.96,0.0,11.78,1.2,0.0,0.0,20.52,26.22,0.0,4.68,4.6
8483491,I. Miroshnichenko,WSH,F,4,627.25,0.0,0.0,0.0,1.25,1.75,0.75,0.25,0.5,0.0,0.0,0.0,2.0,0.19,1.25,0.0,0.75,1.75,4.0,1.25,0.0,0.0,0.0,0.25,0.0,0.25,0.0,20.62,17.25,0.14,4.5,3.03,35.75,9.25,18.75,15.5,67.5,33.75,0.75,1.25,0.0,11.5,1.0,0.0,0.0,17.43,23.52,0.0,5.85,7.3
8483493,F. Nazar,CHI,F,40,1110.53,0.18,0.42,0.6,2.12,0.55,0.7,-0.18,0.55,0.0,0.0,0.0,2.72,0.18,2.22,0.42,0.7,0.55,4.35,2.2,0.02,0.0,0.0,0.92,0.02,1.18,0.35,13.58,27.68,0.5,3.32,2.62,30.32,7.05,14.28,23.45,57.28,28.65,1.1,0.57,0.0,12.5,1.0,0.0,0.0,19.59,26.63,0.0,7.22,6.94
8483495,S. Nemec,NJD,D,41,1181.32,0.2,0.29,0.49,1.59,0.27,1.46,-0.02,0.44,0.0,0.0,0.0,2.85,0.14,1.61,0.27,1.46,0.27,4.0,1.54,0.02,0.05,0.0,0.49,0.02,1.12,0.39,11.87,13.36,0.42,3.17,2.2,27.83,5.68,16.71,19.61,55.15,26.49,0.76,0.59,0.0,10.93,1.12,0.0,0.0,19.96,26.55,0.0,7.1,6.66
8483497,J. Nyman,SEA,F,24,642.29,0.17,0.08,0.25,1.29,0.83,0.17,0.04,0.25,0.0,0.0,0.0,2.58,0.12,1.29,0.33,0.17,0.83,2.79,1.29,0.0,0.0,0.0,0.38,0.0,0.54,0.04,7.01,3.44,0.23,3.21,2.57,30.67,6.25,19.42,20.12,63.33,29.25,0.88,0.54,0.0,12.46,1.12,0.0,0.0,18.87,24.99,0.0,4.44,4.75
8483499,L. Ohgren,MIN/VAN,F,43,687.58,0.09,0.09,0.19,1.26,1.21,0.56,-0.09,0.0,0.0,0.0,0.0,2.67,0.1,1.33,0.21,0.56,1.21,2.93,1.33,0.0,0.0,0.0,0.51,0.0,0.47,0.12,7.04,15.21,0.23,3.21,2.72,31.4,6.3,16.05,18.51,59.84,29.86,0.79,0.74,0.0,11.86,0.88,0.0,0.0,19.02,30.88,0.0,4.8,3.66
8483500,N. Ostlund,BUF,F,43,812.16,0.23,0.21,0.44,1.0,0.07,0.51,0.14,0.14,0.0,0.0,0.0,3.58,0.09,1.02,0.42,0.51,0.07,1.95,0.93,0.07,0.02,0.0,0.3,0.02,0.56,0.3,3.98,12.81,0.37,2.93,2.18,29.6,5.35,16.56,23.09,58.37,27.91,0.93,0.77,0.0,11.56,1.21,0.0,0.0,19.95,25.41,0.0,3.42,4.55
8483503,O. Pickering,PIT,D,4,725.75,0.0,0.0,0.0,0.25,0.25,0.5,-0.75,0.5,0.0,0.0,0.0,2.75,0.05,0.25,0.0,0.5,0.25,1.5,0.25,0.0,0.0,0.0,0.0,0.0,1.0,0.25,2.0,5.25,-0.08,3.25,1.98,29.5,6.5,13.25,26.75,53.0,27.75,1.5,0.25,0.0,11.25,1.5,0.0,0.0,18.84,28.71,0.0,3.08,2.88
8483505,M. Poitras,BOS,F,2,698.0,0.5,0.0,0.5,3.5,0.0,1.0,0.5,1.0,0.0,0.0,0.0,5.5,0.23,3.5,1.5,1.0,0.0,3.0,3.0,0.5,0.0,0.0,0.5,0.0,0.0,0.0,2.0,2.5,0.68,4.5,3.0,42.0,7.5,14.5,29.0,66.5,41.0,0.5,0.5,0.0,12.5,0.5,0.0,0.0,18.4,31.03,0.0,4.85,7.9
8483506,S. Rinzel,CHI,D,30,1011.57,0.07,0.23,0.3,1.5,0.87,1.1,0.03,1.0,0.0,0.0,0.0,3.03,0.12,1.5,0.17,1.1,0.87,4.07,1.5,0.0,0.0,0.0,0.9,0.0,1.27,0.23,14.78,11.54,0.24,3.2,2.59,30.8,6.77,14.43,22.6,57.97,29.13,1.07,0.6,0.0,12.5,0.83,0.0,0.0,20.33,26.22,0.0,6.75,4.79
8483510,E. Salomonsson,WPG,D,12,1014.67,0.0,0.0,0.0,1.25,1.0,1.0,-0.33,0.0,0.0,0.0,0.0,2.58,0.11,1.25,0.08,1.0,1.0,3.25,1.08,0.0,0.17,0.0,0.42,0.0,1.17,0.17,3.92,8.62,0.01,3.17,2.24,32.08,5.83,14.33,20.58,57.67,30.67,0.42,1.0,0.0,11.58,1.42,0.0,0.0,21.1,31.74,0.0,5.27,4.57
8483512,M. Savoie,EDM,F,56,834.38,0.16,0.16,0.32,1.36,0.18,0.46,-0.04,0.32,0.0,0.0,0.0,3.45,0.11,1.38,0.27,0.46,0.18,2.34,1.27,0.09,0.02,0.0,0.61,0.02,0.77,0.34,6.88,13.72,0.28,3.3,2.16,27.27,5.29,15.86,19.57,54.7,26.0,0.71,0.55,0.0,10.79,0.84,0.0,0.0,20.77,26.84,0.0,4.25,5.31
8483513,R. Schaefer,NSH,F,25,630.28,0.16,0.08,0.24,0.88,2.52,0.8,-0.36,0.52,0.0,0.0,0.0,3.2,0.12,0.88,0.36,0.8,2.52,1.92,0.88,0.0,0.0,0.0,0.56,0.0,0.44,0.12,1.78,3.68,0.29,3.08,2.16,30.4,5.44,14.76,19.64,55.72,28.92,0.84,0.64,0.0,11.28,0.96,0.0,0.0,19.72,27.27,0.0,3.6,5.87
8483515,J. Slafkovský,MTL,F,56,1085.0,0.38,0.41,0.79,2.07,1.48,0.91,0.12,0.75,0.0,0.0,0.0,3.46,0.18,2.09,0.61,0.91,1.48,4.36,2.0,0.04,0.05,0.0,0.68,0.02,0.79,0.14,8.71,10.88,0.7,3.32,2.49,27.41,6.05,17.93,21.45,56.3,26.0,0.8,0.61,0.0,11.8,0.93,0.0,0.0,20.15,28.31,0.0,7.44,7.21
8483516,J. Snuggerud,STL,F,44,964.0,0.2,0.3,0.5,2.14,1.09,0.61,-0.16,0.23,0.0,0.0,0.0,2.64,0.22,2.2,0.43,0.61,1.09,4.59,2.16,0.02,0.02,0.0,1.07,0.02,0.64,0.32,14.36,20.52,0.51,3.59,2.05,27.7,5.43,16.16,17.3,55.09,25.98,1.0,0.73,0.0,10.5,1.11,0.0,0.0,21.7,28.45,0.0,7.85,9.7
8483524,S. Wright,SEA,F,54,830.35,0.17,0.2,0.37,1.5,0.78,0.74,0.06,0.15,0.0,0.0,0.0,2.89,0.14,1.5,0.48,0.74,0.78,2.5,1.48,0.02,0.0,0.0,0.52,0.0,1.02,0.2,7.59,9.68,0.3,2.94,2.41,29.52,5.56,17.91,20.33,61.15,28.17,0.78,0.57,0.0,12.56,1.3,0.0,0.0,20.02,28.23,0.0,3.95,5.54
8483525,D. Yurov,MIN,F,50,791.5,0.16,0.26,0.42,1.14,0.64,0.64,-0.08,0.36,0.0,0.0,0.0,3.36,0.1,1.14,0.26,0.64,0.64,2.3,1.12,0.02,0.0,0.0,0.46,0.02,0.62,0.24,4.04,4.07,0.37,2.9,2.62,30.28,6.14,17.18,18.72,59.58,28.98,0.88,0.42,0.0,11.38,0.94,0.0,0.0,20.57,29.85,0.0,3.62,3.68
8483526,D. Zhilkin,WPG,F,4,494.25,0.0,0.0,0.0,0.5,0.75,1.0,0.5,0.0,0.0,0.0,0.0,4.25,0.08,0.5,0.0,1.0,0.75,1.25,0.0,0.25,0.25,0.0,0.25,0.0,0.25,0.0,0.25,4.0,0.06,3.0,2.84,27.0,5.75,15.25,15.25,58.75,26.0,0.5,0.5,0.0,12.25,1.0,0.0,0.0,19.86,30.56,0.0,2.22,2.52
8483531,B. Halonen,NJD,F,9,450.11,0.11,0.0,0.11,0.44,2.0,0.22,-0.11,0.56,0.0,0.0,0.0,3.56,0.05,0.44,0.11,0.22,2.0,1.22,0.44,0.0,0.0,0.0,0.22,0.11,0.22,0.22,5.22,2.11,0.17,2.0,2.55,28.33,5.56,22.56,19.22,63.44,27.11,0.78,0.44,0.0,12.33,1.11,0.0,0.0,18.39,23.38,0.0,2.07,2.73
8483532,C. Stevenson,WSH,G,4,1825.5,0.0,0.0,0.0,0.0,0.0,0.0,0.0,0.0,0.0,0.0,0.0,3.5,0.0,0.0,0.0,0.0,0.0,0.0,0.0,0.0,0.0,0.0,0.0,0.0,0.0,0.0,0.0,0.0,1.31,1.75,2.31,13.0,0.0,0.0,0.0,0.0,0.0,0.0,0.0,0.0,0.0,0.0,0.0,0.0,0.0,0.0,0.0,0.0,0.0
8483546,M. Rifai,TOR,D,1,580.0,0.0,0.0,0.0,1.0,0.0,1.0,0.0,0.0,0.0,0.0,0.0,3.0,0.04,1.0,0.0,1.0,0.0,2.0,0.0,0.0,1.0,0.0,0.0,0.0,1.0,0.0,0.0,0.0,-0.02,2.0,2.71,31.0,8.0,11.0,14.0,55.0,27.0,1.0,3.0,0.0,10.0,2.0,0.0,0.0,15.92,45.92,0.0,3.5,1.5
8483548,B. Bussi,CAR,G,48,1897.88,0.0,0.0,0.0,0.0,0.0,0.0,0.0,0.0,0.0,0.0,0.0,3.48,0.0,0.0,0.0,0.0,0.0,0.0,0.0,0.0,0.0,0.0,0.0,0.0,0.0,0.0,0.0,0.0,1.02,2.85,2.16,12.25,0.0,0.0,0.0,0.0,0.0,0.0,0.0,0.0,0.0,0.0,0.0,0.0,0.0,0.0,0.0,0.0,0.0
8483553,M. Gatcomb,NYI,F,27,617.11,0.04,0.07,0.11,1.22,4.48,0.67,0.07,0.22,0.0,0.0,0.0,3.04,0.09,1.22,0.22,0.67,4.48,1.93,1.22,0.0,0.0,0.0,0.59,0.0,0.33,0.19,5.02,6.46,0.29,2.48,2.42,29.7,5.56,17.04,20.26,60.59,28.22,1.26,0.22,0.0,12.26,0.89,0.0,0.0,19.46,27.89,0.0,3.27,4.11
8483565,N. Blankenburg,NSH,D,44,1087.18,0.14,0.34,0.48,1.23,0.93,1.02,-0.18,0.23,0.0,0.0,0.0,2.98,0.14,1.23,0.27,1.02,0.93,3.36,1.18,0.0,0.05,0.0,0.66,0.02,1.11,0.34,8.5,15.86,0.38,3.45,2.01,28.93,5.41,12.89,19.66,51.64,27.64,0.73,0.57,0.0,10.43,1.14,0.0,0.0,20.89,26.94,0.0,6.47,6.87
8483567,G. Merkulov,BOS,F,1,635.0,0.0,0.0,0.0,0.0,0.0,0.0,-1.0,0.0,0.0,0.0,0.0,2.0,0.02,0.0,0.0,0.0,0.0,1.0,0.0,0.0,0.0,0.0,0.0,0.0,0.0,0.0,0.0,0.0,0.0,6.0,2.64,37.0,10.0,10.0,34.0,56.0,35.0,2.0,0.0,0.0,15.0,3.0,0.0,0.0,16.91,30.42,0.0,1.8,0.8
8483570,B. Meyers,SEA,F,31,698.26,0.16,0.19,0.35,1.29,1.16,0.26,0.0,0.13,0.0,0.0,0.0,3.0,0.12,1.29,0.32,0.26,1.16,2.32,1.26,0.0,0.03,0.0,0.65,0.06,0.45,0.13,8.46,5.18,0.34,2.84,2.41,30.84,5.35,18.1,20.71,63.39,29.35,0.94,0.55,0.0,13.48,1.32,0.0,0.0,20.17,29.59,0.0,3.55,4.68
8483573,E. Frank,WSH,F,46,762.2,0.24,0.26,0.5,1.54,0.85,0.65,0.2,0.3,0.0,0.0,0.0,3.3,0.12,1.57,0.46,0.65,0.85,2.74,1.5,0.04,0.02,0.0,0.76,0.0,0.39,0.17,5.3,8.3,0.49,3.02,2.61,29.3,6.61,17.83,18.74,59.2,28.04,0.74,0.52,0.0,11.96,0.93,0.0,0.0,19.96,28.41,0.0,4.56,4.76
8483609,A. Klapka,CGY,F,54,637.63,0.09,0.13,0.22,1.02,3.69,0.63,-0.07,1.69,0.0,0.0,0.0,2.5,0.08,1.02,0.15,0.63,3.69,2.56,0.93,0.07,0.02,0.0,0.7,0.09,0.39,0.19,5.52,5.79,0.32,3.0,2.53,28.87,6.02,16.2,19.35,56.54,27.02,1.13,0.72,0.0,11.76,1.02,0.0,0.0,20.12,25.11,0.0,4.37,3.0
8483630,P. Regenda,SJS,F,16,841.75,0.5,0.06,0.56,2.12,2.25,0.19,0.19,0.62,0.0,0.0,0.0,3.38,0.21,2.12,0.88,0.19,2.25,3.06,2.0,0.12,0.0,0.0,0.81,0.06,0.44,0.12,7.25,14.0,0.59,3.75,1.98,27.31,5.38,15.12,16.31,52.56,26.31,0.44,0.56,0.0,10.06,1.19,0.0,0.0,18.48,25.94,0.0,5.49,9.84
8483676,S. Halliday,OTT,F,23,492.35,0.13,0.3,0.43,1.09,1.09,0.3,0.0,0.0,0.0,0.0,0.0,3.26,0.09,1.09,0.3,0.3,1.09,1.87,1.09,0.0,0.0,0.0,0.39,0.0,0.65,0.04,7.52,6.09,0.34,2.87,2.0,24.48,4.96,13.65,20.91,47.43,23.09,0.61,0.78,0.0,10.09,0.78,0.0,0.0,19.49,28.12,0.0,3.72,4.04
8483678,E. Pettersson,VAN,D,46,855.63,0.02,0.13,0.15,0.52,1.8,1.17,-0.15,0.3,0.0,0.0,0.0,2.8,0.05,0.52,0.02,1.17,1.8,2.0,0.48,0.0,0.04,0.0,0.43,0.02,0.98,0.24,7.0,12.72,0.13,3.52,2.71,29.91,7.15,15.67,18.96,58.07,28.54,0.76,0.61,0.0,11.98,1.0,0.0,0.0,19.06,28.3,0.0,3.5,2.11
8483686,A. Engstrom,MTL,D,11,752.36,0.0,0.0,0.0,0.64,0.36,0.45,0.27,0.55,0.0,0.0,0.0,3.64,0.06,0.64,0.0,0.45,0.36,1.73,0.55,0.09,0.0,0.0,0.18,0.0,0.55,0.18,8.27,9.64,0.01,3.09,2.76,29.18,6.73,18.18,22.18,60.91,28.27,0.36,0.55,0.0,13.45,1.09,0.0,0.0,17.93,24.86,0.0,2.97,2.45
8483690,N. Laba,NYR,F,53,797.75,0.11,0.19,0.3,0.94,1.36,0.64,-0.06,0.42,0.0,0.0,0.0,2.68,0.09,0.94,0.21,0.64,1.36,1.94,0.89,0.06,0.0,0.0,0.53,0.0,0.42,0.13,3.65,4.36,0.3,3.19,2.47,28.6,6.19,16.23,19.43,56.79,27.3,0.68,0.62,0.0,10.49,0.85,0.0,0.0,21.17,27.67,0.0,3.36,3.75
8483703,S. Murashov,PIT,G,9,1875.22,0.0,0.0,0.0,0.0,0.0,0.0,0.0,0.0,0.0,0.0,0.0,2.67,0.0,0.0,0.0,0.0,0.0,0.0,0.0,0.0,0.0,0.0,0.0,0.0,0.0,0.0,0.0,0.0,0.83,3.22,2.16,12.89,0.0,0.0,0.0,0.0,0.0,0.0,0.0,0.0,0.0,0.0,0.0,0.0,0.0,0.0,0.0,0.0,0.0
8483710,D. Hildeby,TOR,G,37,1541.51,0.0,0.0,0.0,0.0,0.0,0.0,0.0,0.0,0.0,0.0,0.0,3.19,0.0,0.0,0.0,0.0,0.0,0.0,0.0,0.0,0.0,0.0,0.0,0.0,0.0,0.0,0.0,0.0,1.55,3.22,2.76,13.81,0.0,0.0,0.0,0.0,0.0,0.0,0.0,0.0,0.0,0.0,0.0,0.0,0.0,0.0,0.0,0.0,0.0
8483711,D. DiVincentiis,WPG,G,2,0.0,0.0,0.0,0.0,0.0,0.0,0.0,0.0,0.0,0.0,0.0,0.0,3.0,0.0,0.0,0.0,0.0,0.0,0.0,0.0,0.0,0.0,0.0,0.0,0.0,0.0,0.0,0.0,0.0,2.2,5.0,2.2,0.0,0.0,0.0,0.0,0.0,0.0,0.0,0.0,0.0,0.0,0.0,0.0,0.0,0.0,0.0,0.0,0.0,0.0
8483728,J. Davidson,MTL,F,10,523.0,0.0,0.1,0.1,0.9,1.8,0.1,-0.4,1.0,0.0,0.0,0.0,3.1,0.11,0.9,0.1,0.1,1.8,1.9,0.8,0.1,0.0,0.0,0.2,0.2,0.5,0.1,10.8,10.0,0.12,3.5,2.67,28.7,7.0,18.3,23.5,57.7,26.7,0.9,1.1,0.0,11.8,1.1,0.0,0.0,21.47,36.55,0.0,3.09,3.7
8483733,N. Grebenkin,PHI,F,40,678.9,0.1,0.2,0.3,0.65,1.6,0.28,-0.18,1.0,0.0,0.0,0.0,2.88,0.05,0.65,0.12,0.28,1.6,1.35,0.6,0.05,0.0,0.0,0.25,0.02,0.72,0.22,3.36,4.19,0.23,3.58,2.38,25.52,5.92,16.27,20.95,53.88,24.18,0.7,0.65,0.0,11.08,1.25,0.0,0.0,21.69,30.28,0.0,2.6,2.17
8483746,V. Buteyets,ANA,G,6,200.0,0.0,0.0,0.0,0.0,0.0,0.0,0.0,0.0,0.0,0.0,0.0,3.5,0.0,0.0,0.0,0.0,0.0,0.0,0.0,0.0,0.0,0.0,0.0,0.0,0.0,0.0,0.0,0.0,2.19,3.33,2.69,2.17,0.0,0.0,0.0,0.0,0.0,0.0,0.0,0.0,0.0,0.0,0.0,0.0,0.0,0.0,0.0,0.0,0.0
8483752,D. James,TBL,F,38,721.21,0.13,0.18,0.32,1.21,1.37,0.34,0.03,0.16,0.0,0.0,0.0,3.68,0.09,1.24,0.24,0.34,1.37,2.55,1.18,0.03,0.03,0.0,0.55,0.05,0.97,0.24,5.62,10.68,0.25,2.18,1.88,25.79,4.18,13.16,21.26,48.95,24.08,0.87,0.84,0.0,9.87,0.92,0.0,0.0,21.11,30.92,0.0,5.07,5.21
8483766,D. Spacek,MIN,D,2,645.0,0.0,0.0,0.0,0.0,0.5,1.0,-0.5,0.0,0.0,0.0,0.0,2.5,0.0,0.0,0.0,1.0,0.5,0.0,0.0,0.0,0.0,0.0,0.0,0.0,0.5,0.0,0.0,0.0,-0.02,5.0,2.28,31.0,8.0,17.0,18.5,57.0,30.0,0.5,0.5,0.0,10.0,1.0,0.0,0.0,19.7,21.08,0.0,0.0,0.0
8483768,V. Mancini,VAN,D,10,818.4,0.0,0.0,0.0,0.6,1.2,1.3,-0.6,0.5,0.0,0.0,0.0,2.5,0.05,0.6,0.0,1.3,1.2,1.6,0.5,0.0,0.1,0.0,0.1,0.0,0.5,0.0,1.9,3.75,0.07,3.9,2.87,34.9,7.5,16.6,21.1,65.1,33.5,0.9,0.5,0.0,12.2,1.3,0.0,0.0,20.26,30.4,0.0,2.41,2.09
8483771,S. Vilmanis,FLA,F,12,644.33,0.17,0.17,0.33,0.83,2.17,0.25,0.08,0.17,0.0,0.0,0.0,3.0,0.05,0.83,0.17,0.25,2.17,1.25,0.83,0.0,0.0,0.0,0.42,0.0,0.67,0.33,8.96,13.12,0.3,3.42,2.09,23.67,5.67,11.42,22.08,45.75,21.92,0.67,1.08,0.0,10.0,1.75,0.0,0.0,21.62,27.31,0.0,2.73,2.53
8483808,A. Kuzmenko,LAK,F,49,900.86,0.22,0.2,0.43,1.31,0.37,0.29,-0.08,0.33,0.0,0.0,0.0,2.73,0.15,1.35,0.45,0.29,0.37,3.22,1.27,0.04,0.04,0.0,0.65,0.02,0.98,0.18,6.97,14.09,0.3,2.92,2.42,28.04,6.37,15.06,19.98,54.37,26.41,1.1,0.53,0.0,10.59,1.16,0.0,0.0,21.28,33.64,0.0,5.75,6.08
8483841,X. Parent,NJD,F,5,514.4,0.0,0.0,0.0,0.4,1.4,0.2,-0.2,0.4,0.0,0.0,0.0,2.6,0.06,0.4,0.0,0.2,1.4,1.2,0.4,0.0,0.0,0.0,0.8,0.0,0.2,0.2,0.0,0.0,0.07,2.6,2.28,30.8,6.0,15.8,19.0,57.4,29.0,1.2,0.6,0.0,10.0,0.6,0.0,0.0,22.96,32.21,0.0,2.26,2.14
8483890,B. Bowman,VGK,F,39,844.18,0.18,0.31,0.49,1.38,0.28,0.46,-0.33,0.1,0.0,0.0,0.0,3.38,0.15,1.38,0.44,0.46,0.28,2.77,1.28,0.1,0.0,0.0,0.46,0.0,0.38,0.23,6.21,11.32,0.45,3.28,2.42,25.05,5.97,15.67,22.21,52.69,23.72,0.79,0.54,0.0,11.64,1.08,0.0,0.0,22.18,29.31,0.0,5.0,5.59
8483930,I. Ivan,COL,F,7,464.57,0.0,0.14,0.14,0.57,0.29,0.14,0.29,0.29,0.0,0.0,0.0,4.86,0.02,0.57,0.0,0.14,0.29,0.86,0.57,0.0,0.0,0.0,0.57,0.14,0.43,0.0,0.0,0.0,0.09,2.86,2.63,29.71,7.71,16.43,22.14,55.86,28.29,0.71,0.71,0.0,10.86,1.0,0.0,0.0,17.89,21.79,0.0,1.53,0.64
8484135,P. Ford,WPG,F,11,589.09,0.0,0.09,0.09,0.64,1.82,1.0,-0.18,0.36,0.0,0.0,0.0,3.45,0.07,0.64,0.0,1.0,1.82,1.91,0.64,0.0,0.0,0.0,0.27,0.09,0.09,0.18,1.55,2.82,0.21,2.82,2.5,27.27,5.27,17.18,18.64,58.55,26.45,0.55,0.27,0.0,11.73,0.73,0.0,0.0,20.09,29.35,0.0,3.45,2.97
8484136,M. Sasson,VAN,F,49,686.63,0.2,0.04,0.24,0.98,0.43,0.55,-0.16,0.41,0.0,0.0,0.0,2.63,0.07,0.98,0.31,0.55,0.43,1.61,0.96,0.02,0.0,0.0,0.27,0.02,0.51,0.1,3.04,2.58,0.23,3.73,2.63,30.0,7.02,14.98,18.47,57.22,28.82,0.53,0.65,0.0,12.1,1.06,0.0,0.0,18.82,28.12,0.0,2.97,2.87
8484142,D. Barkey,PHI,F,20,832.4,0.1,0.35,0.45,1.1,0.7,0.55,-0.2,0.6,0.0,0.0,0.0,3.05,0.07,1.1,0.25,0.55,0.7,2.2,1.0,0.05,0.05,0.0,0.5,0.05,0.65,0.05,4.2,7.0,0.36,3.85,2.35,25.9,6.25,17.2,19.8,54.0,24.15,0.95,0.8,0.0,11.05,1.45,0.0,0.0,21.67,24.78,0.0,3.9,3.1
8484144,C. Bedard,CHI,F,43,1256.14,0.53,0.7,1.23,3.3,0.37,0.37,0.0,0.74,0.0,0.0,0.0,2.77,0.23,3.4,0.81,0.37,0.37,5.56,3.28,0.05,0.07,0.0,0.67,0.05,1.3,0.42,11.76,25.58,1.01,3.12,2.62,30.42,6.77,14.28,23.0,57.47,28.77,1.05,0.6,0.0,12.42,1.0,0.0,0.0,19.9,26.71,0.0,8.92,8.26
8484145,Z. Benson,BUF,F,42,989.9,0.17,0.45,0.62,1.79,0.5,0.36,0.38,0.48,0.0,0.0,0.0,3.67,0.18,1.79,0.57,0.36,0.5,2.95,1.76,0.02,0.0,0.0,0.43,0.02,0.71,0.36,6.08,8.14,0.53,2.81,2.22,29.55,5.31,16.62,23.57,58.95,27.95,0.86,0.74,0.0,11.81,1.17,0.0,0.0,20.14,25.55,0.0,5.04,7.72
8484149,G. Brindley,COL,F,41,611.76,0.12,0.15,0.27,1.15,0.71,0.29,0.15,0.2,0.0,0.0,0.0,4.0,0.09,1.15,0.24,0.29,0.71,1.93,1.15,0.0,0.0,0.0,0.59,0.02,0.39,0.1,7.11,10.82,0.26,2.63,2.34,26.51,5.68,14.8,20.66,53.02,25.02,0.93,0.56,0.0,11.0,1.15,0.0,0.0,20.8,27.58,0.0,3.43,3.49
8484150,H. Brzustewicz,CGY,D,18,839.22,0.06,0.06,0.11,0.94,0.5,0.44,-0.06,0.0,0.0,0.0,0.0,2.61,0.07,0.94,0.06,0.44,0.5,2.67,0.89,0.06,0.0,0.0,0.28,0.0,0.78,0.0,9.5,15.06,0.07,3.0,2.64,28.72,5.89,15.28,19.5,56.28,26.67,1.44,0.61,0.0,12.28,1.11,0.0,0.0,21.31,23.2,0.0,4.72,2.69
8484153,L. Carlsson,ANA,F,44,1168.45,0.41,0.59,1.0,2.43,0.18,0.34,0.07,0.66,0.0,0.0,0.0,3.39,0.21,2.5,0.66,0.34,0.18,4.73,2.48,0.02,0.0,0.0,0.93,0.02,1.18,0.43,12.16,20.83,0.79,3.75,2.3,29.45,6.34,16.32,18.48,57.14,27.84,0.66,0.95,0.0,12.27,1.27,0.0,0.0,20.77,26.13,0.0,7.9,8.96
8484158,E. Cowan,TOR,F,43,811.44,0.16,0.23,0.4,1.51,1.05,0.53,0.05,0.33,0.0,0.0,0.0,3.12,0.11,1.53,0.35,0.53,1.05,2.74,1.44,0.09,0.0,0.0,0.63,0.05,1.0,0.14,2.51,4.28,0.32,3.26,2.59,31.3,6.16,17.19,17.74,61.21,30.14,0.72,0.44,0.0,11.02,0.79,0.0,0.0,21.58,29.69,0.0,4.33,4.09
8484160,N. Danielson,DET,F,28,663.18,0.07,0.18,0.25,1.11,0.29,0.32,-0.25,0.14,0.0,0.0,0.0,3.07,0.1,1.11,0.18,0.32,0.29,2.11,1.0,0.07,0.04,0.0,0.5,0.0,0.61,0.29,5.67,6.51,0.22,3.29,2.54,28.0,6.29,18.75,20.64,58.61,26.64,0.86,0.5,0.0,11.29,0.86,0.0,0.0,19.37,25.79,0.0,3.68,3.65
8484164,D. Dvorsky,STL,F,46,870.87,0.2,0.13,0.33,1.33,1.41,0.37,-0.09,0.39,0.0,0.0,0.0,2.48,0.1,1.35,0.3,0.37,1.41,2.24,1.24,0.09,0.02,0.0,0.35,0.02,0.72,0.13,3.54,6.43,0.3,3.35,2.19,28.37,5.59,16.43,17.61,56.46,26.78,1.04,0.54,0.0,10.8,1.04,0.0,0.0,21.38,29.94,0.0,3.96,4.76
8484166,A. Fantilli,CBJ,F,54,1126.17,0.24,0.41,0.65,2.67,1.52,0.65,-0.17,0.39,0.0,0.0,0.0,3.19,0.26,2.76,0.59,0.65,1.52,5.57,2.72,0.02,0.02,0.0,1.15,0.04,1.07,0.33,12.1,24.46,0.61,3.28,2.21,30.87,5.78,16.28,17.46,59.35,29.41,0.96,0.5,0.0,10.8,1.13,0.0,0.0,20.62,29.53,0.0,8.77,11.26
8484168,O. Fisker Molgaard,SEA,F,2,360.0,0.0,0.5,0.5,0.5,0.5,0.0,0.5,0.0,0.0,0.0,0.0,3.0,0.02,0.5,0.0,0.0,0.5,1.0,0.5,0.0,0.0,0.0,0.0,0.0,0.5,0.5,0.0,0.0,0.37,2.0,2.55,28.0,4.5,11.5,13.5,56.5,27.0,0.5,0.5,0.0,10.0,0.5,0.0,0.0,22.4,23.69,0.0,1.5,0.6
8484170,J. Fowler,MTL,G,15,2380.73,0.0,0.0,0.0,0.0,0.0,0.0,0.0,0.0,0.0,0.0,0.0,3.6,0.0,0.0,0.0,0.0,0.0,0.0,0.0,0.0,0.0,0.0,0.0,0.0,0.0,0.0,0.0,0.0,0.82,3.07,2.55,17.6,0.0,0.0,0.0,0.0,0.0,0.0,0.0,0.0,0.0,0.0,0.0,0.0,0.0,0.0,0.0,0.0,0.0
8484177,L. Hameenaho,NJD,F,7,769.71,0.29,0.29,0.57,1.43,0.43,0.71,0.14,0.0,0.0,0.0,0.0,2.57,0.08,1.43,0.29,0.71,0.43,2.43,1.29,0.14,0.0,0.0,0.71,0.0,0.86,0.29,4.43,7.57,0.47,2.86,2.02,25.43,5.57,13.86,20.29,50.14,24.29,0.86,0.29,0.0,9.57,1.14,0.0,0.0,24.35,31.51,0.0,4.64,4.17
8484180,S. Honzek,CGY,F,18,740.5,0.11,0.11,0.22,1.22,1.94,0.33,0.06,0.11,0.0,0.0,0.0,2.11,0.09,1.22,0.39,0.33,1.94,2.28,1.17,0.06,0.0,0.0,0.56,0.11,0.5,0.06,7.11,13.83,0.25,3.0,2.36,28.78,5.83,15.5,19.72,54.22,26.5,1.33,0.94,0.0,10.94,1.17,0.0,0.0,19.34,25.22,0.0,3.94,3.39
8484185,N. Lardis,CHI,F,21,759.14,0.24,0.1,0.33,1.52,1.57,0.33,-0.38,0.29,0.0,0.0,0.0,2.38,0.11,1.71,0.38,0.33,1.57,3.29,1.67,0.0,0.05,0.0,0.76,0.0,0.43,0.24,11.85,38.27,0.38,3.33,2.55,29.1,7.05,13.62,22.33,54.43,27.67,1.1,0.33,0.0,11.52,1.05,0.0,0.0,19.14,33.53,0.0,6.07,4.6
8484186,R. Leonard,WSH,F,50,866.04,0.2,0.4,0.6,1.98,1.4,0.36,0.06,0.56,0.0,0.0,0.0,3.4,0.14,2.0,0.34,0.36,1.4,4.28,1.94,0.06,0.0,0.0,0.94,0.02,1.06,0.2,10.14,17.77,0.49,3.0,2.55,28.02,6.36,17.14,18.76,57.36,26.74,0.72,0.56,0.0,11.24,1.02,0.0,0.0,19.95,28.72,0.0,7.27,5.56
8484197,O. Moore,CHI,F,44,787.41,0.11,0.25,0.36,1.16,0.52,0.3,-0.36,0.39,0.0,0.0,0.0,2.64,0.08,1.23,0.25,0.3,0.52,2.16,1.2,0.0,0.02,0.0,0.43,0.02,0.82,0.32,8.66,20.56,0.28,3.32,2.58,30.16,7.09,13.95,22.98,56.09,28.39,1.25,0.52,0.0,11.66,1.05,0.0,0.0,20.0,29.59,0.0,3.86,3.11
8484203,B. Nadeau,CAR,F,8,711.0,0.25,0.0,0.25,1.0,1.5,0.5,-0.25,0.0,0.0,0.0,0.0,3.12,0.11,1.0,0.25,0.5,1.5,2.5,0.88,0.12,0.0,0.0,0.12,0.0,0.88,0.0,4.38,10.75,0.19,3.38,2.47,27.5,8.12,13.62,27.0,51.5,25.38,1.25,0.88,0.0,11.38,0.88,0.0,0.0,19.42,23.07,0.0,4.59,4.44
8484210,G. Perreault,NYR,F,23,893.57,0.13,0.22,0.35,1.3,0.78,0.61,-0.13,0.17,0.0,0.0,0.0,3.3,0.12,1.3,0.35,0.61,0.78,2.48,1.26,0.04,0.0,0.0,0.52,0.04,0.65,0.22,9.41,9.76,0.32,3.83,2.68,29.61,7.17,15.91,20.17,58.48,28.52,0.65,0.43,0.0,10.96,0.65,0.0,0.0,19.24,26.0,0.0,4.24,4.51
8484214,L. Pinelli,CBJ,F,3,826.0,0.0,0.0,0.0,2.0,0.67,0.33,-0.33,0.0,0.0,0.0,0.0,3.0,0.18,2.0,0.67,0.33,0.67,3.33,2.0,0.0,0.0,0.0,1.0,0.0,1.0,0.0,1.67,2.67,0.04,3.0,2.49,27.0,6.67,13.67,20.67,55.0,25.33,1.0,0.67,0.0,13.33,1.33,0.0,0.0,18.89,30.2,0.0,5.83,6.8
8484221,C. Ritchie,NYI,F,40,731.88,0.18,0.2,0.38,1.27,0.28,0.52,-0.12,0.4,0.0,0.0,0.0,2.75,0.12,1.3,0.4,0.52,0.28,1.95,1.3,0.0,0.0,0.0,0.38,0.02,0.72,0.08,6.3,7.82,0.3,2.58,2.26,27.98,5.4,16.38,17.9,57.88,26.58,1.02,0.38,0.0,11.52,0.65,0.0,0.0,19.01,30.04,0.0,3.44,5.16
8484223,A. Sandin-Pellikka,DET,D,57,1000.51,0.11,0.21,0.32,1.02,0.25,0.89,-0.32,0.28,0.0,0.0,0.0,3.04,0.08,1.02,0.11,0.89,0.25,2.88,1.0,0.0,0.02,0.0,0.49,0.04,0.93,0.14,10.11,7.45,0.23,3.0,2.55,27.98,5.93,18.25,21.11,58.47,26.53,0.81,0.65,0.0,11.51,0.88,0.0,0.0,18.69,25.02,0.0,4.99,3.3
8484227,W. Smith,SJS,F,41,1090.1,0.41,0.54,0.95,2.46,0.24,0.22,0.05,0.34,0.0,0.0,0.0,2.9,0.22,2.49,0.78,0.22,0.24,4.66,2.41,0.05,0.02,0.0,0.88,0.02,0.95,0.2,13.08,30.28,0.76,3.29,2.32,31.15,5.8,17.29,17.17,61.0,29.76,0.71,0.68,0.0,12.2,1.05,0.0,0.0,19.7,24.61,0.0,7.37,8.95
8484230,O. Stenberg,STL,F,18,840.0,0.06,0.39,0.44,0.94,1.83,0.56,0.22,0.0,0.0,0.0,0.0,2.28,0.11,0.94,0.17,0.56,1.83,2.33,0.89,0.06,0.0,0.0,0.44,0.06,0.44,0.11,8.09,7.56,0.4,3.11,2.05,28.33,4.89,15.56,16.78,56.72,26.67,1.06,0.61,0.0,10.17,1.06,0.0,0.0,22.38,31.83,0.0,4.14,5.21
8484240,T. Willander,VAN,D,44,904.75,0.09,0.27,0.36,0.89,0.25,0.93,-0.14,0.23,0.0,0.0,0.0,2.61,0.07,0.89,0.09,0.93,0.25,2.25,0.89,0.0,0.0,0.0,0.59,0.0,0.84,0.14,6.86,11.17,0.27,3.84,2.7,30.11,7.14,14.7,17.8,57.09,28.82,0.59,0.7,0.0,12.23,1.02,0.0,0.0,18.66,28.47,0.0,3.87,2.58
8484241,M. Wood,NSH,F,45,713.98,0.2,0.18,0.38,1.49,0.73,0.38,-0.07,0.04,0.0,0.0,0.0,3.04,0.14,1.51,0.53,0.38,0.73,2.56,1.49,0.02,0.0,0.0,0.53,0.0,0.56,0.07,5.76,10.26,0.35,3.29,2.02,29.04,5.38,12.62,19.56,51.62,27.78,0.73,0.53,0.0,10.47,1.13,0.0,0.0,20.7,26.31,0.0,5.05,6.68
8484255,J. Polin,COL,F,2,358.5,0.0,0.0,0.0,0.0,3.5,1.0,0.5,0.0,0.0,0.0,0.0,2.0,0.0,0.0,0.0,1.0,3.5,0.0,0.0,0.0,0.0,0.0,0.0,0.0,0.0,0.0,0.0,0.0,0.14,0.0,2.16,28.5,4.0,17.5,17.5,62.0,27.0,1.5,0.0,0.0,7.5,1.5,0.0,0.0,24.93,17.73,0.0,0.0,0.0
8484258,S. Malinski,COL,D,54,1015.76,0.06,0.41,0.46,1.98,0.46,1.17,0.57,0.33,0.0,0.0,0.0,3.85,0.14,1.98,0.07,1.17,0.46,4.65,1.96,0.02,0.0,0.0,0.69,0.09,0.96,0.28,12.91,15.17,0.43,2.52,2.34,26.98,5.67,15.06,20.59,53.78,25.5,0.94,0.54,0.0,10.67,1.17,0.0,0.0,20.69,27.24,0.0,8.13,5.51
8484262,T. Mitchell,NYI,D,9,692.22,0.11,0.0,0.11,0.44,1.44,0.67,0.0,0.67,0.0,0.0,0.0,3.11,0.05,0.44,0.11,0.67,1.44,1.33,0.44,0.0,0.0,0.0,0.0,0.0,0.67,0.0,12.04,6.67,0.09,3.0,2.25,30.11,5.67,18.0,18.78,62.11,28.44,1.11,0.56,0.0,12.89,1.0,0.0,0.0,18.69,30.36,0.0,2.28,2.1
8484268,N. Tolopilo,VAN,G,15,1974.27,0.0,0.0,0.0,0.0,0.0,0.0,0.0,0.0,0.0,0.0,0.0,1.87,0.0,0.0,0.0,0.0,0.0,0.0,0.0,0.0,0.0,0.0,0.0,0.0,0.0,0.0,0.0,0.0,1.14,3.6,2.81,18.47,0.0,0.0,0.0,0.0,0.0,0.0,0.0,0.0,0.0,0.0,0.0,0.0,0.0,0.0,0.0,0.0,0.0
8484287,C. McWard,NYI,D,3,824.0,0.0,0.0,0.0,0.33,1.33,1.67,0.33,0.0,0.0,0.0,0.0,4.67,0.01,0.33,0.0,1.67,1.33,0.33,0.33,0.0,0.0,0.0,0.33,0.0,1.0,0.67,0.0,0.0,0.06,1.67,2.86,31.33,5.33,19.33,18.67,68.33,28.0,3.0,0.33,0.0,17.0,0.67,0.0,0.0,17.21,23.1,0.0,0.47,0.2
8484304,U. Balinskis,FLA,D,46,966.04,0.09,0.17,0.26,1.11,1.26,0.72,-0.2,0.61,0.0,0.0,0.0,3.04,0.06,1.11,0.11,0.72,1.26,2.22,1.0,0.0,0.11,0.0,0.61,0.04,0.57,0.46,8.63,9.39,0.3,3.37,2.33,25.83,6.35,13.59,20.78,50.85,24.09,1.0,0.74,0.0,10.04,1.39,0.0,0.0,20.76,26.56,0.0,4.24,2.82
8484305,Z. Metsa,BUF,D,25,579.2,0.04,0.04,0.08,0.44,0.12,0.64,0.52,0.24,0.0,0.0,0.0,3.88,0.03,0.44,0.04,0.64,0.12,1.08,0.44,0.0,0.0,0.0,0.2,0.0,0.68,0.12,3.2,4.84,0.04,2.64,2.23,30.24,5.2,16.52,24.4,59.84,28.6,0.8,0.84,0.0,12.4,1.24,0.0,0.0,18.8,24.02,0.0,1.77,1.36
8484321,N. Matinpalo,OTT,D,30,913.33,0.0,0.13,0.13,0.63,0.9,1.1,0.0,0.33,0.0,0.0,0.0,3.1,0.06,0.63,0.03,1.1,0.9,2.13,0.57,0.03,0.03,0.0,0.5,0.0,0.57,0.23,5.52,6.95,0.16,3.33,1.84,25.2,4.9,14.63,23.73,48.53,23.77,0.73,0.7,0.0,11.2,0.9,0.0,0.0,20.75,31.19,0.0,4.04,3.24
8484386,D. Simashev,UTA,D,24,928.38,0.0,0.04,0.04,0.96,0.33,1.08,-0.38,0.75,0.0,0.0,0.0,3.12,0.06,0.96,0.12,1.08,0.33,1.75,0.92,0.04,0.0,0.0,0.42,0.04,1.08,0.04,7.4,9.42,0.01,3.12,1.89,24.92,4.83,14.96,22.29,50.08,23.33,1.17,0.42,0.0,10.62,1.54,0.0,0.0,21.8,26.75,0.0,3.65,3.42
8484387,M. Michkov,PHI,F,53,872.4,0.25,0.28,0.53,2.15,0.38,0.3,-0.13,0.92,0.0,0.0,0.0,2.96,0.17,2.26,0.43,0.3,0.38,3.96,2.23,0.04,0.0,0.0,0.79,0.02,1.04,0.23,8.09,20.37,0.43,3.28,2.37,26.08,5.74,16.09,20.74,54.26,24.89,0.66,0.53,0.0,11.13,1.23,0.0,0.0,21.59,29.24,0.0,7.04,6.64
8484388,D. But,UTA,F,28,755.32,0.11,0.14,0.25,1.54,0.57,0.64,0.07,0.29,0.0,0.0,0.0,3.32,0.19,1.54,0.43,0.64,0.57,3.43,1.43,0.11,0.0,0.0,0.71,0.0,0.64,0.14,6.49,5.87,0.26,2.54,2.12,27.61,4.54,16.11,20.96,56.07,26.0,0.96,0.64,0.0,11.32,1.21,0.0,0.0,18.87,28.48,0.0,5.69,8.45
8484403,F. Xhekaj,MTL,F,5,575.8,0.0,0.2,0.2,0.8,1.8,0.8,-0.2,1.4,0.0,0.0,0.0,3.4,0.08,0.8,0.2,0.8,1.8,1.8,0.8,0.0,0.0,0.0,0.6,0.0,0.8,0.0,0.0,0.0,0.17,3.6,2.64,31.2,6.0,19.8,17.4,64.0,30.4,0.4,0.4,0.0,12.2,0.4,0.0,0.0,19.93,31.63,0.0,2.64,3.18
8484428,C. Legault,CAR,D,8,796.12,0.12,0.12,0.25,1.25,1.12,0.75,0.5,1.25,0.0,0.0,0.0,3.62,0.08,1.25,0.12,0.75,1.12,2.88,1.0,0.0,0.25,0.0,0.88,0.0,1.0,0.5,7.0,9.56,0.24,2.75,2.21,28.62,6.62,13.38,23.88,51.75,26.5,1.25,0.88,0.0,10.88,0.62,0.0,0.0,19.84,23.04,0.0,5.32,3.55
8484471,E. Finnie,DET,F,57,934.79,0.16,0.21,0.37,1.56,1.46,0.54,-0.14,0.11,0.0,0.0,0.0,3.04,0.11,1.56,0.44,0.54,1.46,2.6,1.47,0.09,0.0,0.0,0.58,0.02,0.91,0.26,6.54,11.55,0.34,3.0,2.55,27.98,5.93,18.25,21.11,58.47,26.53,0.81,0.65,0.0,11.51,0.88,0.0,0.0,18.69,25.02,0.0,4.41,4.41
8484509,J. Samanski,EDM,F,3,549.67,0.0,0.33,0.33,0.0,0.67,0.0,0.67,0.0,0.0,0.0,0.0,4.67,0.01,0.0,0.0,0.0,0.67,0.67,0.0,0.0,0.0,0.0,0.0,0.0,0.0,0.33,3.33,2.0,0.28,4.67,1.76,30.33,5.67,12.0,19.67,52.0,29.33,0.67,0.33,0.0,11.33,1.33,0.0,0.0,27.37,33.11,0.0,1.1,0.63
8484529,C. Clattenburg,EDM,F,5,432.4,0.2,0.0,0.2,0.6,3.4,0.6,0.2,2.6,0.0,0.0,0.0,4.4,0.08,0.6,0.6,0.6,3.4,1.4,0.6,0.0,0.0,0.0,0.2,0.0,0.8,0.0,20.0,26.0,0.19,3.2,2.77,30.0,6.6,17.2,22.6,61.6,28.4,1.2,0.4,0.0,12.6,0.2,0.0,0.0,18.05,21.0,0.0,1.8,2.2
8484762,B. Sennecke,ANA,F,55,1044.18,0.33,0.47,0.8,2.25,1.07,0.29,-0.11,0.65,0.0,0.0,0.0,3.29,0.2,2.31,0.65,0.29,1.07,4.33,2.24,0.05,0.02,0.0,0.98,0.04,1.15,0.25,8.14,13.42,0.64,3.51,2.26,29.13,5.95,16.56,18.58,57.31,27.45,0.73,0.95,0.0,11.91,1.24,0.0,0.0,20.49,25.76,0.0,7.13,8.34
8484768,Z. Parekh,CGY,D,12,912.42,0.0,0.08,0.08,1.0,0.42,0.5,0.0,0.0,0.0,0.0,0.0,1.92,0.1,1.0,0.08,0.5,0.42,3.42,1.0,0.0,0.0,0.0,0.25,0.0,1.5,0.25,10.08,5.92,-0.03,3.33,2.26,28.33,5.42,15.67,20.33,52.67,25.75,1.17,1.42,0.0,10.17,1.0,0.0,0.0,19.06,22.59,0.0,6.01,4.08
8484779,J. Luchanko,PHI,F,4,538.0,0.0,0.0,0.0,0.25,0.5,0.75,-0.75,0.5,0.0,0.0,0.0,3.75,0.01,0.25,0.0,0.75,0.5,0.5,0.25,0.0,0.0,0.0,0.0,0.0,0.25,0.0,0.0,0.0,0.03,3.25,2.06,25.75,5.75,15.75,22.0,51.5,24.75,0.5,0.5,0.0,10.5,1.0,0.0,0.0,22.16,23.07,0.0,1.1,0.52
8484783,A. Levshunov,CHI,D,52,1151.37,0.04,0.37,0.4,1.27,1.19,0.98,-0.52,0.69,0.0,0.0,0.0,2.73,0.1,1.27,0.08,0.98,1.19,3.19,1.25,0.0,0.02,0.0,0.54,0.04,1.35,0.23,10.78,9.3,0.28,3.23,2.59,30.33,6.98,14.02,22.75,56.75,28.79,1.02,0.52,0.0,12.0,1.02,0.0,0.0,19.43,28.55,0.0,5.55,3.65
8484794,M. Brandsegg-Nygård,DET,F,9,747.0,0.0,0.11,0.11,1.56,3.11,0.33,-0.56,0.22,0.0,0.0,0.0,3.33,0.09,1.56,0.0,0.33,3.11,4.22,1.56,0.0,0.0,0.0,1.11,0.0,1.11,0.22,14.15,13.13,0.14,3.22,2.5,26.78,6.44,17.56,21.11,55.56,25.44,0.67,0.67,0.0,12.11,1.0,0.0,0.0,16.63,21.06,0.0,7.52,3.96
8484797,K. Helenius,BUF,F,7,731.71,0.14,0.43,0.57,2.0,0.86,0.29,0.14,0.0,0.0,0.0,0.0,4.0,0.08,2.0,0.14,0.29,0.86,3.0,1.71,0.14,0.14,0.0,0.86,0.0,0.86,0.14,5.93,5.43,0.48,2.29,2.15,30.71,4.29,15.86,27.57,59.0,29.14,1.0,0.57,0.0,14.29,1.86,0.0,0.0,17.44,22.74,0.0,4.93,4.16
8484798,Z. Buium,MIN/VAN,D,51,1153.57,0.1,0.29,0.39,0.96,0.29,0.61,-0.33,0.27,0.0,0.0,0.0,2.73,0.11,0.96,0.14,0.61,0.29,2.76,0.92,0.02,0.02,0.0,0.33,0.02,1.04,0.2,8.44,9.51,0.25,3.08,2.65,30.41,6.25,16.18,18.88,58.94,28.96,0.75,0.71,0.0,11.65,0.92,0.0,0.0,19.06,29.25,0.0,4.62,4.17
8484800,B. Catton,SEA,F,40,743.35,0.12,0.15,0.28,1.1,0.1,0.52,-0.08,0.4,0.0,0.0,0.0,2.92,0.12,1.1,0.35,0.52,0.1,2.35,1.1,0.0,0.0,0.0,0.32,0.02,0.5,0.2,5.78,11.21,0.25,2.92,2.31,28.78,5.4,16.82,20.1,59.0,27.5,0.72,0.55,0.0,12.45,1.4,0.0,0.0,20.24,28.62,0.0,3.82,4.76
8484801,M. Celebrini,SJS,F,54,1272.43,0.52,0.98,1.5,3.48,0.54,0.59,0.2,0.56,0.0,0.0,0.0,3.13,0.29,3.54,0.89,0.59,0.54,6.22,3.46,0.07,0.0,0.0,1.17,0.02,1.61,0.59,15.34,21.25,1.2,3.5,2.24,30.59,5.85,16.89,17.0,59.11,29.17,0.74,0.69,0.0,11.61,1.13,0.0,0.0,19.15,24.81,0.0,9.96,12.4
8484806,S. Dickinson,SJS,D,45,948.73,0.02,0.18,0.2,0.93,0.93,0.91,-0.04,0.31,0.0,0.0,0.0,3.11,0.08,0.93,0.09,0.91,0.93,2.24,0.87,0.02,0.04,0.0,0.47,0.0,1.07,0.24,10.58,9.45,0.14,3.51,2.26,30.82,6.0,16.91,16.91,59.67,29.49,0.64,0.69,0.0,11.8,1.09,0.0,0.0,19.5,24.91,0.0,3.8,3.29
8484821,S. Morton,CGY,F,3,560.0,0.0,0.0,0.0,1.0,3.0,0.33,-0.33,3.33,0.0,0.0,0.0,3.67,0.11,1.0,0.0,0.33,3.0,2.33,0.67,0.33,0.0,0.0,0.67,0.0,0.67,0.33,12.0,9.0,0.1,3.0,2.29,28.67,5.67,16.33,15.0,53.67,27.33,0.67,0.67,0.0,10.33,0.67,0.0,0.0,17.17,33.29,0.0,4.27,5.0
8484829,J. Hryckowian,DAL,F,55,740.71,0.15,0.18,0.33,1.0,1.53,0.44,-0.02,0.45,0.0,0.0,0.0,3.4,0.06,1.0,0.22,0.44,1.53,1.76,1.0,0.0,0.0,0.0,0.44,0.0,0.31,0.31,7.06,11.22,0.36,2.78,2.32,27.49,5.82,16.56,25.09,55.33,25.98,0.82,0.69,0.0,11.4,1.05,0.0,0.0,20.72,30.06,0.0,3.22,2.75
8484839,H. Brunicke,PIT,D,9,942.89,0.11,0.0,0.11,0.89,0.44,1.44,-0.44,0.67,0.0,0.0,0.0,3.44,0.06,0.89,0.11,1.44,0.44,2.33,0.89,0.0,0.0,0.0,0.44,0.0,1.56,0.11,1.56,6.89,0.01,2.67,2.07,29.0,4.67,18.33,26.78,58.33,27.78,1.0,0.22,0.0,12.22,1.67,0.0,0.0,19.5,21.28,0.0,4.09,3.76
8484860,M. Gridin,CGY,F,12,852.17,0.17,0.17,0.33,1.83,0.5,0.75,-0.75,0.0,0.0,0.0,0.0,2.08,0.13,1.92,0.25,0.75,0.5,4.0,1.83,0.0,0.08,0.0,0.75,0.0,1.42,0.33,17.25,25.14,0.25,3.42,2.57,28.5,6.08,16.75,20.33,57.17,26.42,1.25,0.83,0.0,11.0,0.92,0.0,0.0,19.13,27.8,0.0,6.84,5.28
8484901,J. Quillan,TOR,F,4,458.5,0.0,0.0,0.0,0.25,2.25,0.0,0.5,0.0,0.0,0.0,0.0,2.5,0.01,0.25,0.0,0.0,2.25,0.5,0.25,0.0,0.0,0.0,0.25,0.0,0.5,0.0,0.0,0.0,0.0,2.25,2.82,32.5,4.75,17.5,16.25,63.5,31.75,0.5,0.25,0.0,11.25,0.5,0.0,0.0,24.99,34.32,0.0,0.78,0.35
8484911,C. Graf,SJS,F,53,992.89,0.28,0.3,0.58,1.17,1.06,0.66,0.08,0.08,0.0,0.0,0.0,3.17,0.13,1.19,0.51,0.66,1.06,2.15,1.15,0.02,0.02,0.0,0.55,0.02,0.7,0.34,7.52,10.75,0.5,3.47,2.22,30.36,5.79,16.83,17.08,58.74,28.96,0.72,0.68,0.0,11.49,1.13,0.0,0.0,18.96,24.87,0.0,3.69,6.32
8484958,M. Tsyplakov,NYI/NJD,F,29,572.52,0.03,0.03,0.07,0.76,1.9,0.14,-0.34,0.21,0.0,0.0,0.0,2.83,0.09,0.76,0.14,0.14,1.9,1.79,0.62,0.1,0.03,0.0,0.24,0.03,0.55,0.1,7.03,9.52,0.09,2.97,2.32,28.55,6.24,16.38,19.55,57.31,27.41,0.86,0.28,0.0,12.0,0.93,0.0,0.0,17.74,24.02,0.0,3.06,3.99
8484984,I. Demidov,MTL,F,56,925.38,0.21,0.61,0.82,1.45,0.41,0.38,0.12,0.43,0.0,0.0,0.0,3.46,0.11,1.46,0.3,0.38,0.41,3.18,1.38,0.09,0.0,0.0,0.59,0.02,0.93,0.3,6.0,12.39,0.61,3.32,2.49,27.41,6.05,17.93,21.45,56.3,26.0,0.8,0.61,0.0,11.8,0.93,0.0,0.0,20.15,28.31,0.0,5.65,4.74
8484994,I. Chernyshov,SJS,F,15,947.2,0.2,0.53,0.73,1.8,0.6,0.33,0.13,0.13,0.0,0.0,0.0,3.73,0.19,1.8,0.53,0.33,0.6,3.2,1.73,0.07,0.0,0.0,0.93,0.07,1.0,0.0,9.65,10.07,0.54,3.93,1.98,29.07,5.6,16.2,16.67,54.6,27.53,0.8,0.73,0.0,9.8,1.33,0.0,0.0,17.8,26.66,0.0,5.81,9.16
8485366,M. Schaefer,NYI,D,56,1440.62,0.27,0.39,0.66,2.41,0.46,1.3,0.11,0.5,0.0,0.0,0.0,2.88,0.19,2.41,0.34,1.3,0.46,5.45,2.27,0.02,0.12,0.0,0.91,0.02,1.18,0.48,10.38,16.44,0.6,2.8,2.3,28.25,5.82,16.5,19.55,57.2,26.93,0.96,0.36,0.0,11.93,0.89,0.0,0.0,19.16,27.67,0.0,8.81,7.65
8485385,B. Cootes,VAN,F,3,646.67,0.0,0.0,0.0,0.0,1.0,0.33,-0.67,0.0,0.0,0.0,0.0,2.67,0.0,0.0,0.0,0.33,1.0,0.0,0.0,0.0,0.0,0.0,0.0,0.0,1.33,0.0,0.0,0.0,-0.15,3.0,3.09,30.33,6.67,17.0,26.33,60.33,27.0,2.67,0.67,0.0,11.0,2.0,0.0,0.0,21.02,29.69,0.0,0.0,0.0
8485402,M. Misa,SJS,F,17,710.47,0.12,0.35,0.47,1.35,0.41,0.53,0.18,0.24,0.0,0.0,0.0,2.94,0.18,1.35,0.24,0.53,0.41,2.53,1.35,0.0,0.0,0.0,0.71,0.06,0.65,0.0,4.87,4.12,0.38,3.65,2.19,28.94,5.59,15.94,17.82,57.12,27.59,0.82,0.53,0.0,10.53,1.18,0.0,0.0,19.51,23.07,0.0,4.91,9.11
8485405,B. Martin,NSH,F,3,685.0,0.0,0.33,0.33,0.67,0.0,0.67,0.0,0.0,0.0,0.0,0.0,2.0,0.02,0.67,0.0,0.67,0.0,1.0,0.67,0.0,0.0,0.0,0.33,0.0,1.33,0.0,0.0,0.0,0.12,3.0,2.05,31.33,4.67,16.0,24.0,57.0,30.0,1.0,0.33,0.0,10.67,1.67,0.0,0.0,20.57,23.54,0.0,1.6,0.8
8485414,B. Kindel,PIT,F,51,924.84,0.24,0.25,0.49,2.06,0.39,0.84,-0.12,0.31,0.0,0.0,0.0,3.35,0.15,2.06,0.53,0.84,0.39,3.57,1.92,0.14,0.0,0.0,0.53,0.0,0.98,0.29,8.97,13.07,0.44,3.0,2.15,27.31,5.49,16.55,21.0,56.04,26.27,0.73,0.31,0.0,10.88,1.1,0.0,0.0,20.92,28.82,0.0,6.14,7.08
8485465,O. Say,CGY,G,1,0.0,0.0,0.0,0.0,0.0,0.0,0.0,0.0,0.0,0.0,0.0,0.0,1.0,0.0,0.0,0.0,0.0,0.0,0.0,0.0,0.0,0.0,0.0,0.0,0.0,0.0,0.0,0.0,0.0,2.59,5.0,2.59,0.0,0.0,0.0,0.0,0.0,0.0,0.0,0.0,0.0,0.0,0.0,0.0,0.0,0.0,0.0,0.0,0.0,0.0
8485473,I. Posch,COL,G,1,0.0,0.0,0.0,0.0,0.0,0.0,0.0,0.0,0.0,0.0,0.0,0.0,4.0,0.0,0.0,0.0,0.0,0.0,0.0,0.0,0.0,0.0,0.0,0.0,0.0,0.0,0.0,0.0,0.0,2.11,1.0,2.11,0.0,0.0,0.0,0.0,0.0,0.0,0.0,0.0,0.0,0.0,0.0,0.0,0.0,0.0,0.0,0.0,0.0,0.0
8485493,D. Tomasek,EDM,F,22,645.5,0.14,0.09,0.23,1.36,0.77,0.27,-0.27,0.45,0.0,0.0,0.0,3.5,0.12,1.41,0.23,0.27,0.77,2.59,1.36,0.0,0.05,0.0,0.73,0.0,0.55,0.14,6.25,11.59,0.23,3.77,2.25,27.05,5.64,15.5,19.45,53.59,26.0,0.77,0.27,0.0,10.59,0.95,0.0,0.0,21.51,30.49,0.0,4.62,5.35
8485511,Q. Hutson,EDM,F,4,479.75,0.25,0.0,0.25,0.75,0.0,0.25,-0.25,0.0,0.0,0.0,0.0,3.25,0.08,0.75,0.25,0.25,0.0,1.25,0.75,0.0,0.0,0.0,0.0,0.0,0.75,0.0,8.5,11.5,0.15,3.75,2.47,30.5,6.0,16.5,22.25,56.25,29.0,0.5,1.0,0.0,11.25,0.5,0.0,0.0,20.08,19.48,0.0,2.25,3.15
8485512,T. Washe,ANA,F,12,710.75,0.08,0.0,0.08,0.58,2.67,0.92,-0.17,0.0,0.0,0.0,0.0,3.0,0.08,0.58,0.17,0.92,2.67,1.5,0.58,0.0,0.0,0.0,0.5,0.0,0.33,0.33,8.04,7.12,0.2,2.92,2.29,29.33,5.08,17.67,17.58,59.42,27.5,0.83,1.0,0.0,10.75,1.17,0.0,0.0,20.06,27.92,0.0,2.58,3.26
8485702,M. Shabanov,NYI,F,40,837.45,0.1,0.3,0.4,1.27,0.6,0.32,-0.08,0.05,0.0,0.0,0.0,2.72,0.11,1.27,0.22,0.32,0.6,2.6,1.25,0.02,0.0,0.0,0.48,0.08,0.82,0.25,11.79,10.78,0.31,2.72,2.29,28.2,5.68,16.85,19.2,57.9,26.8,1.08,0.32,0.0,12.12,1.0,0.0,0.0,19.19,27.65,0.0,4.42,4.8
8485729,S. Berezhnoy,CHI,G,1,0.0,0.0,0.0,0.0,0.0,0.0,0.0,0.0,0.0,0.0,0.0,0.0,3.0,0.0,0.0,0.0,0.0,0.0,0.0,0.0,0.0,0.0,0.0,0.0,0.0,0.0,0.0,0.0,0.0,3.77,0.0,3.77,0.0,0.0,0.0,0.0,0.0,0.0,0.0,0.0,0.0,0.0,0.0,0.0,0.0,0.0,0.0,0.0,0.0,0.0
8485907,C. McIntyre,UTA,G,1,0.0,0.0,0.0,0.0,0.0,0.0,0.0,0.0,0.0,0.0,0.0,0.0,0.0,0.0,0.0,0.0,0.0,0.0,0.0,0.0,0.0,0.0,0.0,0.0,0.0,0.0,0.0,0.0,0.0,1.66,1.0,1.66,0.0,0.0,0.0,0.0,0.0,0.0,0.0,0.0,0.0,0.0,0.0,0.0,0.0,0.0,0.0,0.0,0.0,0.0
